categoria,archivo,url,fecha,extra_info,paginas,fragmento
ordenes,20251125 ORDEN DEL DIA 25-11-2025 DIGITAL_ocred.pdf,https://drive.google.com/drive/u/5/search?q=parent%3A1oWFnT-KijLjl315q-EcoDCi9XNRANTeJ%20title%3A%2220251125%20ORDEN%20DEL%20DIA%2025-11-2025%20DIGITAL_ocred.pdf%22,2026-06-17,,64,"HONORABLE CONCEJO
DELIBERANTE

DE QUILMES

An02026 LA SO años del Dictadura Ciico-Malar | Memara, Verdad y Justicia

SESION ORDINARIA DEL DIA 10 DE MARZO DE 2026 A LAS 10 HS.

APROBACION DE ACTAS: 25-"
ordenes,20250311-ORDEN DEL DIA 11-03-2025.pdf,https://drive.google.com/drive/u/5/search?q=parent%3A1oWFnT-KijLjl315q-EcoDCi9XNRANTeJ%20title%3A%2220250311-ORDEN%20DEL%20DIA%2011-03-2025.pdf%22,2026-06-17,,53,"DELIBERANTE
DE QUILMES

HONORABLE CONCEJO

HONORABLE CONCEJO DELIBERANTE

SESIÓN ORDINARIA

Martes 25 de marzo de 2025

Versión Taquigráfica
(Pendiente de aprobación por parte del Honorable Concejo De"
ordenes,20250624-ORDEN DEL DIA 24-06-2025_ocred.pdf,https://drive.google.com/drive/u/5/search?q=parent%3A1oWFnT-KijLjl315q-EcoDCi9XNRANTeJ%20title%3A%2220250624-ORDEN%20DEL%20DIA%2024-06-2025_ocred.pdf%22,2026-06-17,,39,"HONORABLE CONCEJO
DELIBERANTE
DE QUILMES

2025 - Homenaje a la memoria y legado
de su Santidad Papa Francisco

SESION ORDINARIA DEL DIA 08 DE JULIO DE 2025 ALAS 11 HS.

APROBACION DE ACTA: 24-06-25 (O"
ordenes,20241112 ORDEN DEL DIA 12-11-24_ocred.pdf,https://drive.google.com/drive/u/5/search?q=parent%3A1oWFnT-KijLjl315q-EcoDCi9XNRANTeJ%20title%3A%2220241112%20ORDEN%20DEL%20DIA%2012-11-24_ocred.pdf%22,2026-06-17,,64,"Honorable Concejo Deliberante

Duibnes

""2024 - 35"" Aniversario de la Universidad
Nacional de Quilmes”

SESION ORDINARIA DEL DIA 26 DE NOVIEMBRE DE 2024 A LAS 11 HS.

APROBACION DE ACTA: 12-11-2024 (O"
ordenes,20240710 ORDEN DEL DIA 10-07-2024_ocred.pdf,https://drive.google.com/drive/u/5/search?q=parent%3A1oWFnT-KijLjl315q-EcoDCi9XNRANTeJ%20title%3A%2220240710%20ORDEN%20DEL%20DIA%2010-07-2024_ocred.pdf%22,2026-06-17,,63,"Henorable Concejo Deliberante

""2024 - 35” Aniversario de la Universidad
Nacional de Quilmes”

SESION ORDINARIA DEL DIA 23 DE JULIO DE 2024 A LAS 11 HS.

APROBACION DE ACTAS: 10-07-24 (ORDINARIA).

TE"
ordenes,20240312-ORDEN DEL DIA 12-03-2024.pdf,https://drive.google.com/drive/u/5/search?q=parent%3A1oWFnT-KijLjl315q-EcoDCi9XNRANTeJ%20title%3A%2220240312-ORDEN%20DEL%20DIA%2012-03-2024.pdf%22,2026-06-17,,42,"SESION ORDINARIA DEL DIA 12_DE MARZO DE 2024 ALAS 11 HS.

APROBACION DE ACTAS: 27-11-23 (EXTRAORDINARIA);
28-11-23 (ORDINARIA);
06-12-23 (EXTRAORDINARIA);
06-12-23 (ASAMBLEA DE SEÑORAS Y SEÑORES
CONCE"
ordenes,20260526 - ORDEN DEL DIA 26-05-26 .pdf,https://drive.google.com/drive/u/5/search?q=parent%3A1oWFnT-KijLjl315q-EcoDCi9XNRANTeJ%20title%3A%2220260526%20-%20ORDEN%20DEL%20DIA%2026-05-26%20.pdf%22,2026-06-17,,67,"HONORABLE CONCEJO
DELIBERANTE

DE QUILMES

Ato2026|A5O años del Dictadura Cvio-Miltar | Memoria Verdad y Justa,

SESION ORDINARIA DEL DIA 09 DE JUNIO DE 2026 ALAS 10 HS.

APROBACION DE ACTAS: 26-05-20"
ordenes,20260312 - ORDEN DEL DIA PRIMER SESION MARZO 2026 (1).pdf,https://drive.google.com/drive/u/5/search?q=parent%3A1oWFnT-KijLjl315q-EcoDCi9XNRANTeJ%20title%3A%2220260312%20-%20ORDEN%20DEL%20DIA%20PRIMER%20SESION%20MARZO%202026%20%281%29.pdf%22,2026-06-17,,62,"HONORABLE CONCEJO
DELIBERANTE

DE QUILMES

Año2026|A50 años dela Dictadura Ciico-Mltar | Memoria, Verda y Justa

SESION ORDINARIA DEL DIA 25 DE MARZO DE 2026 ALAS 10 HS.

TEMAS A TRATAR:
I- HOMENAJES."
ordenes,20250826 ORDEN DEL DIA 26-08-2025_ocred.pdf,https://drive.google.com/drive/u/5/search?q=parent%3A1oWFnT-KijLjl315q-EcoDCi9XNRANTeJ%20title%3A%2220250826%20ORDEN%20DEL%20DIA%2026-08-2025_ocred.pdf%22,2026-06-17,,50,"HONORABLE CONCEJO
DELIBERANTE

DE QUILMES

2025 - Homenaje a la memoria y legado
de su Santidad Papa Francisco

SESION ORDINARIA DEL DIA 09 DE SEPTIEMBRE DE 2025 ALAS 11 HS.

APROBACION DE ACTAS: 12-0"
ordenes,20241022 ORDEN DEL DIA 22-10-24_ocred.pdf,https://drive.google.com/drive/u/5/search?q=parent%3A1oWFnT-KijLjl315q-EcoDCi9XNRANTeJ%20title%3A%2220241022%20ORDEN%20DEL%20DIA%2022-10-24_ocred.pdf%22,2026-06-17,,61,"Duitmes
""2024 - 35* Aniversario de la Universidad
Nacional de Quilmes”

SESION ORDINARIA DEL DIA 12 DE NOVIEMBRE DE 2024 A LAS 11 HS.

APROBACION DE ACTAS: 22-10-2024 (ORDINARIA);
22-10-2024 (EXTRAORD"
ordenes,20260512 - ORDEN 12-05-26.pdf,https://drive.google.com/drive/u/5/search?q=parent%3A1oWFnT-KijLjl315q-EcoDCi9XNRANTeJ%20title%3A%2220260512%20-%20ORDEN%2012-05-26.pdf%22,2026-06-17,,67,"HONORABLE CONCEJO
DELIBERANTE

DE QUILMES

Año20261 A50 años dela DictaduraCvico-Millr | Memoria, Verdad y Justicia

SESION ORDINARIA DEL DIA 26 DE MAYO DE 2026 ALAS 10 HS.

APROBACION DE ACTAS: 12-05"
ordenes,20240409 ORDEN DEL DIA 09-04-24_ocred.pdf,https://drive.google.com/drive/u/5/search?q=parent%3A1oWFnT-KijLjl315q-EcoDCi9XNRANTeJ%20title%3A%2220240409%20ORDEN%20DEL%20DIA%2009-04-24_ocred.pdf%22,2026-06-17,,56,"Honorable Genero Deliberante

SESION ORDINARIA DEL DÍA 23 DE ABRIL DE 2024 ALAS 11 HS.

APROBACION DE ACTAS: 03-04-24 (ESPECIAL);
09-04-24 (ORDINARIA).

TEMAS A TRATAR:

l HOMENAJES.

ll- INFORMES, CO"
ordenes,20240423-ORDEN DEL DIA 23-04-24.pdf,https://drive.google.com/drive/u/5/search?q=parent%3A1oWFnT-KijLjl315q-EcoDCi9XNRANTeJ%20title%3A%2220240423-ORDEN%20DEL%20DIA%2023-04-24.pdf%22,2026-06-17,,108,"¡0

""2024-35"" Aniversario de la Universidad
Nacional de Quilmes”

SESION ORDINARIA DEL DIA 14 DE MAYO DE 2024 A LAS 11 HS.

APROBACION DE ACTAS: 12-04-2024 (ASAMBLEA DE SEÑORAS Y SEÑORES
CONCEJALES Y "
ordenes,20250909 ORDEN DEL DIA  09-09-2025_ocred.pdf,https://drive.google.com/drive/u/5/search?q=parent%3A1oWFnT-KijLjl315q-EcoDCi9XNRANTeJ%20title%3A%2220250909%20ORDEN%20DEL%20DIA%20%2009-09-2025_ocred.pdf%22,2026-06-17,,45,"HONORABLE CONCEJO
DELIBERANTE

DE QUILMES

2025 - Homenaje a la memoria y legado
de su Santidad Papa Francisco

SESION ORDINARIA DEL DIA 23 DE SEPTIEMBRE DE 2025 ALAS 11 HS.

APROBACION DE ACTA: 09-09"
ordenes,20250812 ORDEN DEL DIA 12-08-2025.pdf,https://drive.google.com/drive/u/5/search?q=parent%3A1oWFnT-KijLjl315q-EcoDCi9XNRANTeJ%20title%3A%2220250812%20ORDEN%20DEL%20DIA%2012-08-2025.pdf%22,2026-06-17,,43,"HONORABLE CONCEJO
DELIBERANTE
DE QUILMES

2025 - Homenaje a la memoria y legado
de su Santidad Papa Francisco

SESION ORDINARIA DEL DIA 26 DE AGOSTO DE 2025 ALAS 11 HS.

APROBACION DE ACTA: 12-08-25 ("
ordenes,20250722 ORDEN DEL DIA 22-07-25_ocred.pdf,https://drive.google.com/drive/u/5/search?q=parent%3A1oWFnT-KijLjl315q-EcoDCi9XNRANTeJ%20title%3A%2220250722%20ORDEN%20DEL%20DIA%2022-07-25_ocred.pdf%22,2026-06-17,,87,"HONORABLE CONCEJO
DELIBERANTE

DE QUILMES

2025 - Homenaje a la memoria y legado
de su Santidad Papa Francisco

SESION ORDINARIA DEL DIA 12 DE AGOSTO DE 2025 ALAS 11 HS.

APROBACION DE ACTAS: 24-06-25"
ordenes,20250513 ORDEN DEL DIA  13-05-2025_ocred.pdf,https://drive.google.com/drive/u/5/search?q=parent%3A1oWFnT-KijLjl315q-EcoDCi9XNRANTeJ%20title%3A%2220250513%20ORDEN%20DEL%20DIA%20%2013-05-2025_ocred.pdf%22,2026-06-17,,35,"HONORABLE CONCEJO
DELIBERANTE

DE QUILMES

SESION ORDINARIA DEL DIA 27 DE MAYO DE 2025 A LAS 11 HS.

APROBACION DE ACTAS: 13-05-25 (ORDINARIA);
13-05-25 (ESPECIAL).

TEMAS A TRATAR:

I- HOMENAJES.

ll"
ordenes,20240827 ORDEN DEL DIA 27-08-2024_ocred.pdf,https://drive.google.com/drive/u/5/search?q=parent%3A1oWFnT-KijLjl315q-EcoDCi9XNRANTeJ%20title%3A%2220240827%20ORDEN%20DEL%20DIA%2027-08-2024_ocred.pdf%22,2026-06-17,,32,"Honorable Concejo Deliberante

Duibnes

""2024 - 35? Aniversario de la Universidad
Nacional de Quilmes”

SESION ORDINARIA DEL DIA 10 DE SEPTIEMBRE DE 2024 ALAS 11 HS.

APROBACION DE ACTAS: 13-08-24(ORD"
ordenes,20260325 - ORDEN DEL DIA 25-03-26.pdf,https://drive.google.com/drive/u/5/search?q=parent%3A1oWFnT-KijLjl315q-EcoDCi9XNRANTeJ%20title%3A%2220260325%20-%20ORDEN%20DEL%20DIA%2025-03-26.pdf%22,2026-06-17,,71,"HONORABLE CONCEJO
DELIBERANTE

DE QUILMES

Año 2026 1A5O años dela Dictadura Cvico-Miltar | Memoria, Verdad y Justicia

SESION ORDINARIA DEL DIA 14 DE ABRIL DE 2026 ALAS 10 HS.

APROBACION DE ACTAS: 1"
ordenes,20250422 ORDEN DEL DIA 22-04-2025_ocred.pdf,https://drive.google.com/drive/u/5/search?q=parent%3A1oWFnT-KijLjl315q-EcoDCi9XNRANTeJ%20title%3A%2220250422%20ORDEN%20DEL%20DIA%2022-04-2025_ocred.pdf%22,2026-06-17,,50,"HONORABLE CONCEJO
DELIBERANTE
DE QUILMES

SESION ORDINARIA DEL DIA 13 DE MAYO DE 2025 ALAS 11 HS.

APROBACION DE ACTAS: 04-04-25 (ESPECIAL);

08-04-25 (ORDINARIA);

22-04-25 (ORDINARIA S/QUORUM).
TEMA"
ordenes,20240625 ORDEN DEL DIA 25-06-2024_ocred.pdf,https://drive.google.com/drive/u/5/search?q=parent%3A1oWFnT-KijLjl315q-EcoDCi9XNRANTeJ%20title%3A%2220240625%20ORDEN%20DEL%20DIA%2025-06-2024_ocred.pdf%22,2026-06-17,,68,"""2024 - 35"" Aniversario de la Universidad
Nacional de Quilmes""

SESION ORDINARIA DEL DIA 10_DE JULIO DE 2024 A LAS 11 HS.

APROBACION DE ACTAS: 11-06-24 (ORDINARIA),
25-06-24 (ORDINARIA S/QUORUM),
01-"
ordenes,20251111 ORDEN DEL DIA 11-11-2025_ocred.pdf,https://drive.google.com/drive/u/5/search?q=parent%3A1oWFnT-KijLjl315q-EcoDCi9XNRANTeJ%20title%3A%2220251111%20ORDEN%20DEL%20DIA%2011-11-2025_ocred.pdf%22,2026-06-17,,240,"HONORABLE CONCEJO
DELIBERANTE

DE QUILMES

2025 - Homenaje a la memoria y legado
de su Santidad Papa Francisco

SESION ORDINARIA DEL DIA 25 DE NOVIEMBRE DE 2025 ALAS 11 HS.

APROBACION DE ACTAS: 11-11"
ordenes,20250708 ORDEN DEL DIA 08-07-2025 (1)_ocred.pdf,https://drive.google.com/drive/u/5/search?q=parent%3A1oWFnT-KijLjl315q-EcoDCi9XNRANTeJ%20title%3A%2220250708%20ORDEN%20DEL%20DIA%2008-07-2025%20%281%29_ocred.pdf%22,2026-06-17,,57,"HONORABLE CONCEJO
DELIBERANTE

DE QUILMES

2025 - Homenaje a la memoria y legado
de su Santidad Papa Francisco

SESION ORDINARIA DEL DIA 22 DE JULIO DE 2025 A LAS 11 HS.

APROBACION DE ACTAS: 24-06-25"
ordenes,20240611 ORDEN DEL DIA SESION ORDINARIA 11-06-24_ocred.pdf,https://drive.google.com/drive/u/5/search?q=parent%3A1oWFnT-KijLjl315q-EcoDCi9XNRANTeJ%20title%3A%2220240611%20ORDEN%20DEL%20DIA%20SESION%20ORDINARIA%2011-06-24_ocred.pdf%22,2026-06-17,,29,"Henorablo Concejo Deliberante

""2024 - 35” Aniversario de la Universidad
Nacional de Quilmes""

SESION ORDINARIA DEL DIA 25 DE JUNIO DE 2024 A LAS 11 HS.

APROBACION DE ACTA: 11-06-24 (ORDINARIA).

TEM"
ordenes,20241126 ORDEN DEL DIA 26-11-2024-1_ocred.pdf,https://drive.google.com/drive/u/5/search?q=parent%3A1oWFnT-KijLjl315q-EcoDCi9XNRANTeJ%20title%3A%2220241126%20ORDEN%20DEL%20DIA%2026-11-2024-1_ocred.pdf%22,2026-06-17,,33,"HONORABLE CONCEJO
DELIBERANTE
DE QUILMES

SESION ORDINARIA DEL DIA 11 DE MARZO DE 2025 ALAS 11 HS.

APROBACION DE ACTAS: 26-11-24 (ORDINARIA);
28-11-24 (ESPECIAL);
02-12-24 (EXTRAORDINARIA):
16-12-24 "
ordenes,20250325-25 DE MARZO DE 2025 (Ordinaria).pdf,https://drive.google.com/drive/u/5/search?q=parent%3A1oWFnT-KijLjl315q-EcoDCi9XNRANTeJ%20title%3A%2220250325-25%20DE%20MARZO%20DE%202025%20%28Ordinaria%29.pdf%22,2026-06-17,,14,"HONORABLE CONCEJO
DELIBERANTE

DE QUILMES

SESION ORDINARIA DEL DIA 08 DE ABRIL DE 2025 ALAS 11 HS.

APROBACION DE ACTAS: 25-03-25 (ORDINARIA);
25-03-25 (ESPECIAL).

TEMAS A TRATAR:
I- HOMENAJES.

II-"
ordenes,20240924 ORDEN DEL DIA 24-09-2024_ocred.pdf,https://drive.google.com/drive/u/5/search?q=parent%3A1oWFnT-KijLjl315q-EcoDCi9XNRANTeJ%20title%3A%2220240924%20ORDEN%20DEL%20DIA%2024-09-2024_ocred.pdf%22,2026-06-17,,41,"Honorable Concejo Deliberante

Duitmes
""2024 - 35* Aniversario de la Universidad
Nacional de Quilmes”

SESION ORDINARIA DEL DIA 8 DE OCTUBRE DE 2024 ALAS 11 HS.

APROBACION DE ACTA: 24-09-2024 (ORDINA"
ordenes,20240813 ORDEN DEL DIA 13-08-2024_ocred.pdf,https://drive.google.com/drive/u/5/search?q=parent%3A1oWFnT-KijLjl315q-EcoDCi9XNRANTeJ%20title%3A%2220240813%20ORDEN%20DEL%20DIA%2013-08-2024_ocred.pdf%22,2026-06-17,,46,"Da ¿lbmes

""2024-35"" Aniversario de la Universidad
Nacional de Quilmes”

SESION ORDINARIA DEL DIA 27 DE AGOSTO DE 2024 A LAS 11 HS.

TEMAS A TRATAR:

I- HOMENAJES.

II- INFORMES, COMUNICACIONES Y PROY"
ordenes,20251028 ORDEN DEL DIA 28-10-2025_ocred.pdf,https://drive.google.com/drive/u/5/search?q=parent%3A1oWFnT-KijLjl315q-EcoDCi9XNRANTeJ%20title%3A%2220251028%20ORDEN%20DEL%20DIA%2028-10-2025_ocred.pdf%22,2026-06-17,,50,"HONORABLE CONCEJO
DELIBERANTE

DE QUILMES

2025 - Homenaje a la memoria y legado
de su Santidad Papa Francisco

SESION ORDINARIA DEL DIA 11 DE NOVIEMBRE DE 2025 A LAS 11 HS.

APROBACION DE ACTA: 28-10"
ordenes,20250527-ORDEN DEL DIA 27 DE MAYO DE 2025.pdf,https://drive.google.com/drive/u/5/search?q=parent%3A1oWFnT-KijLjl315q-EcoDCi9XNRANTeJ%20title%3A%2220250527-ORDEN%20DEL%20DIA%2027%20DE%20MAYO%20DE%202025.pdf%22,2026-06-17,,26,"HONORABLE CONCEJO
DELIBERANTE

DE QUILMES

SESION ORDINARIA DEL DIA 10 DE JUNIO DE 2025 ALAS 11 HS.

APROBACION DE ACTA: 27-05-25 (ORDINARIA).

TEMAS A TRATAR:

I- HOMENAJES.

II- INFORMES, COMUNICACI"
ordenes,20250408 ORDEN DEL DIA 8 DE ABRIL DE 2025_ocred.pdf,https://drive.google.com/drive/u/5/search?q=parent%3A1oWFnT-KijLjl315q-EcoDCi9XNRANTeJ%20title%3A%2220250408%20ORDEN%20DEL%20DIA%208%20DE%20ABRIL%20DE%202025_ocred.pdf%22,2026-06-17,,14,"TES
«0 N HONORABLE CONCEJO
P DELIBERANTE
DE QUILMES

SESION ORDINARIA DEL DIA 22 DE ABRIL DE 2025 ALAS 11 HS.

APROBACION DE ACTAS: 04-04-25 (ESPECIAL);
08-04-25 (ORDINARIA).

TEMAS A TRATAR:
I- HOMEN"
ordenes,20240723 ORDEN DEL DIA 23-07-2024 (1)_ocred.pdf,https://drive.google.com/drive/u/5/search?q=parent%3A1oWFnT-KijLjl315q-EcoDCi9XNRANTeJ%20title%3A%2220240723%20ORDEN%20DEL%20DIA%2023-07-2024%20%281%29_ocred.pdf%22,2026-06-17,,59,"HONORABLE CONCEJO
DELIBERANTE

DE QUILMES

SESION ORDINARIA DEL 13 DE AGOSTO DE 2024.-
SUMARIO

II- INFORMES, COMUNICACIONES Y PROYECTOS DEL DEPARTAMENTO
EJECUTIVO... PAG.1 APAG.5

Ill-PETICIONES Y AS"
ordenes,20240528 ORDEN DEL DIA SESION ORDINARIA 28-05-24_ocred.pdf,https://drive.google.com/drive/u/5/search?q=parent%3A1oWFnT-KijLjl315q-EcoDCi9XNRANTeJ%20title%3A%2220240528%20ORDEN%20DEL%20DIA%20SESION%20ORDINARIA%2028-05-24_ocred.pdf%22,2026-06-17,,78,"“2024 - 35"" Aniversario de la Universidad
Nacional de Quilmes”

SESION ORDINARIA DEL DIA 11 DE JUNIO DE 2024 A LAS 11 HS.

APROBACION DE ACTAS: 24-05-24 (ESPECIAL), 28-05-24 (ORDINARIA).

TEMAS A TRAT"
ordenes,20260428 - ORDEN DEL DIA 28-04-2026.pdf,https://drive.google.com/drive/u/5/search?q=parent%3A1oWFnT-KijLjl315q-EcoDCi9XNRANTeJ%20title%3A%2220260428%20-%20ORDEN%20DEL%20DIA%2028-04-2026.pdf%22,2026-06-17,,61,"HONORABLE CONCEJO
DELIBERANTE

DE QUILMES

Ao 202650 años del Dictadura Cvico-Miltar | Memoria, Verdad y Just,

SESION ORDINARIA DEL DIA 12 DE MAYO DE 2026 ALAS 10 HS.

APROBACION DE ACTAS: 14-04-2026"
ordenes,20250610 ORDEN DEL DIA 10-06-2025_ocred.pdf,https://drive.google.com/drive/u/5/search?q=parent%3A1oWFnT-KijLjl315q-EcoDCi9XNRANTeJ%20title%3A%2220250610%20ORDEN%20DEL%20DIA%2010-06-2025_ocred.pdf%22,2026-06-17,,45,"HONORABLE CONCEJO
DELIBERANTE

DE QUILMES

SESION ORDINARIA DEL DIA 24 DE JUNIO DE 2025 A LAS 11 HS.

APROBACION DE ACTAS: 27-05-25 (ORDINARIA);
10-06-25 (ORDINARIA S/QUORUM).

TEMAS A TRATAR:

I- HOM"
ordenes,20240514 ORDEN DEL DIA 14-05-24_ocred.pdf,https://drive.google.com/drive/u/5/search?q=parent%3A1oWFnT-KijLjl315q-EcoDCi9XNRANTeJ%20title%3A%2220240514%20ORDEN%20DEL%20DIA%2014-05-24_ocred.pdf%22,2026-06-17,,80,"<=4
""2024 - 35” Aniversario de la Universidad
Nacional de Quilmes”

SESION ORDINARIA DEL DIA 28 DE MAYO DE 2024 A LAS 11 HS.

APROBACION DE ACTAS: 14-05-2024 (ORDINARIA).

TEMAS A TRATAR:
I- HOMENAJES"
ordenes,20241008 ORDEN DEL DIA 08-10-24_ocred.pdf,https://drive.google.com/drive/u/5/search?q=parent%3A1oWFnT-KijLjl315q-EcoDCi9XNRANTeJ%20title%3A%2220241008%20ORDEN%20DEL%20DIA%2008-10-24_ocred.pdf%22,2026-06-17,,38,"Honorable Concejo Deliberante

Duilbmes

""2024 - 35"" Aniversario de la Universidad
Nacional de Quilmes""

SESION ORDINARIA DEL DIA 22 DE OCTUBRE DE 2024 ALAS 11 HS.

APROBACION DE ACTA: 08-10-2024 (ORD"
ordenes,20250923 ORDEN DEL DIA 23-09-2025_ocred.pdf,https://drive.google.com/drive/u/5/search?q=parent%3A1oWFnT-KijLjl315q-EcoDCi9XNRANTeJ%20title%3A%2220250923%20ORDEN%20DEL%20DIA%2023-09-2025_ocred.pdf%22,2026-06-17,,45,"HONORABLE CONCEJO
DELIBERANTE

DE QUILMES

2025 - Homenaje a la memoria y legado
de su Santidad Papa Francisco

SESION ORDINARIA DEL DIA 28 DE OCTUBRE DE 2025 ALAS 11 HS.

APROBACION DE ACTAS: 14-10-2"
ordenes,20240910 ORDEN DEL DIA 10-09-2024_ocred.pdf,https://drive.google.com/drive/u/5/search?q=parent%3A1oWFnT-KijLjl315q-EcoDCi9XNRANTeJ%20title%3A%2220240910%20ORDEN%20DEL%20DIA%2010-09-2024_ocred.pdf%22,2026-06-17,,39,"Duibmes
“2024 - 35* Aniversario de la Universidad
Nacional de Quilmes”

SESION ORDINARIA DEL DIA 24 DE SEPTIEMBRE DE 2024 ALAS 11 HS.

APROBACION DE ACTA: 10-09-2024 (ORDINARIA).
TEMAS A TRATAR:
I- HO"
ordenes,20260414 - ORDEN DEL DIA 14-04-2026.pdf,https://drive.google.com/drive/u/5/search?q=parent%3A1oWFnT-KijLjl315q-EcoDCi9XNRANTeJ%20title%3A%2220260414%20-%20ORDEN%20DEL%20DIA%2014-04-2026.pdf%22,2026-06-17,,51,"HONORABLE CONCEJO
DELIBERANTE
DE QUILMES

An02026 A SO años del Dictadura Ciico-Mitar | Mecca, Verdad y Justicia

SESION ORDINARIA DEL DIA 28 DE ABRIL DE 2026 ALAS 10 HS.

APROBACION DE ACTAS: 06-04-2"
boletines,20120103 - boletin-115.pdf,https://quilmes.gov.ar/pdf/boletines/boletin-115.pdf,,,420,"MUNICIPIO DE QUILMES
BOLETÍN OFICIAL
MUNICIPAL Nº 115
CONTIENE ORDENANZA MUNICIPAL
Nº 11816
PRESUPUESTO DE GASTOS PARA EL EJERCICIO AÑO 2012
INFORMACIÓN LEGISLATIVA
Publicado el 03 de enero de 2012"
boletines,20200810 - boletin-339.pdf,https://quilmes.gov.ar/pdf/boletines/boletin-339.pdf,,,15,"Municipio de Quilmes
Boletín Oficial
Edición Nº339
10/08/2020"
boletines,20160104 - boletin-225.pdf,https://quilmes.gov.ar/pdf/boletines/boletin-225.pdf,,,425,"BOLETÍN OFICIAL
MUNICIPAL No 225
ORDENANZA MUNICIPAL No 12546
PRESUPUESTO 2016
INFORMACIÓN LEGISLATIVA
Publicado el 4 de enero de 2016"
boletines,20150226 - boletin-195.pdf,https://quilmes.gov.ar/pdf/boletines/boletin-195.pdf,,,60,"MUNICIPIO DE QUILMES
BOLETÍN OFICIAL
MUNICIPAL Nº 195
DECRETOS MUNICIPALES Nº 
0639/15 A 0888/15
RESOLUCIONES MUNICIPALES Nº 
37/15 A 53/15
INFORMACIÓN LEGISLATIVA
Publicado el 26 de febrero de 2015"
boletines,20190705 - boletin-302.pdf,https://quilmes.gov.ar/pdf/boletines/boletin-302.pdf,,,386,"Municipio de Quilmes
Boletín Oficial
Edición Nº302
05/07/2019"
boletines,20140526 - boletin-165.pdf,https://quilmes.gov.ar/pdf/boletines/boletin-165.pdf,,,33,"MUNICIPIO DE QUILMES
BOLETÍN OFICIAL
MUNICIPAL Nº 165
DECRETOS MUNICIPALES Nº
2225/2014 AL 2419/2014
INFORMACIÓN LEGISLATIVA
Publicado el 26 de mayo de 2014"
boletines,20220420 - boletin-444.pdf,https://quilmes.gov.ar/pdf/boletines/boletin-444.pdf,,,1985,"Municipio de Quilmes
Boletín Oficial
Edición Nº444
20/04/2022"
boletines,20180315 - boletin-283.pdf,https://quilmes.gov.ar/pdf/boletines/boletin-283.pdf,,,133,"Municipio de Quilmes
Boletín Oficial
Edición Nº283
15/03/2018"
boletines,20210212 - boletin-362.pdf,https://quilmes.gov.ar/pdf/boletines/boletin-362.pdf,,,10,"Municipio de Quilmes
Boletín Oficial
Edición Nº362
12/02/2021"
boletines,20150714 - boletin-210.pdf,https://quilmes.gov.ar/pdf/boletines/boletin-210.pdf,,,59,"MUNICIPIO DE QUILMES
BOLETÍN OFICIAL
MUNICIPAL Nº 210
ORDENANZAS MUNICIPALES Nº 
12457 / 12458 / 12459 / 12460
DECRETOS MUNICIPALES Nº
3332/15 A 3438/15
RESOLUCIONES MUNICIPALES Nº
381/15 A 401/15
INF"
boletines,20180821 - boletin-289.pdf,https://quilmes.gov.ar/pdf/boletines/boletin-289.pdf,,,398,"Municipio de Quilmes
Boletín Oficial
Edición Nº289
21/08/2018"
boletines,20200717 - boletin-336.pdf,https://quilmes.gov.ar/pdf/boletines/boletin-336.pdf,,,80,"Municipio de Quilmes
Boletín Oficial
Edición Nº336
17/07/2020"
boletines,20201113 - boletin-352.pdf,https://quilmes.gov.ar/pdf/boletines/boletin-352.pdf,,,18,"Municipio de Quilmes
Boletín Oficial
Edición Nº352
13/11/2020"
boletines,20190109 - boletin-294.pdf,https://quilmes.gov.ar/pdf/boletines/boletin-294.pdf,,,354,"Municipio de Quilmes
Boletín Oficial
Edición Nº294
09/01/2019"
boletines,20230919 - boletin-493.pdf,https://quilmes.gov.ar/pdf/boletines/boletin-493.pdf,,,355,"Municipio de Quilmes
Boletín Oficial
Edición Nº493"
boletines,20160229 - boletin-229.pdf,https://quilmes.gov.ar/pdf/boletines/boletin-229.pdf,,,51,"BOLETIN OFICIAL
MUNICIPAL Nº 229
DECRETOS MUNICIPALES Nº
520/16 A 758/16
RESOLUCIONES MUNICIPALES Nº
013/16 A 017/16
INFORMACIÓN LEGISLATIVA
Publicado el 29 de febrero de 2016"
boletines,20211103 - boletin-413.pdf,https://quilmes.gov.ar/pdf/boletines/boletin-413.pdf,,,823,"Municipio de Quilmes
Boletín Oficial
Edición Nº413
03/11/2021"
boletines,20150901 - boletin-214.pdf,https://quilmes.gov.ar/pdf/boletines/boletin-214.pdf,,,52,"MUNICIPIO DE QUILMES
BOLETÍN OFICIAL
MUNICIPAL Nº 214
ORDENANZAS MUNICIPALES Nº
12461 A 12468
DECRETOS MUNICIPALES Nº
4034/15 A 4141/15
RESOLUCIONES MUNICIPALES Nº
473/15 A 489/15
INFORMACIÓN LEGISLAT"
boletines,20240626 - boletin-505.pdf,https://quilmes.gov.ar/pdf/boletines/boletin-505.pdf,,,5,"Municipio de Quilmes
Boletín Oficial
Edición Nº505
26/06/2024"
boletines,20150806 - boletin-212.pdf,https://quilmes.gov.ar/pdf/boletines/boletin-212.pdf,,,51,"MUNICIPIO DE QUILMES
BOLETÍN OFICIAL
MUNICIPAL Nº 212
DECRETOS MUNICIPALES Nº
3652/15 AL 3908/15
RESOLUCIONES MUNICIPALES Nº
420/15 AL 449/15
INFORMACIÓN LEGISLATIVA
Publicado el 6 de agosto de 2015"
boletines,20201021 - boletin-350.pdf,https://quilmes.gov.ar/pdf/boletines/boletin-350.pdf,,,20,"Municipio de Quilmes
Boletín Oficial
Edición Nº350
21/10/2020"
boletines,20150514 - boletin-203.pdf,https://quilmes.gov.ar/pdf/boletines/boletin-203.pdf,,,103,"MUNICIPIO DE QUILMES
BOLETÍN OFICIAL
MUNICIPAL Nº 203
ORDENANZAS MUNICIPALES Nº
12430 A 12443
DECRETOS MUNICIPALES Nº
1998/2015 A 2341/2015
RESOLUCIONES MUNICIPALES Nº
203/15 A 233/15
INFORMACIÓN LEGI"
boletines,20140708 - boletin-170.pdf,https://quilmes.gov.ar/pdf/boletines/boletin-170.pdf,,,70,"MUNICIPIO DE QUILMES
BOLETÍN OFICIAL
MUNICIPAL Nº 170
ORDENANZAS MUNICIPALES Nº
12274 A 12287
INFORMACIÓN LEGISLATIVA
Publicado el 8 de julio de 2014"
boletines,20220309 - boletin-439.pdf,https://quilmes.gov.ar/pdf/boletines/boletin-439.pdf,,,5,"Municipio de Quilmes
Boletín Oficial
Edición Nº439
09/03/2022"
boletines,20170403 - boletin-262.pdf,https://quilmes.gov.ar/pdf/boletines/boletin-262.pdf,,,87,"Municipio de Quilmes
Boletín Oficial
Edición Nº262
03/04/2017"
boletines,20161017 - boletin-250.pdf,https://quilmes.gov.ar/pdf/boletines/boletin-250.pdf,,,357,"BOLETIN OFICIAL
MUNICIPAL Nº 250
DECRETO MUNICIPAL Nº
4596/16
Manual de Procedimientos para la 
Auditoria General de la Municipalidad 
de Quilmes
INFORMACIÓN LEGISLATIVA
Publicado el 17 de octubre de "
boletines,20210702 - boletin-384.pdf,https://quilmes.gov.ar/pdf/boletines/boletin-384.pdf,,,107,"Municipio de Quilmes
Boletín Oficial
Edición Nº384
02/07/2021"
boletines,20200325 - boletin-316.pdf,https://quilmes.gov.ar/pdf/boletines/boletin-316.pdf,,,9,"Municipio de Quilmes
Boletín Oficial
Edición Nº316
25/03/2020"
boletines,20211104 - boletin-415.pdf,https://quilmes.gov.ar/pdf/boletines/boletin-415.pdf,,,4,"Municipio de Quilmes
Boletín Oficial
Edición Nº415
04/11/2021"
boletines,20120815 - boletin-126.pdf,https://quilmes.gov.ar/pdf/boletines/boletin-126.pdf,,,28,"MUNICIPIO DE QUILMES
BOLETÍN OFICIAL
MUNICIPAL Nº 126
CONTIENE ORDENANZAS MUNICIPALES Nº
11863 / 11864 / 11865 / 11866 / 11867 / 11868
11869 / 11870 / 11871
INFORMACIÓN LEGISLATIVA
Publicado el 15 de "
boletines,20121221 - boletin-134.pdf,https://quilmes.gov.ar/pdf/boletines/boletin-134.pdf,,,390,"MUNICIPIO DE QUILMES
BOLETÍN OFICIAL
MUNICIPAL Nº 134
CONTIENE ORDENANZA Nº 12013
PRESUPUESTO MUNICIPAL  AÑO 2013
DECRETO MUNICIPAL Nº 5424/2012
CALENDARIO FISCAL PARA EL AÑO 2013
INFORMACIÓN LEGISLAT"
boletines,20130520 - boletin-139.pdf,https://quilmes.gov.ar/pdf/boletines/boletin-139.pdf,,,30,"MUNICIPIO DE QUILMES
BOLETÍN OFICIAL
MUNICIPAL Nº 139
CONTIENE ORDENANZAS MUNICIPALES Nº
12057 / 12058
DECRETO MUNICIPAL Nº 1695/2013
INFORMACIÓN LEGISLATIVA
Publicado el 20 de mayo de 2013"
boletines,20171013 - boletin-273.pdf,https://quilmes.gov.ar/pdf/boletines/boletin-273.pdf,,,122,"Municipio de Quilmes
Boletín Oficial
Edición Nº273
13/10/2017"
boletines,20230203 - boletin-474.pdf,https://quilmes.gov.ar/pdf/boletines/boletin-474.pdf,,,66,"Municipio de Quilmes
Boletín Oficial
Edición Nº474
03/02/2023"
boletines,20201021 - boletin-349.pdf,https://quilmes.gov.ar/pdf/boletines/boletin-349.pdf,,,81,"Municipio de Quilmes
Boletín Oficial
Edición Nº349
21/10/2020"
boletines,20200513 - boletin-325.pdf,https://quilmes.gov.ar/pdf/boletines/boletin-325.pdf,,,8,"Municipio de Quilmes
Boletín Oficial
Edición Nº325
13/05/2020"
boletines,20160129 - boletin-227.pdf,https://quilmes.gov.ar/pdf/boletines/boletin-227.pdf,,,36,"BOLETIN OFICIAL
MUNICIPAL Nº 227
DECRETOS MUNICIPALES Nº
030/16 a 234/16
RESOLUCIONES MUNICIPALES Nº
001/16 Y 002/16
INFORMACIÓN LEGISLATIVA
Publicado el 29 de enero de 2016"
boletines,20131129 - boletin-149.pdf,https://quilmes.gov.ar/pdf/boletines/boletin-149.pdf,,,55,"MUNICIPIO DE QUILMES
BOLETÍN OFICIAL
MUNICIPAL Nº 149
CONTIENE ORDENANZAS MUNICIPALES Nº
12151 / 12152 / 12153 / 12154 / 12155 
12156 / 12157 / 12158 / 12160 / 12161 
12162 / 12163 / 12164 / 12165 / 1"
boletines,20100701 - boletin-94.pdf,https://quilmes.gov.ar/pdf/boletines/boletin-94.pdf,,,138,"Información Legislativa
Publicado el 01 de julio de 2010
11361 / 11362 / 11371 / 11372 / 11373 / 11374 / 11375 / 11376
11381 / 11382 / 11383 / 11384
MUNICIPIO DE QUILMES
BOLETÍN OFICIAL 
MUNICIPAL Nº "
boletines,20220607 - boletin-450.pdf,https://quilmes.gov.ar/pdf/boletines/boletin-450.pdf,,,1364,"Municipio de Quilmes
Boletín Oficial
Edición Nº450
07/06/2022"
boletines,20210804 - boletin-393.pdf,https://quilmes.gov.ar/pdf/boletines/boletin-393.pdf,,,9,"Municipio de Quilmes
Boletín Oficial
Edición Nº393
04/08/2021"
boletines,20101119 - boletin-99.pdf,https://quilmes.gov.ar/pdf/boletines/boletin-99.pdf,,,35,"MUNICIPIO DE QUILMES
BOLETÍN OFICIAL
MUNICIPAL Nº 99
DECRETO MUNICIPAL Nº 5207/2010
INFORMACIÓN LEGISLATIVA
Publicado el 19 de noviembre de 2010"
boletines,20101227 - boletin-101.pdf,https://quilmes.gov.ar/pdf/boletines/boletin-101.pdf,,,10,"MUNICIPIO DE QUILMES
BOLETÍN OFICIAL
MUNICIPAL Nº 101 BIS
CONTIENE ORDENANZA MUNICIPAL
Nº11576 (CALENDARIO FISCAL)
INFORMACIÓN LEGISLATIVA
Publicado el 27 de diciembre de 2010"
boletines,20210630 - boletin-382.pdf,https://quilmes.gov.ar/pdf/boletines/boletin-382.pdf,,,13,"Municipio de Quilmes
Boletín Oficial
Edición Nº382
30/06/2021"
boletines,20090922 - boletin-85.pdf,https://quilmes.gov.ar/pdf/boletines/boletin-85.pdf,,,8,"MUNICIPIO DE QUILMES
Información Legislativa
Publicado el 22 de septiembre de 2009
BOLETÍN OFICIAL 
MUNICIPAL Nº 85
ORDENANZA Nº 11212/09"
boletines,20211227 - boletin-425.pdf,https://quilmes.gov.ar/pdf/boletines/boletin-425.pdf,,,1464,"Municipio de Quilmes
Boletín Oficial
Edición Nº425
27/12/2021"
boletines,20091221 - boletin-89.pdf,https://quilmes.gov.ar/pdf/boletines/boletin-89.pdf,,,8,"Boletín Oficial Municipal, 21 de diciembre de 2009
1
Información Legislativa
Publicado el 21 de diciembre de 2009
Decreto Nro.
5688/09
MUNICIPIO DE QUILMES
BOLETÍN OFICIAL 
MUNICIPAL Nº 89
LLAMADOS A
"
boletines,20150119 - boletin-191.pdf,https://quilmes.gov.ar/pdf/boletines/boletin-191.pdf,,,51,"MUNICIPIO DE QUILMES
BOLETÍN OFICIAL
MUNICIPAL Nº 191
ORDENANZAS MUNICIPALES Nº 
12406 A 12420 / 12422 Y 12423
DECRETO 0099/15
Llamado a Concurso Pùblico de 
Antecedente y Oposiciòn EMBA.-
INFORMACIÓN"
boletines,20210414 - boletin-367.pdf,https://quilmes.gov.ar/pdf/boletines/boletin-367.pdf,,,301,"Municipio de Quilmes
Boletín Oficial
Edición Nº367
14/04/2021"
boletines,20161118 - boletin-253.pdf,https://quilmes.gov.ar/pdf/boletines/boletin-253.pdf,,,77,"BOLETIN OFICIAL
MUNICIPAL Nº 253
ORDENANZAS MUNICIPALES Nº  
12629 / 12630 / 12631 / 12632 / 12633 / 
12634 / 12635 / 12641 / 12642 / 12643 / 
12644 / 12645 / 12646
DECRETOS MUNICIPALES Nº
5168/16 A 5"
boletines,20230811 - boletin-485.pdf,https://quilmes.gov.ar/pdf/boletines/boletin-485.pdf,,,381,"Municipio de Quilmes
Boletín Oficial
Edición Nº485
11/08/2023"
boletines,20151201 - boletin-222.pdf,https://quilmes.gov.ar/pdf/boletines/boletin-222.pdf,,,44,"MUNICIPIO DE QUILMES
BOLETÍN OFICIAL
MUNICIPAL Nº 222
DECRETOS MUNICIPALES Nº
6862/15 A 7030/15
RESOLUCIONES MUNICIPALES Nº
602/15 A 626/15
INFORMACIÓN LEGISLATIVA
Publicado el 1 de diciembre de 2015"
boletines,20131218 - boletin-152.pdf,https://quilmes.gov.ar/pdf/boletines/boletin-152.pdf,,,53,"MUNICIPIO DE QUILMES
BOLETÍN OFICIAL
MUNICIPAL Nº 152
DECRETOS MUNICIPALES Nº
5167/13 - 5118/13 - 4915 A 5185/13
INFORMACIÓN LEGISLATIVA
Publicado el 18 de diciembre de 2013"
boletines,20240502 - boletin-501.pdf,https://quilmes.gov.ar/pdf/boletines/boletin-501.pdf,,,192,"Municipio de Quilmes
Boletín Oficial
Edición Nº501
02/05/2024"
boletines,20230905 - boletin-490.pdf,https://quilmes.gov.ar/pdf/boletines/boletin-490.pdf,,,51,"Municipio de Quilmes
Boletín Oficial
Edición Nº490
05/09/2023"
boletines,20210414 - boletin-368.pdf,https://quilmes.gov.ar/pdf/boletines/boletin-368.pdf,,,144,"Municipio de Quilmes
Boletín Oficial
Edición Nº368
14/04/2021"
boletines,20180720 - boletin-288.pdf,https://quilmes.gov.ar/pdf/boletines/boletin-288.pdf,,,284,"Municipio de Quilmes
Boletín Oficial
Edición Nº288
20/07/2018"
boletines,20210407 - boletin-366.pdf,https://quilmes.gov.ar/pdf/boletines/boletin-366.pdf,,,20,"Municipio de Quilmes
Boletín Oficial
Edición Nº366
07/04/2021"
boletines,20150414 - boletin-200.pdf,https://quilmes.gov.ar/pdf/boletines/boletin-200.pdf,,,15,"MUNICIPIO DE QUILMES
BOLETÍN OFICIAL
MUNICIPAL Nº 200
ORDENANZA MUNICIPAL Nº 12348
DECRETO MUNICIPAL Nº 1608
REGISTRO ESPECIAL DE MAYORES
CONTRIBUYENTES
DECRETO MUNICIPAL Nº
1572/15 AL 1621/15
INFORMA"
boletines,20160616 - boletin-239.pdf,https://quilmes.gov.ar/pdf/boletines/boletin-239.pdf,,,86,"BOLETIN OFICIAL
MUNICIPAL Nº 239
ORDENANZAS MUNICIPALES Nº
12568, 12569, 12570, 12571, 12572
DECRETOS MUNICIPALES Nº
2314/16 a 2574/16
RESOLUCIONES MUNICIPALES Nº
102/16 a 116/16
INFORMACIÓN LEGISLATI"
boletines,20201009 - boletin-348.pdf,https://quilmes.gov.ar/pdf/boletines/boletin-348.pdf,,,403,"Municipio de Quilmes
Boletín Oficial
Edición Nº348
09/10/2020"
boletines,20230915 - boletin-491.pdf,https://quilmes.gov.ar/pdf/boletines/boletin-491.pdf,,,168,"Municipio de Quilmes
Boletín Oficial
Edición Nº491
15/09/2023"
boletines,20240524 - boletin-502.pdf,https://quilmes.gov.ar/pdf/boletines/boletin-502.pdf,,,430,"Municipio de Quilmes
Boletín Oficial
Edición Nº502
24/05/2024"
boletines,20150105 - boletin-188.pdf,https://quilmes.gov.ar/pdf/boletines/boletin-188.pdf,,,487,"MUNICIPIO DE QUILMES
BOLETÍN OFICIAL
MUNICIPAL Nº 188
ORDENANZA MUNICIPAL Nº 12421
PRESUPUESTO AÑO 2015
INFORMACIÓN LEGISLATIVA
Publicado el 5 de enero de 2015"
boletines,20220429 - boletin-447.pdf,https://quilmes.gov.ar/pdf/boletines/boletin-447.pdf,,,8,"Municipio de Quilmes
Boletín Oficial
Edición Nº447
29/04/2022"
boletines,20160825 - boletin-246.pdf,https://quilmes.gov.ar/pdf/boletines/boletin-246.pdf,,,39,"BOLETIN OFICIAL
MUNICIPAL Nº 246
ORDENANZAS MUNICIPALES Nº 
12597 / 12598 / 12599 / 12601 / 12602
DECRETOS MUNICIPALES Nº
3585/16 A 3651/16
RESOLUCIONES MUNICIPALES Nº
212/16 A 219/16
INFORMACIÓN LEGI"
boletines,20210520 - boletin-376.pdf,https://quilmes.gov.ar/pdf/boletines/boletin-376.pdf,,,149,"Municipio de Quilmes
Boletín Oficial
Edición Nº376
20/05/2021"
boletines,20220908 - boletin-459.pdf,https://quilmes.gov.ar/pdf/boletines/boletin-459.pdf,,,391,"Municipio de Quilmes
Boletín Oficial
Edición Nº459
08/09/2022"
boletines,20120719 - boletin-124.pdf,https://quilmes.gov.ar/pdf/boletines/boletin-124.pdf,,,30,"MUNICIPIO DE QUILMES
BOLETÍN OFICIAL
MUNICIPAL Nº 124
CONTIENE ORDENANZAS MUNICIPALES Nº
11841 / 11842 / 11843 / 11845 / 11858 / 11862
INFORMACIÓN LEGISLATIVA
Publicado el 19 de julio de 2012"
boletines,20241129 - boletin-512.pdf,https://quilmes.gov.ar/pdf/boletines/boletin-512.pdf,,,395,"Municipio de Quilmes
Boletín Oficial
Edición Nº512
29/11/2024"
boletines,20150604 - boletin-205.pdf,https://quilmes.gov.ar/pdf/boletines/boletin-205.pdf,,,29,"MUNICIPIO DE QUILMES
BOLETÍN OFICIAL
MUNICIPAL Nº 205
DECRETOS MUNICIPALES Nº
2480/15 A 2624/15
RESOLUCIONES MUNICIPALES Nº
266/15 A 285/15
INFORMACIÓN LEGISLATIVA
Publicado el 4 de junio de 2015"
boletines,20260520 - boletin-543.pdf,https://quilmes.gov.ar/pdf/boletines/boletin_543.pdf,,,189,"Municipio de Quilmes
Boletín Oficial
Edición Nº543
20/05/2026"
boletines,20200724 - boletin-338.pdf,https://quilmes.gov.ar/pdf/boletines/boletin-338.pdf,,,19,"Municipio de Quilmes
Boletín Oficial
Edición Nº338
24/07/2020"
boletines,20200529 - boletin-328.pdf,https://quilmes.gov.ar/pdf/boletines/boletin-328.pdf,,,30,"Municipio de Quilmes
Boletín Oficial
Edición Nº328
29/05/2020"
boletines,20200508 - boletin-323.pdf,https://quilmes.gov.ar/pdf/boletines/boletin-323.pdf,,,126,"Municipio de Quilmes
Boletín Oficial
Edición Nº323
08/05/2020"
boletines,20210811 - boletin-395.pdf,https://quilmes.gov.ar/pdf/boletines/boletin-395.pdf,,,10,"Municipio de Quilmes
Boletín Oficial
Edición Nº395
11/08/2021"
boletines,20111207 - boletin-112.pdf,https://quilmes.gov.ar/pdf/boletines/boletin-112.pdf,,,55,"MUNICIPIO DE QUILMES
BOLETÍN OFICIAL
MUNICIPAL Nº 112
CONTIENE ORDENANZAS MUNICIPALES
11758 / 11759/ 11760 / 11761 / 11762 / 11763
11765 / 11766 / 11767 / 11770 / 11789 / 11790
11792 / 11793
DECRETO M"
boletines,20150618 - boletin-207.pdf,https://quilmes.gov.ar/pdf/boletines/boletin-207.pdf,,,38,"MUNICIPIO DE QUILMES
BOLETÍN OFICIAL
MUNICIPAL Nº 207
DECRETOS MUNICIPALES Nº
2832/15 A 2980/15
RESOLUCIONES MUNICIPALES Nº
311/15 A 337/15
INFORMACIÓN LEGISLATIVA
Publicado el 18 de junio de 2015"
boletines,20151230 - boletin-224.pdf,https://quilmes.gov.ar/pdf/boletines/boletin-224.pdf,,,16,"BOLETÍN OFICIAL
MUNICIPAL No 224
ORDENANZAS MUNICIPALES
No 12545
DECRETO 8133/15-
CALENDARIO FISCAL 2016
DECRETOS MUNICIPALES
No 8030 A 8039 Y 8041 A 8045/15
RESOLUCIONES MUNICIPALES
630/15 A 635/15
I"
boletines,20240625 - boletin-504.pdf,https://quilmes.gov.ar/pdf/boletines/boletin-504.pdf,,,5,"Municipio de Quilmes
Boletín Oficial
Edición Nº504
25/06/2024"
boletines,20210721 - boletin-388.pdf,https://quilmes.gov.ar/pdf/boletines/boletin-388.pdf,,,13,"Municipio de Quilmes
Boletín Oficial
Edición Nº388
21/07/2021"
boletines,20200401 - boletin-317.pdf,https://quilmes.gov.ar/pdf/boletines/boletin-317.pdf,,,30,"Municipio de Quilmes
Boletín Oficial
Edición Nº317
01/04/2020"
boletines,20140930 - boletin-176.pdf,https://quilmes.gov.ar/pdf/boletines/boletin-176.pdf,,,83,"MUNICIPIO DE QUILMES
BOLETÍN OFICIAL
MUNICIPAL Nº 176
DECRETOS MUNICIPALES Nº 
5449/14 A 5480/14 Y 5487/14 A 
5555/14
ORDENANZAS MUNICIPALES Nº 
12343 / 12344 / 12347 / 12352 / 12353 
12355 / 12356 / "
boletines,20220622 - boletin-454.pdf,https://quilmes.gov.ar/pdf/boletines/boletin-454.pdf,,,127,"Municipio de Quilmes
Boletín Oficial
Edición Nº454
22/06/2022"
boletines,20210428 - boletin-372.pdf,https://quilmes.gov.ar/pdf/boletines/boletin-372.pdf,,,9,"Municipio de Quilmes
Boletín Oficial
Edición Nº372
28/04/2021"
boletines,20170725 - boletin-269.pdf,https://quilmes.gov.ar/pdf/boletines/boletin-269.pdf,,,143,"Municipio de Quilmes
Boletín Oficial
Edición Nº269
25/07/2017"
boletines,20220310 - boletin-441.pdf,https://quilmes.gov.ar/pdf/boletines/boletin-441.pdf,,,5,"Municipio de Quilmes
Boletín Oficial
Edición Nº441
10/03/2022"
boletines,20210428 - boletin-371.pdf,https://quilmes.gov.ar/pdf/boletines/boletin-371.pdf,,,253,"Municipio de Quilmes
Boletín Oficial
Edición Nº371
28/04/2021"
boletines,20250902 - boletin-532.pdf,https://quilmes.gov.ar/pdf/boletines/boletin-532.pdf,,,4,"Municipio de Quilmes
Boletín Oficial
Edición Nº532
02/09/2025"
boletines,20200915 - boletin-344.pdf,https://quilmes.gov.ar/pdf/boletines/boletin-344.pdf,,,5,"Municipio de Quilmes
Boletín Oficial
Edición Nº344
15/09/2020"
boletines,20210827 - boletin-398.pdf,https://quilmes.gov.ar/pdf/boletines/boletin-398.pdf,,,171,"Municipio de Quilmes
Boletín Oficial
Edición Nº398
27/08/2021"
boletines,20140725 - boletin-171.pdf,https://quilmes.gov.ar/pdf/boletines/boletin-171.pdf,,,87,"MUNICIPIO DE QUILMES
BOLETÍN OFICIAL
MUNICIPAL Nº 171
ORDENANZAS MUNICIPALES Nº
12288 A 12294
DECRETOS MUNICIPALES Nº 
3486/14 AL 3979/14 Y 4003/14
INFORMACIÓN LEGISLATIVA
Publicado el 25 de julio de "
boletines,20251111 - boletin-534.pdf,https://quilmes.gov.ar/pdf/boletines/boletin-534.pdf,,,209,"Municipio de Quilmes
Boletín Oficial
Edición Nº534
10/11/2025"
boletines,20150309 - boletin-196.pdf,https://quilmes.gov.ar/pdf/boletines/boletin-196.pdf,,,39,"MUNICIPIO DE QUILMES
BOLETÍN OFICIAL
MUNICIPAL Nº 196
DECRETOS MUNICIPALES Nº
889/15 A 1062/15
RESOLUCIONES MUNICIPALES Nº
37/15 A 70/15
INFORMACIÓN LEGISLATIVA
Publicado el 9 de marzo de 2015"
boletines,20160530 - boletin-237.pdf,https://quilmes.gov.ar/pdf/boletines/boletin-237.pdf,,,36,"BOLETIN OFICIAL
MUNICIPAL Nº 237
ORDENANZAS MUNICIPALES Nº
12563 / 12564 / 12565 / 12566
DECRETOS MUNICIPALES Nº
2165/16 a 2203/16 y 2208/16 a 2224/16
RESOLUCIONES MUNICIPALES Nº
080/16 a 098/16
INFOR"
boletines,20221230 - boletin-470.pdf,https://quilmes.gov.ar/pdf/boletines/boletin-470.pdf,,,17,"Municipio de Quilmes
Boletín Oficial
Edición Nº470
30/12/2022"
boletines,20231213 - boletin-494.pdf,https://quilmes.gov.ar/pdf/boletines/boletin-494.pdf,,,401,"Municipio de Quilmes
Boletín Oficial
Edición Nº494
13/12/2023"
boletines,20150113 - boletin-190.pdf,https://quilmes.gov.ar/pdf/boletines/boletin-190.pdf,,,139,"MUNICIPIO DE QUILMES
BOLETÍN OFICIAL
MUNICIPAL Nº 190
DECRETOS MUNICIPALES Nº 
7454/14 al 7598/14
7607/14 al 7654/14
7656/14 al 7711/14
7714/14 al 7720/14
7722/14
7724/14 al 7887/14
7889/14 al 7973/14"
boletines,20130724 - boletin-141.pdf,https://quilmes.gov.ar/pdf/boletines/boletin-141.pdf,,,55,"MUNICIPIO DE QUILMES
BOLETÍN OFICIAL
MUNICIPAL Nº 141
CONTIENE ORDENANZAS MUNICIPALES Nº
12088 / 12089 / 12090 / 12091 / 12092 
12093 / 12094 / 12095 / 12096 / 12097 
12098 / 12099 / 12100 
DECRETO MU"
boletines,20200113 - boletin-310.pdf,https://quilmes.gov.ar/pdf/boletines/boletin-310.pdf,,,5,"Municipio de Quilmes
Boletín Oficial
Edición Nº310
13/01/2020"
boletines,20210811 - boletin-394.pdf,https://quilmes.gov.ar/pdf/boletines/boletin-394.pdf,,,859,"Municipio de Quilmes
Boletín Oficial
Edición Nº394
11/08/2021"
boletines,20210909 - boletin-402.pdf,https://quilmes.gov.ar/pdf/boletines/boletin-402.pdf,,,5,"Municipio de Quilmes
Boletín Oficial
Edición Nº402
09/09/2021"
boletines,20141211 - boletin-184.pdf,https://quilmes.gov.ar/pdf/boletines/boletin-184.pdf,,,73,"MUNICIPIO DE QUILMES
BOLETÍN OFICIAL
MUNICIPAL Nº 184
ORDENANZAS MUNICIPALES Nº 
12396 / 12397 / 12398 / 12399 / 
12400 / 12401 / 12402 / 12403
DECRETOS MUNICIPALES Nº
6937/14 AL 6965/14 Y 6976/14 AL "
boletines,20250227 - boletin-515.pdf,https://quilmes.gov.ar/pdf/boletines/boletin-515.pdf,,,9,"Municipio de Quilmes
Boletín Oficial
Edición Nº515
27/02/2025"
boletines,20140505 - boletin-161.pdf,https://quilmes.gov.ar/pdf/boletines/boletin-161.pdf,,,23,"MUNICIPIO DE QUILMES
BOLETÍN OFICIAL
MUNICIPAL Nº 161
ORDENANZA MUNICIPAL Nº
12192
DECRETOS MUNICIPALES Nº
1395 AL 1510
INFORMACIÓN LEGISLATIVA
Publicado el 5 de mayo de 2014"
boletines,20220208 - boletin-436.pdf,https://quilmes.gov.ar/pdf/boletines/boletin-436.pdf,,,5,"Municipio de Quilmes
Boletín Oficial
Edición Nº436
08/02/2022"
boletines,20160408 - boletin-232.pdf,https://quilmes.gov.ar/pdf/boletines/boletin-232.pdf,,,56,"BOLETIN OFICIAL
MUNICIPAL Nº 232
DECRETOS MUNICIPALES Nº
1200/16 A 1433/16
RESOLUCIONES MUNICIPALES Nº
27/16 A 40/16
INFORMACIÓN LEGISLATIVA
Publicado el 8 de abril de 2016"
boletines,20200325 - boletin-315.pdf,https://quilmes.gov.ar/pdf/boletines/boletin-315.pdf,,,248,"Municipio de Quilmes
Boletín Oficial
Edición Nº315
25/03/2020"
boletines,20150126 - boletin-193.pdf,https://quilmes.gov.ar/pdf/boletines/boletin-193.pdf,,,52,"MUNICIPIO DE QUILMES
BOLETÍN OFICIAL
MUNICIPAL Nº 193
DECRETOS MUNICIPALES Nº 
0043/15 AL 0098/15 
0100/15 AL 0318/15
RESOLUCIONES MUNICIPALES
001/15 AL 016/15
INFORMACIÓN LEGISLATIVA
Publicado el 26 "
boletines,20101105 - boletin-98.pdf,https://quilmes.gov.ar/pdf/boletines/boletin-98.pdf,,,57,"MUNICIPIO DE QUILMES
BOLETÍN OFICIAL
MUNICIPAL Nº 98
CONTIENE ORDENANZAS MUNICIPALES
11510 / 11512 / 11513 / 11515 / 11516 / 11517 
/ 11518 / 11519 / 11520 / 11521 / 11522 
/ 11523 / 11524 / 11525 / 1"
boletines,20220420 - boletin-445.pdf,https://quilmes.gov.ar/pdf/boletines/boletin-445.pdf,,,30,"Municipio de Quilmes
Boletín Oficial
Edición Nº445
20/04/2022"
boletines,20180112 - boletin-280.pdf,https://quilmes.gov.ar/pdf/boletines/boletin-280.pdf,,,7,"Municipio de Quilmes
Boletín Oficial
Edición Nº280
12/01/2018"
boletines,20140924 - boletin-175.pdf,https://quilmes.gov.ar/pdf/boletines/boletin-175.pdf,,,64,"MUNICIPIO DE QUILMES
BOLETÍN OFICIAL
MUNICIPAL Nº 175
DECRETOS MUNICIPALES Nº 
5108 A 5448 
DECRETOS MUNICIPALES Nº 
5481 A 5486
(LLAMADOS A LICITACIÓN PÚBLICA)
ORDENANZA MUNICIPAL Nº 12358
INFORMACIÓ"
boletines,20220801 - boletin-456.pdf,https://quilmes.gov.ar/pdf/boletines/boletin-456.pdf,,,157,"Municipio de Quilmes
Boletín Oficial
Edición Nº456
01/08/2022"
boletines,20170428 - boletin-264.pdf,https://quilmes.gov.ar/pdf/boletines/boletin-264.pdf,,,59,"Municipio de Quilmes
Boletín Oficial
Edición Nº264
28/04/2017"
boletines,20101203 - boletin-100.pdf,https://quilmes.gov.ar/pdf/boletines/boletin-100.pdf,,,32,"MUNICIPIO DE QUILMES
BOLETÍN OFICIAL
MUNICIPAL Nº 100
CONTIENE ORDENANZAS MUNICIPALES
11534 / 11535 / 11536 / 11537 / 11538 / 11540 
11541 / 11564 / 11566 
ORDENANZA Nº 11539 VETADA POR DECRETO 
MUNIC"
boletines,20240301 - boletin-499.pdf,https://quilmes.gov.ar/pdf/boletines/boletin-499.pdf,,,254,"Municipio de Quilmes
Boletín Oficial
Edición Nº499"
boletines,20110406 - boletin-105.pdf,https://quilmes.gov.ar/pdf/boletines/boletin-105.pdf,,,55,"MUNICIPIO DE QUILMES
BOLETÍN OFICIAL
MUNICIPAL Nº 105
CONTIENE ORDENANZAS MUNICIPALES
11615 / 11620 / 11623 / 11624 / 11625 / 11626
INFORMACIÓN LEGISLATIVA
Publicado el 06 de abril de 2011"
boletines,20181001 - boletin-291.pdf,https://quilmes.gov.ar/pdf/boletines/boletin-291.pdf,,,281,"Municipio de Quilmes
Boletín Oficial
Edición Nº291
01/10/2018"
boletines,20111027 - boletin-111.pdf,https://quilmes.gov.ar/pdf/boletines/boletin-111.pdf,,,9,"MUNICIPIO DE QUILMES
BOLETÍN OFICIAL
MUNICIPAL Nº 111 BIS
CONTIENE DECRETO MUNICIPAL
Nº 4792/2011
INFORMACIÓN LEGISLATIVA
Publicado el 11 de noviembre de 2011"
boletines,20160718 - boletin-242.pdf,https://quilmes.gov.ar/pdf/boletines/boletin-242.pdf,,,44,"BOLETIN OFICIAL
MUNICIPAL Nº 242
ORDENANZAS MUNICIPALES Nº
12582, 12583 (VETADA), 12584, 12585.-
DECRETOS MUNICIPALES Nº
Nº 2930/16 a 3067/16.
RESOLUCIONES MUNICIPALES Nº
140/16 a 146/16
INFORMACIÓN L"
boletines,20190415 - boletin-299.pdf,https://quilmes.gov.ar/pdf/boletines/boletin-299.pdf,,,165,"Municipio de Quilmes
Boletín Oficial
Edición Nº299
15/04/2019"
boletines,20160630 - boletin-240.pdf,https://quilmes.gov.ar/pdf/boletines/boletin-240.pdf,,,70,"BOLETIN OFICIAL
MUNICIPAL Nº 240
ORDENANZAS MUNICIPALES Nº
12573, 12574, 12575 (VETADA), 12576, 
12577, 12578, 12579, 12580, 12581.
DECRETOS MUNICIPALES Nº
2575/16 a 2728/16
RESOLUCIONES MUNICIPALES N"
boletines,20140613 - boletin-167.pdf,https://quilmes.gov.ar/pdf/boletines/boletin-167.pdf,,,23,"MUNICIPIO DE QUILMES
BOLETÍN OFICIAL
MUNICIPAL Nº 167
DECRETO MUNICIPAL Nº
3169/2014
ORDENANZAS MUNICIPALES Nº
12266 / 12267 / 12268 / 12269 
/12270 / 12271 / 12272 / 12273
INFORMACIÓN LEGISLATIVA
Pub"
boletines,20211012 - boletin-405.pdf,https://quilmes.gov.ar/pdf/boletines/boletin-405.pdf,,,125,"Municipio de Quilmes
Boletín Oficial
Edición Nº405
12/10/2021"
boletines,20240927 - boletin-510.pdf,https://quilmes.gov.ar/pdf/boletines/boletin-510.pdf,,,401,"Municipio de Quilmes
Boletín Oficial
Edición Nº510
27/09/2024"
boletines,20171226 - boletin-277.pdf,https://quilmes.gov.ar/pdf/boletines/boletin-277.pdf,,,133,"Municipio de Quilmes
Boletín Oficial
Edición Nº277
26/12/2017"
boletines,20120827 - boletin-127.pdf,https://quilmes.gov.ar/pdf/boletines/boletin-127.pdf,,,45,"MUNICIPIO DE QUILMES
BOLETÍN OFICIAL
MUNICIPAL Nº 127
CONTIENE ORDENANZAS MUNICIPALES Nº
11861
INFORMACIÓN LEGISLATIVA
Publicado el 27 de agosto de 2012"
boletines,20240830 - boletin-507.pdf,https://quilmes.gov.ar/pdf/boletines/boletin-507.pdf,,,385,"Municipio de Quilmes
Boletín Oficial
Edición Nº507
30/08/2024"
boletines,20141030 - boletin-180.pdf,https://quilmes.gov.ar/pdf/boletines/boletin-180.pdf,,,43,"MUNICIPIO DE QUILMES
BOLETÍN OFICIAL
MUNICIPAL Nº 180
ORDENANZAS MUNICIPALES Nº 
12352 / 12366 / 12367 / 12368 / 
12369 / 12370 / 12371
DECRETOS MUNICIPALES Nº 
6456/2014 - EMERGENCIA
SANITARIA Y AMBI"
boletines,20210930 - boletin-403.pdf,https://quilmes.gov.ar/pdf/boletines/boletin-403.pdf,,,1508,"Municipio de Quilmes
Boletín Oficial
Edición Nº403
30/09/2021"
boletines,20130103 - boletin-135.pdf,https://quilmes.gov.ar/pdf/boletines/boletin-135.pdf,,,27,"MUNICIPIO DE QUILMES
BOLETÍN OFICIAL
MUNICIPAL Nº 135
CONTIENE ORDENANZAS MUNICIPALES Nº
12014 / 12016 / 12017
DECRETO MUNICIPAL Nº 5500/2012 - 5431/2012
5499/2012
INFORMACIÓN LEGISLATIVA
Publicado el"
boletines,20151218 - boletin-223.pdf,https://quilmes.gov.ar/pdf/boletines/boletin-223.pdf,,,243,"BOLETIN OFICIAL
MUNICIPAL Nº 223
ORDENANZAS MUNICIPALES Nº
12536 / 12537 / 12538 / 12539 / 12540 / 
12541 / 12542 / 12543 / 12544
DECRETOS MUNICIPALES Nº
7031/15 a 7947/15 y 7955/15 a 8029/15
RESOLUCI"
boletines,20180531 - boletin-286.pdf,https://quilmes.gov.ar/pdf/boletines/boletin-286.pdf,,,347,"Municipio de Quilmes
Boletín Oficial
Edición Nº286
31/05/2018"
boletines,20230328 - boletin-476.pdf,https://quilmes.gov.ar/pdf/boletines/boletin-476.pdf,,,34,"Municipio de Quilmes
Boletín Oficial
Edición Nº476
28/03/2023"
boletines,20160517 - boletin-236.pdf,https://quilmes.gov.ar/pdf/boletines/boletin-236.pdf,,,27,"BOLETIN OFICIAL
MUNICIPAL Nº 236
ORDENANZAS MUNICIPALES Nº
12561 / 12562 / 12567
DECRETOS MUNICIPALES Nº
2103/16 a 2124/16 - 2126/16 a 2133/16
2135/16 a 2161/16 - 2163/16 a 2164/16
RESOLUCIONES MUNICI"
boletines,20230612 - boletin-482.pdf,https://quilmes.gov.ar/pdf/boletines/boletin-482.pdf,,,53,"Municipio de Quilmes
Boletín Oficial
Edición Nº482
12/06/2023"
boletines,20210824 - boletin-397.pdf,https://quilmes.gov.ar/pdf/boletines/boletin-397.pdf,,,122,"Municipio de Quilmes
Boletín Oficial
Edición Nº397
24/08/2021"
boletines,20240625 - boletin-503.pdf,https://quilmes.gov.ar/pdf/boletines/boletin-503.pdf,,,144,"Municipio de Quilmes
Boletín Oficial
Edición Nº503
25/06/2024"
boletines,20200221 - boletin-314.pdf,https://quilmes.gov.ar/pdf/boletines/boletin-314.pdf,,,5,"Municipio de Quilmes
Boletín Oficial
Edición Nº314
21/02/2020"
boletines,20180903 - boletin-290.pdf,https://quilmes.gov.ar/pdf/boletines/boletin-290.pdf,,,159,"Municipio de Quilmes
Boletín Oficial
Edición Nº290
03/09/2018"
boletines,20090630 - boletin-81.pdf,https://quilmes.gov.ar/pdf/boletines/boletin-81.pdf,,,194,"Información Legislativa
Publicado el 30 de junio de 2009
11105 / 11106 / 11115 / 11116 / 11117 / 11118 / 11119 / 
11120 / 11121 / 11122 / 11124 / 11125 / 11126 / 11127 / 
11128 / 11129 / 11130 / 11131"
boletines,20131213 - boletin-151.pdf,https://quilmes.gov.ar/pdf/boletines/boletin-151.pdf,,,77,"MUNICIPIO DE QUILMES
BOLETÍN OFICIAL
MUNICIPAL Nº 151
CONTIENE ORDENANZAS MUNICIPALES Nº
12168 / 12169 / 12170 / 12171 / 12172 
12173 / 12175 / 12176 / 12177
DECRETOS MUNICIPALES Nº
4752/13 - 4753/13 "
boletines,20090914 - boletin-84.pdf,https://quilmes.gov.ar/pdf/boletines/boletin-84.pdf,,,10,"MUNICIPIO DE QUILMES
Información Legislativa
Publicado el 14 de septiembre de 2009
BOLETÍN OFICIAL 
MUNICIPAL Nº 84
ORDENANZA Nº 11204/09"
boletines,20230504 - boletin-480.pdf,https://quilmes.gov.ar/pdf/boletines/boletin-480.pdf,,,116,"Municipio de Quilmes
Boletín Oficial
Edición Nº480
04/05/2023"
boletines,20160510 - boletin-235.pdf,https://quilmes.gov.ar/pdf/boletines/boletin-235.pdf,,,27,"BOLETIN OFICIAL
MUNICIPAL Nº 235
DECRETOS MUNICIPALES Nº
1994/16 A 2102/16
DECRETO 2125/16
Registro Especial de Mayores
Contribuyentes.
RESOLUCIONES MUNICIPALES Nº
074/16 A 078/16
INFORMACIÓN LEGISLAT"
boletines,20250901 - boletin-530.pdf,https://quilmes.gov.ar/pdf/boletines/boletin-530.pdf,,,64,"Municipio de Quilmes
Boletín Oficial
Edición Nº530
01/09/2025"
boletines,20150629 - boletin-208.pdf,https://quilmes.gov.ar/pdf/boletines/boletin-208.pdf,,,63,"MUNICIPIO DE QUILMES
BOLETÍN OFICIAL
MUNICIPAL Nº 208
ORDENANZAS MUNICIPALES Nº
12454 / 12455 / 12456
DECRETOS MUNICIPALES Nº
2981/15 A 3227/15
RESOLUCIONES MUNICIPALES Nº
338/15 A 371/15
INFORMACIÓN "
boletines,20160706 - boletin-241.pdf,https://quilmes.gov.ar/pdf/boletines/boletin-241.pdf,,,49,"BOLETIN OFICIAL
MUNICIPAL Nº 241
DECRETOS MUNICIPALES Nº
2729/16 a 2929/16
RESOLUCIONES MUNICIPALES Nº
118/16 al 139/16
INFORMACIÓN LEGISLATIVA
Publicado el 6 de Julio de 2016"
boletines,20130422 - boletin-137.pdf,https://quilmes.gov.ar/pdf/boletines/boletin-137.pdf,,,11,"MUNICIPIO DE QUILMES
BOLETÍN OFICIAL
MUNICIPAL Nº 137
CONTIENE DECRETOS MUNICIPALES Nº
0701/2013 - 1107/2013 - 1123/2013
INFORMACIÓN LEGISLATIVA
Publicado el 22 de abril de 2013"
boletines,20151111 - boletin-220.pdf,https://quilmes.gov.ar/pdf/boletines/boletin-220.pdf,,,71,"MUNICIPIO DE QUILMES
BOLETÍN OFICIAL
MUNICIPAL Nº 220
DECRETOS MUNICIPALES Nº
5254/15 A 5294/15 Y 5297/15 A 
5573/15
RESOLUCIONES MUNICIPALES Nº
571/15 A 601/15
INFORMACIÓN LEGISLATIVA
Publicado el 11"
boletines,20180305 - boletin-282.pdf,https://quilmes.gov.ar/pdf/boletines/boletin-282.pdf,,,119,"Municipio de Quilmes
Boletín Oficial
Edición Nº282
05/03/2018"
boletines,20121217 - boletin-132.pdf,https://quilmes.gov.ar/pdf/boletines/boletin-132.pdf,,,441,"MUNICIPIO DE QUILMES
BOLETÍN OFICIAL
MUNICIPAL Nº 132
CONTIENE ORDENANZA MUNICIPAL
Nº 12012
ORDENANZA FISCAL Y TRIBUTARIA AÑO 2013
INFORMACIÓN LEGISLATIVA
Publicado el 17 de diciembre de 2012"
boletines,20210526 - boletin-380.pdf,https://quilmes.gov.ar/pdf/boletines/boletin-380.pdf,,,45,"Municipio de Quilmes
Boletín Oficial
Edición Nº380
26/05/2021"
boletines,20230816 - boletin-486.pdf,https://quilmes.gov.ar/pdf/boletines/boletin-486.pdf,,,148,"Municipio de Quilmes
Boletín Oficial
Edición Nº486
16/08/2023"
boletines,20210521 - boletin-378.pdf,https://quilmes.gov.ar/pdf/boletines/boletin-378.pdf,,,5,"Municipio de Quilmes
Boletín Oficial
Edición Nº378
21/05/2021"
boletines,20220308 - boletin-437.pdf,https://quilmes.gov.ar/pdf/boletines/boletin-437.pdf,,,1343,"Municipio de Quilmes
Boletín Oficial
Edición Nº437
08/03/2022"
boletines,20120925 - boletin-129.pdf,https://quilmes.gov.ar/pdf/boletines/boletin-129.pdf,,,42,"MUNICIPIO DE QUILMES
BOLETÍN OFICIAL
MUNICIPAL Nº 129
CONTIENE ORDENANZAS MUNICIPALES Nº
11884 / 11885 / 11886 / 11887 / 11893 / 11894
11897 / 11898 / 11900
DECRETO MUNICIPAL Nº 4287/2012
INFORMACIÓN "
boletines,20150910 - boletin-215.pdf,https://quilmes.gov.ar/pdf/boletines/boletin-215.pdf,,,122,"MUNICIPIO DE QUILMES
BOLETÍN OFICIAL
MUNICIPAL Nº 215
ORDENANZAS MUNICIPALES Nº
12469 A 12497
DECRETOS MUNICIPALES Nº
4142/15 A 4359/15
RESOLUCIONES MUNICIPALES Nº
490/15 A 516/15
INFORMACIÓN LEGISLAT"
boletines,20091130 - boletin-88.pdf,https://quilmes.gov.ar/pdf/boletines/boletin-88.pdf,,,55,"Boletín Oficial Municipal, 30 de noviembre de 2009
1
Información Legislativa
Publicado el 30 de noviembre de 2009
11243 / 11263 / 11264 / 11265 / 11266 / 11267 / 11268 / 11269 / 
11270 y DTO. 5607/09
"
boletines,20130904 - boletin-143.pdf,https://quilmes.gov.ar/pdf/boletines/boletin-143.pdf,,,33,"MUNICIPIO DE QUILMES
BOLETÍN OFICIAL
MUNICIPAL Nº 143
CONTIENE ORDENANZAS MUNICIPALES Nº
12106 / 12107 / 12108 / 12109 / 12110
12111 / 12112 / 12113 / 12122 / 12123
12124
INFORMACIÓN LEGISLATIVA
Publi"
boletines,20090504 - boletin-79.pdf,https://quilmes.gov.ar/pdf/boletines/boletin-79.pdf,,,33,"Información Legislativa
Publicado el 4 de mayo de 2009
11067/11082/11083/11084/11085/11086/11087/11088
MUNICIPIO DE QUILMES
BOLETÍN OFICIAL 
MUNICIPAL Nº 79
CONTIENE ORDENANZAS 
Y DECRETOS MUNICIPALES"
boletines,20190916 - boletin-304.pdf,https://quilmes.gov.ar/pdf/boletines/boletin-304.pdf,,,506,"Municipio de Quilmes
Boletín Oficial
Edición Nº304
16/09/2019"
boletines,20250801 - boletin-529.pdf,https://quilmes.gov.ar/pdf/boletines/boletin-529.pdf,,,4,"Municipio de Quilmes
Boletín Oficial
Edición Nº529
01/08/2025"
boletines,20230905 - boletin-489.pdf,https://quilmes.gov.ar/pdf/boletines/boletin-489.pdf,,,5,"Municipio de Quilmes
Boletín Oficial
Edición Nº489
05/09/2023"
boletines,20210506 - boletin-373.pdf,https://quilmes.gov.ar/pdf/boletines/boletin-373.pdf,,,817,"Municipio de Quilmes
Boletín Oficial
Edición Nº373
06/05/2021"
boletines,20140630 - boletin-169.pdf,https://quilmes.gov.ar/pdf/boletines/boletin-169.pdf,,,113,"MUNICIPIO DE QUILMES
BOLETÍN OFICIAL
MUNICIPAL Nº 169
DECRETOS MUNICIPALES Nº 
2600/14 AL 3485/14
INFORMACIÓN LEGISLATIVA
Publicado el 30 de junio de 2014"
boletines,20161101 - boletin-252.pdf,https://quilmes.gov.ar/pdf/boletines/boletin-252.pdf,,,114,"BOLETIN OFICIAL
MUNICIPAL Nº 252
ORDENANZAS MUNICIPALES Nº  
12625 (DECRETO 5129/2016) / 12626 / 
12627 / 12628
DECRETOS MUNICIPALES Nº
4782/16 a 5167/16
RESOLUCIONES MUNICIPALES Nº
345/16 A 353/16
IN"
boletines,20150424 - boletin-201.pdf,https://quilmes.gov.ar/pdf/boletines/boletin-201.pdf,,,62,"MUNICIPIO DE QUILMES
BOLETÍN OFICIAL
MUNICIPAL Nº 201
DECRETOS MUNICIPALES Nº
1622/15 A 1916/15
RESOLUCIONES MUNICIPALES Nº
150/15 A 196/15
INFORMACIÓN LEGISLATIVA
Publicado el 24 de abril de 2015"
boletines,20260526 - boletin-545.pdf,https://quilmes.gov.ar/pdf/boletines/boletin-545.pdf,,,4,"Municipio de Quilmes
Boletín Oficial
Edición Nº545
26/05/2026"
boletines,20131230 - boletin-153.pdf,https://quilmes.gov.ar/pdf/boletines/boletin-153.pdf,,,19,"MUNICIPIO DE QUILMES
BOLETÍN OFICIAL
MUNICIPAL Nº 153
DECRETOS MUNICIPALES Nº
5351/13 - 5186 AL 5269/13
INFORMACIÓN LEGISLATIVA
Publicado el 30 de diciembre de 2013"
boletines,20220310 - boletin-440.pdf,https://quilmes.gov.ar/pdf/boletines/boletin-440.pdf,,,177,"Municipio de Quilmes
Boletín Oficial
Edición Nº440
10/03/2022"
boletines,20120913 - boletin-128.pdf,https://quilmes.gov.ar/pdf/boletines/boletin-128.pdf,,,34,"MUNICIPIO DE QUILMES
BOLETÍN OFICIAL
MUNICIPAL Nº 128
CONTIENE ORDENANZAS MUNICIPALES Nº
11879 / 11880 / 11881 / 11882 / 11883 / 11899
DECRETO MUNICIPAL Nº 3922/2012
INFORMACIÓN LEGISLATIVA
Publicado "
boletines,20180627 - boletin-287.pdf,https://quilmes.gov.ar/pdf/boletines/boletin-287.pdf,,,194,"Municipio de Quilmes
Boletín Oficial
Edición Nº287
27/06/2018"
boletines,20230103 - boletin-472.pdf,https://quilmes.gov.ar/pdf/boletines/boletin-472.pdf,,,7,"Municipio de Quilmes
Boletín Oficial
Edición Nº472
03/01/2023"
boletines,20160817 - boletin-245.pdf,https://quilmes.gov.ar/pdf/boletines/boletin-245.pdf,,,50,"BOLETIN OFICIAL
MUNICIPAL Nº 245
DECRETOS MUNICIPALES Nº
3410/16 a 3584/16
RESOLUCIONES MUNICIPALES Nº
191/16 a 211/16
INFORMACIÓN LEGISLATIVA
Publicado el 17 de Agosto de 2016"
boletines,20241230 - boletin-513.pdf,https://quilmes.gov.ar/pdf/boletines/boletin-513.pdf,,,425,"Municipio de Quilmes
Boletín Oficial
Edición Nº513
30/12/2024"
boletines,20260522 - boletin-544.pdf,https://quilmes.gov.ar/pdf/boletines/boletin-544.pdf,,,4,"Municipio de Quilmes
Boletín Oficial
Edición Nº544
22/05/2026"
boletines,20211206 - boletin-422.pdf,https://quilmes.gov.ar/pdf/boletines/boletin-422.pdf,,,5,"Municipio de Quilmes
Boletín Oficial
Edición Nº422
06/12/2021"
boletines,20220103 - boletin-428.pdf,https://quilmes.gov.ar/pdf/boletines/boletin-428.pdf,,,457,"Municipio de Quilmes
Boletín Oficial
Edición Nº428
03/01/2022"
boletines,20210930 - boletin-404.pdf,https://quilmes.gov.ar/pdf/boletines/boletin-404.pdf,,,25,"Municipio de Quilmes
Boletín Oficial
Edición Nº404
30/09/2021"
boletines,20141230 - boletin-187.pdf,https://quilmes.gov.ar/pdf/boletines/boletin-187.pdf,,,10,"MUNICIPIO DE QUILMES
BOLETÍN OFICIAL
MUNICIPAL Nº 187
DECRETOS MUNICIPALES
Nº 7976/14 FERIA ADMINISTRATIVA.
Nº 7888/14 CALENDARIO FISCAL.
INFORMACIÓN LEGISLATIVA
Publicado el 30 de diciembre de 2014"
boletines,20231218 - boletin-495.pdf,https://quilmes.gov.ar/pdf/boletines/boletin-495.pdf,,,378,"Municipio de Quilmes
Boletín Oficial
Edición Nº495
18/12/2023"
boletines,20201118 - boletin-354.pdf,https://quilmes.gov.ar/pdf/boletines/boletin-354.pdf,,,18,"Municipio de Quilmes
Boletín Oficial
Edición Nº354
18/11/2020"
boletines,20230328 - boletin-475.pdf,https://quilmes.gov.ar/pdf/boletines/boletin-475.pdf,,,135,"Municipio de Quilmes
Boletín Oficial
Edición Nº475
28/03/2023"
boletines,20201218 - boletin-356.pdf,https://quilmes.gov.ar/pdf/boletines/boletin-356.pdf,,,11,"Municipio de Quilmes
Boletín Oficial
Edición Nº356
18/12/2020"
boletines,20141218 - boletin-185.pdf,https://quilmes.gov.ar/pdf/boletines/boletin-185.pdf,,,461,"MUNICIPIO DE QUILMES
BOLETÍN OFICIAL
MUNICIPAL Nº 185
ORDENANZA FISCAL Y TRIBUTARIA 2015
ORDENANZA MUNICIPAL Nº 12404
INFORMACIÓN LEGISLATIVA
Publicado el 18 de diciembre de 2014"
boletines,20170418 - boletin-263.pdf,https://quilmes.gov.ar/pdf/boletines/boletin-263.pdf,,,127,"Municipio de Quilmes
Boletín Oficial
Edición Nº263
18/04/2017"
boletines,20240430 - boletin-500.pdf,https://quilmes.gov.ar/pdf/boletines/boletin-500.pdf,,,361,"Municipio de Quilmes
Boletín Oficial
Edición Nº500
30/04/2024"
boletines,20120531 - boletin-122.pdf,https://quilmes.gov.ar/pdf/boletines/boletin-122.pdf,,,20,"MUNICIPIO DE QUILMES
BOLETÍN OFICIAL
MUNICIPAL Nº 122
CONTIENE ORDENANZAS MUNICIPALES Nº
11823 / 11824 / 11825 / 11826 / 11827 / 11829
CONTIENE DECRETOS MUNICIPALES Nº
2541 / 2012
INFORMACIÓN LEGISLAT"
boletines,20140508 - boletin-163.pdf,https://quilmes.gov.ar/pdf/boletines/boletin-163.pdf,,,45,"MUNICIPIO DE QUILMES
BOLETÍN OFICIAL
MUNICIPAL Nº 163
DECRETOS MUNICIPALES Nº
1827/14 AL 2053/14
INFORMACIÓN LEGISLATIVA
Publicado el 8 de mayo de 2014"
boletines,20240904 - boletin-509.pdf,https://quilmes.gov.ar/pdf/boletines/boletin-509.pdf,,,5,"Municipio de Quilmes
Boletín Oficial
Edición Nº509
04/09/2024"
boletines,20191227 - boletin-307.pdf,https://quilmes.gov.ar/pdf/boletines/boletin-307.pdf,,,503,"Municipio de Quilmes
Boletín Oficial
Edición Nº307
27/12/2019"
boletines,20150728 - boletin-211.pdf,https://quilmes.gov.ar/pdf/boletines/boletin-211.pdf,,,43,"MUNICIPIO DE QUILMES
BOLETÍN OFICIAL
MUNICIPAL Nº 211
DECRETOS MUNICIPALES Nº
3439/15 A 3651/15
RESOLUCIONES MUNICIPALES Nº
402/15 A 419/15
INFORMACIÓN LEGISLATIVA
Publicado el 28 de julio de 2015"
boletines,20200708 - boletin-335.pdf,https://quilmes.gov.ar/pdf/boletines/boletin-335.pdf,,,27,"Municipio de Quilmes
Boletín Oficial
Edición Nº335
08/07/2020"
boletines,20210728 - boletin-390.pdf,https://quilmes.gov.ar/pdf/boletines/boletin-390.pdf,,,10,"Municipio de Quilmes
Boletín Oficial
Edición Nº390
28/07/2021"
boletines,20160427 - boletin-234.pdf,https://quilmes.gov.ar/pdf/boletines/boletin-234.pdf,,,98,"BOLETIN OFICIAL
MUNICIPAL Nº 234
ORDENANZAS MUNICIPALES Nº
12551 / 12552 / 12553 / 12554 / 12555 / 
12556 / 12557 (VETADA) / 12558 / 12559 / 
12560
DECRETOS MUNICIPALES Nº
1801/16 A 1820/16 - 1822/16 "
boletines,20200220 - boletin-313.pdf,https://quilmes.gov.ar/pdf/boletines/boletin-313.pdf,,,5,"Municipio de Quilmes
Boletín Oficial
Edición Nº313
20/02/2020"
boletines,20171211 - boletin-276.pdf,https://quilmes.gov.ar/pdf/boletines/boletin-276.pdf,,,130,"Municipio de Quilmes
Boletín Oficial
Edición Nº276
11/12/2017"
boletines,20200928 - boletin-347.pdf,https://quilmes.gov.ar/pdf/boletines/boletin-347.pdf,,,17,"Municipio de Quilmes
Boletín Oficial
Edición Nº347
28/09/2020"
boletines,20260527 - boletin-546.pdf,https://quilmes.gov.ar/pdf/boletines/boletin-546.pdf,,,4,"Municipio de Quilmes
Boletín Oficial
Edición Nº546
27/05/2026"
boletines,20121217 - boletin-133.pdf,https://quilmes.gov.ar/pdf/boletines/boletin-133.pdf,,,91,"MUNICIPIO DE QUILMES
BOLETÍN OFICIAL
MUNICIPAL Nº 133
CONTIENE ORDENANZAS MUNICIPALES Nº
11990 / 11991 / 11992 / 11993 / 11995 / 11996 
11999 / 12000 / 12001 / 12002 / 12003 / 12004
12005 / 12006 / 12"
boletines,20140225 - boletin-156.pdf,https://quilmes.gov.ar/pdf/boletines/boletin-156.pdf,,,50,"MUNICIPIO DE QUILMES
BOLETÍN OFICIAL
MUNICIPAL Nº 156
DECRETOS MUNICIPALES Nº
527/14 AL 860/14
RESOLUCIONES MUNICIPALES Nº 
30/14 AL 45/14
INFORMACIÓN LEGISLATIVA
Publicado el 25 de febrero de 2014"
boletines,20220510 - boletin-448.pdf,https://quilmes.gov.ar/pdf/boletines/boletin-448.pdf,,,995,"Municipio de Quilmes
Boletín Oficial
Edición Nº448
10/05/2022"
boletines,20200109 - boletin-309.pdf,https://quilmes.gov.ar/pdf/boletines/boletin-309.pdf,,,5,"Municipio de Quilmes
Boletín Oficial
Edición Nº309
09/01/2020"
boletines,20141219 - boletin-186.pdf,https://quilmes.gov.ar/pdf/boletines/boletin-186.pdf,,,26,"MUNICIPIO DE QUILMES
BOLETÍN OFICIAL
MUNICIPAL Nº 186
ORDENANZA MUNICIPAL Nº 12405
DECRETOS MUNICIPALES Nº
7154/14 AL 7190/14
RESOLUCIONES MUNICIPALES Nº
332/14 A 334/14
INFORMACIÓN LEGISLATIVA
Public"
boletines,20210804 - boletin-391.pdf,https://quilmes.gov.ar/pdf/boletines/boletin-391.pdf,,,1260,"Municipio de Quilmes
Boletín Oficial
Edición Nº391
04/08/2021"
boletines,20131011 - boletin-145.pdf,https://quilmes.gov.ar/pdf/boletines/boletin-145.pdf,,,43,"MUNICIPIO DE QUILMES
BOLETÍN OFICIAL
MUNICIPAL Nº 145
CONTIENE ORDENANZAS MUNICIPALES Nº
12138 / 12139 / 12140 / 12141 / 12142 
12143 / 12144 / 12145
INFORMACIÓN LEGISLATIVA
Publicado el 11 de octubre"
boletines,20250319 - boletin-519.pdf,https://quilmes.gov.ar/pdf/boletines/boletin-519.pdf,,,4,"Municipio de Quilmes
Boletín Oficial
Edición Nº519
19/03/2025"
boletines,20170926 - boletin-272.pdf,https://quilmes.gov.ar/pdf/boletines/boletin-272.pdf,,,169,"Municipio de Quilmes
Boletín Oficial
Edición Nº272
26/09/2017"
boletines,20240903 - boletin-508.pdf,https://quilmes.gov.ar/pdf/boletines/boletin-508.pdf,,,5,"Municipio de Quilmes
Boletín Oficial
Edición Nº508
03/09/2024"
boletines,20260129 - boletin-539.pdf,https://quilmes.gov.ar/pdf/boletines/boletin-539.pdf,,,100,"Municipio de Quilmes
Boletín Oficial
Edición Nº539
29/01/2026"
boletines,20101006 - boletin-97.pdf,https://quilmes.gov.ar/pdf/boletines/boletin-97.pdf,,,118,"MUNICIPIO DE QUILMES
BOLETÍN OFICIAL
MUNICIPAL Nº 97
CONTIENE ORDENANZAS MUNICIPALES
11451 / 11452 / 11453 / 11454 / 11455 / 11456 
/ 11457 / 11458 / 11459 / 11460 / 11461 / 
11462 / 11463 / 11464 / 1"
boletines,20240717 - boletin-506.pdf,https://quilmes.gov.ar/pdf/boletines/boletin-506.pdf,,,310,"Municipio de Quilmes
Boletín Oficial
Edición Nº506
17/07/2024"
boletines,20151009 - boletin-218.pdf,https://quilmes.gov.ar/pdf/boletines/boletin-218.pdf,,,88,"MUNICIPIO DE QUILMES
BOLETÍN OFICIAL
MUNICIPAL Nº 218
ORDENANZAS MUNICIPALES Nº
12509 / 12510 / 12511 / 12512 / 
12514 / 12515 / 12516 / 12517 / 
12518
DECRETOS MUNICIPALES Nº
4728/15 A 5033/15
RESOLU"
boletines,20220207 - boletin-434.pdf,https://quilmes.gov.ar/pdf/boletines/boletin-434.pdf,,,1459,"Municipio de Quilmes
Boletín Oficial
Edición Nº434
07/02/2022"
boletines,20161003 - boletin-249.pdf,https://quilmes.gov.ar/pdf/boletines/boletin-249.pdf,,,96,"BOLETIN OFICIAL
MUNICIPAL Nº 249
ORDENANZAS MUNICIPALES Nº 
12610 (VETADA) / 12611 / 12612 / 12613 
/ 12614
DECRETOS MUNICIPALES Nº
4005/16 a 4288/16
RESOLUCIONES MUNICIPALES Nº
245/16 a 307/16
INFORM"
boletines,20220105 - boletin-431.pdf,https://quilmes.gov.ar/pdf/boletines/boletin-431.pdf,,,16,"Municipio de Quilmes
Boletín Oficial
Edición Nº431
05/01/2022"
boletines,20230706 - boletin-484.pdf,https://quilmes.gov.ar/pdf/boletines/boletin-484.pdf,,,126,"Municipio de Quilmes
Boletín Oficial
Edición Nº484
06/07/2023"
boletines,20150504 - boletin-202.pdf,https://quilmes.gov.ar/pdf/boletines/boletin-202.pdf,,,51,"MUNICIPIO DE QUILMES
BOLETÍN OFICIAL
MUNICIPAL Nº 202
ORDENANZAS MUNICIPALES Nº
12424 / 12425 / 12426 / 12427 / 
12428 / 12429
DECRETOS MUNICIPALES Nº
1917/15 A 1997/15
RESOLUCIONES MUNICIPALES Nº
197"
boletines,20171030 - boletin-274.pdf,https://quilmes.gov.ar/pdf/boletines/boletin-274.pdf,,,93,"Municipio de Quilmes
Boletín Oficial
Edición Nº274
30/10/2017"
boletines,20250731 - boletin-528.pdf,https://quilmes.gov.ar/pdf/boletines/boletin-528.pdf,,,4,"Municipio de Quilmes
Boletín Oficial
Edición Nº528
31/07/2025"
boletines,20120801 - boletin-125.pdf,https://quilmes.gov.ar/pdf/boletines/boletin-125.pdf,,,111,"MUNICIPIO DE QUILMES
BOLETÍN OFICIAL
MUNICIPAL Nº 125
CONTIENE ORDENANZAS MUNICIPALES Nº
11846 / 11847 / 11848 / 11849 / 11850 / 11851
11852 / 11853 / 11854 / 11855 / 11856 / 11857
11859 / 11860 / 118"
boletines,20150708 - boletin-209.pdf,https://quilmes.gov.ar/pdf/boletines/boletin-209.pdf,,,24,"MUNICIPIO DE QUILMES
BOLETÍN OFICIAL
MUNICIPAL Nº 209
DECRETOS MUNICIPALES Nº
3228/15 A 3331/15
RESOLUCIONES MUNICIPALES Nº
372/15 a 380/15
INFORMACIÓN LEGISLATIVA
Publicado el 8 de julio de 2015"
boletines,20211014 - boletin-407.pdf,https://quilmes.gov.ar/pdf/boletines/boletin-407.pdf,,,4,"Municipio de Quilmes
Boletín Oficial
Edición Nº407
14/10/2021"
boletines,20170123 - boletin-260.pdf,https://quilmes.gov.ar/pdf/boletines/boletin-260.pdf,,,18,"BOLETIN OFICIAL
MUNICIPAL Nº 260
ORDENANZAS MUNICIPALES Nº 
12664 / 12666 / 12668 / 12669 / 12670
EDICTO MUNICIPAL
EXPEDIENTE Nº 4091-23492-S-2016
INFORMACIÓN LEGISLATIVA
Publicado el 23 de enero de 2"
boletines,20141002 - boletin-177.pdf,https://quilmes.gov.ar/pdf/boletines/boletin-177.pdf,,,32,"MUNICIPIO DE QUILMES
BOLETÍN OFICIAL
MUNICIPAL Nº 177
DECRETOS MUNICIPALES Nº 
5759 / 5760 / 5761 / 5762 / 5827 
(LICITACIONES PUBLICAS)
DECRETOS MUNICIPALES Nº 
5555 / 5557 / 5560 A 5676
INFORMACIÓN "
boletines,20090831 - boletin-83.pdf,https://quilmes.gov.ar/pdf/boletines/boletin-83.pdf,,,29,"Información Legislativa
Publicado el 31 de agosto de 2009
MUNICIPIO DE QUILMES
BOLETÍN OFICIAL 
MUNICIPAL Nº 83
11157 / 11170 / 11172 / 11173 / 11174 / 11175 / 11176 /
11182 / 11183 / 11184 / 11185 / "
boletines,20090112 - boletin-76.pdf,https://quilmes.gov.ar/pdf/boletines/boletin-76.pdf,,,106,"Información Legislativa
Publicado el 12 de enero de 2009
10945/10946/10951/10952/10954/10955/10956/10957/
10958/10959/10960/10961/10963/10964/10965/10972/
10983/10984/10985/10986/10987/10988/10990/109"
boletines,20250730 - boletin-527.pdf,https://quilmes.gov.ar/pdf/boletines/boletin-527.pdf,,,8,"Municipio de Quilmes
Boletín Oficial
Edición Nº527
30/07/2025"
boletines,20200417 - boletin-318.pdf,https://quilmes.gov.ar/pdf/boletines/boletin-318.pdf,,,52,"Municipio de Quilmes
Boletín Oficial
Edición Nº318
17/04/2020"
boletines,20150612 - boletin-206.pdf,https://quilmes.gov.ar/pdf/boletines/boletin-206.pdf,,,59,"MUNICIPIO DE QUILMES
BOLETÍN OFICIAL
MUNICIPAL Nº 206
ORDENANZAS MUNICIPALES Nº
12449 / 12450 / 12451 / 12452 / 
12453
DECRETOS MUNICIPALES Nº
2625/15 A 2656/15 Y 2662/15 A 
2831/15
RESOLUCIONES MUNIC"
boletines,20120217 - boletin-119.pdf,https://quilmes.gov.ar/pdf/boletines/boletin-119.pdf,,,10,"MUNICIPIO DE QUILMES
BOLETÍN OFICIAL
MUNICIPAL Nº 119
CONTIENE DECRETO MUNICIPAL
Nº 0463/2012
Creación del Registro de Apoderados
Internos
INFORMACIÓN LEGISLATIVA
Publicado el 17 de febrero de 2012"
boletines,20150921 - boletin-216.pdf,https://quilmes.gov.ar/pdf/boletines/boletin-216.pdf,,,37,"MUNICIPIO DE QUILMES
BOLETÍN OFICIAL
MUNICIPAL Nº 216
DECRETOS MUNICIPALES Nº
4360/15 A 4525/15
RESOLUCIONES MUNICIPALES Nº
517/15 a 527/15
INFORMACIÓN LEGISLATIVA
Publicado el 21 de septiembre de 201"
boletines,20211015 - boletin-409.pdf,https://quilmes.gov.ar/pdf/boletines/boletin-409.pdf,,,26,"Municipio de Quilmes
Boletín Oficial
Edición Nº409
15/10/2021"
boletines,20220311 - boletin-442.pdf,https://quilmes.gov.ar/pdf/boletines/boletin-442.pdf,,,227,"Municipio de Quilmes
Boletín Oficial
Edición Nº442
11/03/2022"
boletines,20210907 - boletin-400.pdf,https://quilmes.gov.ar/pdf/boletines/boletin-400.pdf,,,5,"Municipio de Quilmes
Boletín Oficial
Edición Nº400
07/09/2021"
boletines,20180222 - boletin-281.pdf,https://quilmes.gov.ar/pdf/boletines/boletin-281.pdf,,,147,"Municipio de Quilmes
Boletín Oficial
Edición Nº281
22/02/2018"
boletines,20220112 - boletin-433.pdf,https://quilmes.gov.ar/pdf/boletines/boletin-433.pdf,,,119,"Municipio de Quilmes
Boletín Oficial
Edición Nº433
12/01/2022"
boletines,20130925 - boletin-144.pdf,https://quilmes.gov.ar/pdf/boletines/boletin-144.pdf,,,48,"MUNICIPIO DE QUILMES
BOLETÍN OFICIAL
MUNICIPAL Nº 144
CONTIENE ORDENANZAS MUNICIPALES Nº
12125/ 12126 / 12127 / 12128 / 12129
12130 / 12131/ 12132 / 12133 / 12134
12135 / 12136 / 12137
DECRETO MUNICIP"
boletines,20200427 - boletin-320.pdf,https://quilmes.gov.ar/pdf/boletines/boletin-320.pdf,,,11,"Municipio de Quilmes
Boletín Oficial
Edición Nº320
27/04/2020"
boletines,20220112 - boletin-432.pdf,https://quilmes.gov.ar/pdf/boletines/boletin-432.pdf,,,447,"Municipio de Quilmes
Boletín Oficial
Edición Nº432
12/01/2022"
boletines,20200429 - boletin-322.pdf,https://quilmes.gov.ar/pdf/boletines/boletin-322.pdf,,,8,"Municipio de Quilmes
Boletín Oficial
Edición Nº322
29/04/2020"
boletines,20211227 - boletin-426.pdf,https://quilmes.gov.ar/pdf/boletines/boletin-426.pdf,,,456,"Municipio de Quilmes
Boletín Oficial
Edición Nº426
27/12/2021"
boletines,20170516 - boletin-265.pdf,https://quilmes.gov.ar/pdf/boletines/boletin-265.pdf,,,113,"Municipio de Quilmes
Boletín Oficial
Edición Nº265
16/05/2017"
boletines,20251222 - boletin-538.pdf,https://quilmes.gov.ar/pdf/boletines/boletin-538.pdf,,,8,"Municipio de Quilmes
Boletín Oficial
Edición Nº538
22/12/2025"
boletines,20141008 - boletin-178.pdf,https://quilmes.gov.ar/pdf/boletines/boletin-178.pdf,,,62,"MUNICIPIO DE QUILMES
BOLETÍN OFICIAL
MUNICIPAL Nº 178
ORDENANZAS MUNICIPALES Nº 
12360 A 12365
DECRETOS MUNICIPALES Nº 
5677 / 2014 A 5758 / 2014
Y 5763 / 2014 A 5904 / 2014
INFORMACIÓN LEGISLATIVA
Pu"
boletines,20221215 - boletin-466.pdf,https://quilmes.gov.ar/pdf/boletines/boletin-466.pdf,,,231,"Municipio de Quilmes
Boletín Oficial
Edición Nº466
15/12/2022"
boletines,20140602 - boletin-166.pdf,https://quilmes.gov.ar/pdf/boletines/boletin-166.pdf,,,185,"MUNICIPIO DE QUILMES
BOLETÍN OFICIAL
MUNICIPAL Nº 166
ORDENANZAS MUNICIPALES Nº 
12193 A 12264
INFORMACIÓN LEGISLATIVA
Publicado el 2 de junio de 2014"
boletines,20110913 - boletin-109.pdf,https://quilmes.gov.ar/pdf/boletines/boletin-109.pdf,,,55,"MUNICIPIO DE QUILMES
BOLETÍN OFICIAL
MUNICIPAL Nº 109
CONTIENE ORDENANZAS MUNICIPALES
11691 / 11692 / 11693 / 11698 / 11699 / 11702
11706 / 11707 / 11709 / 11710
INFORMACIÓN LEGISLATIVA
Publicado el 1"
boletines,20140108 - boletin-154.pdf,https://quilmes.gov.ar/pdf/boletines/boletin-154.pdf,,,31,"MUNICIPIO DE QUILMES
BOLETÍN OFICIAL
MUNICIPAL Nº 154
DECRETOS MUNICIPALES Nº
5270/13 AL 5403/13 - 0001/14 AL 0015/14
RESOLUCIONES MUNICIPALES Nº 
309/13 AL 327/13 - 333/13 AL 339/13 
341/13 AL 343/13"
boletines,20210319 - boletin-363.pdf,https://quilmes.gov.ar/pdf/boletines/boletin-363.pdf,,,1552,"Municipio de Quilmes
Boletín Oficial
Edición Nº363
19/03/2021"
boletines,20180417 - boletin-284.pdf,https://quilmes.gov.ar/pdf/boletines/boletin-284.pdf,,,263,"Municipio de Quilmes
Boletín Oficial
Edición Nº284
17/04/2018"
boletines,20131209 - boletin-150.pdf,https://quilmes.gov.ar/pdf/boletines/boletin-150.pdf,,,467,"MUNICIPIO DE QUILMES
BOLETÍN OFICIAL
MUNICIPAL Nº 150
CONTIENE ORDENANZA MUNICIPAL
Nº 12174
PRESUPUESTO AÑO 2014
INFORMACIÓN LEGISLATIVA
Publicado el 09 de diciembre de 2013"
boletines,20200619 - boletin-333.pdf,https://quilmes.gov.ar/pdf/boletines/boletin-333.pdf,,,62,"Municipio de Quilmes
Boletín Oficial
Edición Nº333
19/06/2020"
boletines,20260608 - boletin-549.pdf,https://quilmes.gov.ar/pdf/boletines/boletin-549.pdf,,,4,"Municipio de Quilmes
Boletín Oficial
Edición Nº549
05/06/2026"
boletines,20090116 - boletin-74-fe-de-erratas.pdf,https://quilmes.gov.ar/pdf/boletines/boletin-74.pdf,,,27,"Boletín Oficial Municipal, 16 de enero de 2009
1
Información Legislativa
Publicado el 16 de enero de 2009
MUNICIPIO DE QUILMES
BOLETÍN
FE DE ERRATAS
CORRESPONDIENTE
AL BOLETÍN
MUNICIPAL Nº 74"
boletines,20181207 - boletin-293.pdf,https://quilmes.gov.ar/pdf/boletines/boletin-293.pdf,,,321,"Municipio de Quilmes
Boletín Oficial
Edición Nº293
07/12/2018"
boletines,20211110 - boletin-416.pdf,https://quilmes.gov.ar/pdf/boletines/boletin-416.pdf,,,117,"Municipio de Quilmes
Boletín Oficial
Edición Nº416
10/11/2021"
boletines,20210908 - boletin-401.pdf,https://quilmes.gov.ar/pdf/boletines/boletin-401.pdf,,,5,"Municipio de Quilmes
Boletín Oficial
Edición Nº401
08/09/2021"
boletines,20220105 - boletin-430.pdf,https://quilmes.gov.ar/pdf/boletines/boletin-430.pdf,,,105,"Municipio de Quilmes
Boletín Oficial
Edición Nº430
05/01/2022"
boletines,20211013 - boletin-406.pdf,https://quilmes.gov.ar/pdf/boletines/boletin-406.pdf,,,4,"Municipio de Quilmes
Boletín Oficial
Edición Nº406
13/10/2021"
boletines,20200914 - boletin-343.pdf,https://quilmes.gov.ar/pdf/boletines/boletin-343.pdf,,,5,"Municipio de Quilmes
Boletín Oficial
Edición Nº343
14/09/2020"
boletines,20230413 - boletin-477.pdf,https://quilmes.gov.ar/pdf/boletines/boletin-477.pdf,,,418,"Municipio de Quilmes
Boletín Oficial
Edición Nº477
13/04/2023"
boletines,20160603 - boletin-238.pdf,https://quilmes.gov.ar/pdf/boletines/boletin-238.pdf,,,25,"BOLETIN OFICIAL
MUNICIPAL Nº 238
DECRETOS MUNICIPALES Nº
2225/16 A 2313/16
RESOLUCIONES MUNICIPALES Nº
99/16 A 101/16
INFORMACIÓN LEGISLATIVA
Publicado el 3 de junio de 2016"
boletines,20200218 - boletin-312.pdf,https://quilmes.gov.ar/pdf/boletines/boletin-312.pdf,,,66,"Municipio de Quilmes
Boletín Oficial
Edición Nº312
18/02/2020"
boletines,20220607 - boletin-451.pdf,https://quilmes.gov.ar/pdf/boletines/boletin-451.pdf,,,5,"Municipio de Quilmes
Boletín Oficial
Edición Nº451
07/06/2022"
boletines,20141020 - boletin-179.pdf,https://quilmes.gov.ar/pdf/boletines/boletin-179.pdf,,,79,"MUNICIPIO DE QUILMES
BOLETÍN OFICIAL
MUNICIPAL Nº 179
DECRETOS MUNICIPALES Nº 
5905/2014 A 5917/2014 
5924/2014A 6279/2014
DECRETOS MUNICIPALES Nº 
6280/2014 Y 6281/2014
LICITACIONES PUBLICAS NACIONAL"
boletines,20120109 - boletin-116.pdf,https://quilmes.gov.ar/pdf/boletines/boletin-116.pdf,,,79,"MUNICIPIO DE QUILMES
BOLETÍN OFICIAL
MUNICIPAL Nº 116
CONTIENE ORDENANZAS MUNICIPALES
11794 / 11795 / 11996 / 11797 / 11798 / 11799
11800 / 11801 / 11808 / 11809 / 11810 / 11811
11812 / 11813 / 11814 "
boletines,20200427 - boletin-319.pdf,https://quilmes.gov.ar/pdf/boletines/boletin-319.pdf,,,95,"Municipio de Quilmes
Boletín Oficial
Edición Nº319
27/04/2020"
boletines,20200508 - boletin-324.pdf,https://quilmes.gov.ar/pdf/boletines/boletin-324.pdf,,,19,"Municipio de Quilmes
Boletín Oficial
Edición Nº324
08/05/2020"
boletines,20250430 - boletin-523.pdf,https://quilmes.gov.ar/pdf/boletines/boletin-523.pdf,,,8,"Municipio de Quilmes
Boletín Oficial
Edición Nº523
30/04/2025"
boletines,20160808 - boletin-244.pdf,https://quilmes.gov.ar/pdf/boletines/boletin-244.pdf,,,23,"BOLETIN OFICIAL
MUNICIPAL Nº 244
DECRETOS MUNICIPALES Nº
Nº 3320/16 a 3409/16
RESOLUCIONES MUNICIPALES Nº
Nº 186/16 a 190/16.-
INFORMACIÓN LEGISLATIVA
Publicado el 08 de Agosto de 2016"
boletines,20091230 - boletin-92.pdf,https://quilmes.gov.ar/pdf/boletines/boletin-92.pdf,,,356,"Boletín Oficial Municipal, 30 de diciembre de 2009
1
Información Legislativa
Publicado el 30 de diciembre de 2009
MUNICIPIO DE QUILMES
BOLETÍN OFICIAL 
MUNICIPAL Nº 92
Nº 11344/09
CONTIENE
ORDENANZA M"
boletines,20210820 - boletin-396.pdf,https://quilmes.gov.ar/pdf/boletines/boletin-396.pdf,,,890,"Municipio de Quilmes
Boletín Oficial
Edición Nº396
20/08/2021"
boletines,20141201 - boletin-183.pdf,https://quilmes.gov.ar/pdf/boletines/boletin-183.pdf,,,110,"MUNICIPIO DE QUILMES
BOLETÍN OFICIAL
MUNICIPAL Nº 183
ORDENANZAS MUNICIPALES Nº 
12382 A 12395
DECRETOS MUNICIPALES Nº
6725/14 AL 6935/14
INFORMACIÓN LEGISLATIVA
Publicado el 1 de diciembre de 2014"
boletines,20190813 - boletin-303.pdf,https://quilmes.gov.ar/pdf/boletines/boletin-303.pdf,,,346,"Municipio de Quilmes
Boletín Oficial
Edición Nº303
13/08/2019"
boletines,20190110 - boletin-295.pdf,https://quilmes.gov.ar/pdf/boletines/boletin-295.pdf,,,4,"Municipio de Quilmes
Boletín Oficial
Edición Nº295
10/01/2019"
boletines,20171113 - boletin-275.pdf,https://quilmes.gov.ar/pdf/boletines/boletin-275.pdf,,,98,"Municipio de Quilmes
Boletín Oficial
Edición Nº275
13/11/2017"
boletines,20140828 - boletin-173.pdf,https://quilmes.gov.ar/pdf/boletines/boletin-173.pdf,,,161,"MUNICIPIO DE QUILMES
BOLETÍN OFICIAL
MUNICIPAL Nº 173
ORDENANZAS MUNICIPALES Nº
12307 A 12326
DECRETOS MUNICIPALES Nº 
4181/14 AL 4286/14
DECRETOS MUNICIPALES Nº
4696/14 Y 4730/14.
RESOLUCIONES MUNICI"
boletines,20220909 - boletin-460.pdf,https://quilmes.gov.ar/pdf/boletines/boletin-460.pdf,,,122,"Municipio de Quilmes
Boletín Oficial
Edición Nº460
09/09/2022"
boletines,20161024 - boletin-251.pdf,https://quilmes.gov.ar/pdf/boletines/boletin-251.pdf,,,154,"BOLETIN OFICIAL
MUNICIPAL Nº 251
ORDENANZAS MUNICIPALES Nº  
12616 / 12617 / 12618 / 12619 / 12620 / 
12621 / 12622 / 12623 / 12624
DECRETOS MUNICIPALES Nº
4289/16 A 4595/16 - 4597/16 A 4781/16
RESOLU"
boletines,20250901 - boletin-531.pdf,https://quilmes.gov.ar/pdf/boletines/boletin-531.pdf,,,4,"Municipio de Quilmes
Boletín Oficial
Edición Nº531
01/09/2025"
boletines,20170628 - boletin-268.pdf,https://quilmes.gov.ar/pdf/boletines/boletin-268.pdf,,,54,"Municipio de Quilmes
Boletín Oficial
Edición Nº268
28/06/2017"
boletines,20161228 - boletin-257.pdf,https://quilmes.gov.ar/pdf/boletines/boletin-257.pdf,,,174,"BOLETIN OFICIAL
MUNICIPAL Nº 257
ORDENANZA MUNICIPAL Nº 12663 
FISCAL Y TRIBUTARIA AÑO 2017
INFORMACIÓN LEGISLATIVA
Publicado el 28 de diciembre de 2016"
boletines,20161230 - boletin-258.pdf,https://quilmes.gov.ar/pdf/boletines/boletin-258.pdf,,,154,"BOLETIN OFICIAL
MUNICIPAL Nº 258
DECRETOS MUNICIPALES Nº
5905 A 6081/16 - 6083 A 6568/16
DECRETO Nº 5919/16
CALENDARIO FISCAL AÑO 2017
DECRETO Nº 6092/16
PLAN FACILIDADES DE PAGO
RESOLUCIONES MUNICIPA"
boletines,20201118 - boletin-353.pdf,https://quilmes.gov.ar/pdf/boletines/boletin-353.pdf,,,91,"Municipio de Quilmes
Boletín Oficial
Edición Nº353
18/11/2020"
boletines,20120103 - boletin-114.pdf,https://quilmes.gov.ar/pdf/boletines/boletin-114.pdf,,,421,"MUNICIPIO DE QUILMES
BOLETÍN OFICIAL
MUNICIPAL Nº 114
CONTIENE ORDENANZA MUNICIPAL
Nº 11815
ORDENANZA FISCAL Y TRIBUTARIA AÑO 2012
INFORMACIÓN LEGISLATIVA
Publicado el 3 de enero de 2012"
boletines,20260216 - boletin-541.pdf,https://quilmes.gov.ar/pdf/boletines/boletin-541.pdf,,,5,"Municipio de Quilmes
Boletín Oficial
Edición Nº541
16/03/2026"
boletines,20150330 - boletin-198.pdf,https://quilmes.gov.ar/pdf/boletines/boletin-198.pdf,,,37,"MUNICIPIO DE QUILMES
BOLETÍN OFICIAL
MUNICIPAL Nº 198
DECRETOS MUNICIPALES Nº
1274/15 al 1453/15
INFORMACIÓN LEGISLATIVA
Publicado el 30 de marzo de 2015"
boletines,20220309 - boletin-438.pdf,https://quilmes.gov.ar/pdf/boletines/boletin-438.pdf,,,18,"Municipio de Quilmes
Boletín Oficial
Edición Nº438
09/03/2022"
boletines,20160414 - boletin-233.pdf,https://quilmes.gov.ar/pdf/boletines/boletin-233.pdf,,,69,"BOLETIN OFICIAL
MUNICIPAL Nº 233
DECRETOS MUNICIPALES Nº
1434/16 A 1800/16
RESOLUCIONES MUNICIPALES Nº
041/16 A 048/16
INFORMACIÓN LEGISLATIVA
Publicado el 14 de abril de 2016"
boletines,20150410 - boletin-199.pdf,https://quilmes.gov.ar/pdf/boletines/boletin-199.pdf,,,35,"MUNICIPIO DE QUILMES
BOLETÍN OFICIAL
MUNICIPAL Nº 199
DECRETO MUNICIPAL Nº
1454/15 AL 1571/2015
RESOLUCIONES MUNICIPALES Nº
90/2015 A 146/2015
INFORMACIÓN LEGISLATIVA
Publicado el 10 de abril de 2015"
boletines,20200520 - boletin-327.pdf,https://quilmes.gov.ar/pdf/boletines/boletin-327.pdf,,,17,"Municipio de Quilmes
Boletín Oficial
Edición Nº327
20/05/2020"
boletines,20140204 - boletin-155.pdf,https://quilmes.gov.ar/pdf/boletines/boletin-155.pdf,,,99,"MUNICIPIO DE QUILMES
BOLETÍN OFICIAL
MUNICIPAL Nº 155
DECRETOS MUNICIPALES Nº
5404/13 al 5451/13 - 0016/14 al 
0527/174 - 390/14
RESOLUCIONES MUNICIPALES Nº 
0001/14 al 0029/14.-
INFORMACIÓN LEGISLATI"
boletines,20230706 - boletin-483.pdf,https://quilmes.gov.ar/pdf/boletines/boletin-483.pdf,,,308,"Municipio de Quilmes
Boletín Oficial
Edición Nº483
06/07/2023"
boletines,20181101 - boletin-292.pdf,https://quilmes.gov.ar/pdf/boletines/boletin-292.pdf,,,283,"Municipio de Quilmes
Boletín Oficial
Edición Nº292
01/11/2018"
boletines,20130510 - boletin-138.pdf,https://quilmes.gov.ar/pdf/boletines/boletin-138.pdf,,,69,"MUNICIPIO DE QUILMES
BOLETÍN OFICIAL
MUNICIPAL Nº 138
CONTIENE ORDENANZAS MUNICIPALES Nº
12021 / 12022 / 12023 / 12024 / 12025 
12026 / 12027 / 12028 / 12029 / 12030 
12033 / 12044 / 12052 / 12054 / 1"
boletines,20140421 - boletin-159.pdf,https://quilmes.gov.ar/pdf/boletines/boletin-159.pdf,,,29,"MUNICIPIO DE QUILMES
BOLETÍN OFICIAL
MUNICIPAL Nº 159
ORDENANZAS MUNICIPALES Nº 
12190 y 12191
DECRETOS MUNICIPALES Nº
1107/14 AL 1150/14
DECRETO MUNICIPAL Nº 
1727/14
REGISTRO ESPECIAL DE MAYORES CON"
boletines,20260227 - boletin-540.pdf,https://quilmes.gov.ar/pdf/boletines/boletin-540.pdf,,,12,"Municipio de Quilmes
Boletín Oficial
Edición Nº540
27/02/2026"
boletines,20090115 - boletin-77.pdf,https://quilmes.gov.ar/pdf/boletines/boletin-77.pdf,,,115,"Información Legislativa
Publicado el 15 de enero de 2009
11024/11025/11026/11027/11040/11042/11049/11050/11051/11058
/11060/11061/11062/11063/11064/11065/11066/11068/11069
/11070/11071/11072/11073/110"
boletines,20090105 - boletin-73.pdf,https://quilmes.gov.ar/pdf/boletines/boletin-73.pdf,,,1,"BOLETÍN OFICIAL 
Nº 73
CONTIENE ORDENANZAS
y DECRETOS MUNICIPALES 
11028
Información legislativa
Publicado el 5 de enero de 2009
MUNICIPIO DE QUILMES"
boletines,20100806 - boletin-95.pdf,https://quilmes.gov.ar/pdf/boletines/boletin-95.pdf,,,22,"MUNICIPIO DE QUILMES
BOLETÍN OFICIAL
MUNICIPAL Nº 95
CONTIENE ORDENANZAS MUNICIPALES
11379 / 11380 / 11389 / 11390 / 11391 / 11392
INFORMACIÓN LEGISLATIVA
Publicado el 06 de agosto de 2010"
boletines,20140616 - boletin-168.pdf,https://quilmes.gov.ar/pdf/boletines/boletin-168.pdf,,,43,"MUNICIPIO DE QUILMES
BOLETÍN OFICIAL
MUNICIPAL Nº 168
DECRETOS MUNICIPALES Nº
2420/14 AL2599/14
RESOLUCIONES MUNICIPALES Nº
106/14 AL 137/14
INFORMACIÓN LEGISLATIVA
Publicado el 16 de junio de 2014"
boletines,20150122 - boletin-192.pdf,https://quilmes.gov.ar/pdf/boletines/boletin-192.pdf,,,13,"MUNICIPIO DE QUILMES
BOLETÍN OFICIAL
MUNICIPAL Nº 192
EDICTO Y DECRETOS MUNICIPALES 
Nº 0001/15 AL 00042/15
INFORMACIÓN LEGISLATIVA
Publicado el 22 de enero de 2015"
boletines,20211018 - boletin-411.pdf,https://quilmes.gov.ar/pdf/boletines/boletin-411.pdf,,,5,"Municipio de Quilmes
Boletín Oficial
Edición Nº411
18/10/2021"
boletines,20210506 - boletin-374.pdf,https://quilmes.gov.ar/pdf/boletines/boletin-374.pdf,,,26,"Municipio de Quilmes
Boletín Oficial
Edición Nº374
06/05/2021"
boletines,20140807 - boletin-172.pdf,https://quilmes.gov.ar/pdf/boletines/boletin-172.pdf,,,78,"MUNICIPIO DE QUILMES
BOLETÍN OFICIAL
MUNICIPAL Nº 172
ORDENANZAS MUNICIPALES Nº
12295 A 12306
DECRETOS MUNICIPALES Nº 
3980/14 AL 4180/14
INFORMACIÓN LEGISLATIVA
Publicado el 7 de agosto de 2014"
boletines,20110510 - boletin-106.pdf,https://quilmes.gov.ar/pdf/boletines/boletin-106.pdf,,,19,"MUNICIPIO DE QUILMES
BOLETÍN OFICIAL
MUNICIPAL Nº 106
CONTIENE ORDENANZAS MUNICIPALES
11629 / 11630
INFORMACIÓN LEGISLATIVA
Publicado el 10 de mayo de 2011"
boletines,20260330 - boletin-542.pdf,https://quilmes.gov.ar/pdf/boletines/boletin-542.pdf,,,104,"Municipio de Quilmes
Boletín Oficial
Edición Nº542
30/03/2026"
boletines,20201104 - boletin-351.pdf,https://quilmes.gov.ar/pdf/boletines/boletin-351.pdf,,,71,"Municipio de Quilmes
Boletín Oficial
Edición Nº351
04/11/2020"
boletines,20230503 - boletin-479.pdf,https://quilmes.gov.ar/pdf/boletines/boletin-479.pdf,,,372,"Municipio de Quilmes
Boletín Oficial
Edición Nº479
03/05/2023"
boletines,20221006 - boletin-462.pdf,https://quilmes.gov.ar/pdf/boletines/boletin-462.pdf,,,252,"Municipio de Quilmes
Boletín Oficial
Edición Nº462
06/10/2022"
boletines,20220608 - boletin-452.pdf,https://quilmes.gov.ar/pdf/boletines/boletin-452.pdf,,,5,"Municipio de Quilmes
Boletín Oficial
Edición Nº452
08/06/2022"
boletines,20160729 - boletin-243.pdf,https://quilmes.gov.ar/pdf/boletines/boletin-243.pdf,,,91,"BOLETIN OFICIAL
MUNICIPAL Nº 243
ORDENANZAS MUNICIPALES Nº
12586, 12587, 12588, 12589, 12590, 
12591, 12593, 12594, 12595, 12596
DECRETOS MUNICIPALES Nº
Nº 3068/16 a 3319/16
RESOLUCIONES MUNICIPALES N"
boletines,20131028 - boletin-146.pdf,https://quilmes.gov.ar/pdf/boletines/boletin-146.pdf,,,29,"MUNICIPIO DE QUILMES
BOLETÍN OFICIAL
MUNICIPAL Nº 146
CONTIENE ORDENANZAS MUNICIPALES Nº
12146 / 12147 / 12148 / 12149 / 12150
DECRETO MUNICIPAL Nº
3502-13 / 4105-13 / 4104-13 / 4103-13 
4102-13 / 410"
boletines,20230203 - boletin-473.pdf,https://quilmes.gov.ar/pdf/boletines/boletin-473.pdf,,,214,"Municipio de Quilmes
Boletín Oficial
Edición Nº473
03/02/2023"
boletines,20250326 - boletin-521.pdf,https://quilmes.gov.ar/pdf/boletines/boletin-521.pdf,,,5,"Municipio de Quilmes
Boletín Oficial
Edición Nº521
26/03/2025"
boletines,20210804 - boletin-392.pdf,https://quilmes.gov.ar/pdf/boletines/boletin-392.pdf,,,17,"Municipio de Quilmes
Boletín Oficial
Edición Nº392
04/08/2021"
boletines,20210728 - boletin-389.pdf,https://quilmes.gov.ar/pdf/boletines/boletin-389.pdf,,,488,"Municipio de Quilmes
Boletín Oficial
Edición Nº389
28/07/2021"
boletines,20200626 - boletin-334.pdf,https://quilmes.gov.ar/pdf/boletines/boletin-334.pdf,,,6,"Municipio de Quilmes
Boletín Oficial
Edición Nº334
26/06/2020"
boletines,20210630 - boletin-381.pdf,https://quilmes.gov.ar/pdf/boletines/boletin-381.pdf,,,2114,"Municipio de Quilmes
Boletín Oficial
Edición Nº381
30/06/2021"
boletines,20250227 - boletin-516.pdf,https://quilmes.gov.ar/pdf/boletines/boletin-516.pdf,,,5,"Municipio de Quilmes
Boletín Oficial
Edición Nº516
27/02/2025"
boletines,20210520 - boletin-375.pdf,https://quilmes.gov.ar/pdf/boletines/boletin-375.pdf,,,1132,"Municipio de Quilmes
Boletín Oficial
Edición Nº375
20/05/2021"
boletines,20211123 - boletin-418.pdf,https://quilmes.gov.ar/pdf/boletines/boletin-418.pdf,,,71,"Municipio de Quilmes
Boletín Oficial
Edición Nº418
23/11/2021"
boletines,20190204 - boletin-297.pdf,https://quilmes.gov.ar/pdf/boletines/boletin-297.pdf,,,476,"Municipio de Quilmes
Boletín Oficial
Edición Nº297
04/02/2019"
boletines,20240122 - boletin-496.pdf,https://quilmes.gov.ar/pdf/boletines/boletin-496.pdf,,,340,"Municipio de Quilmes
Boletín Oficial
Edición Nº496
22/01/2024"
boletines,20180109 - boletin-278.pdf,https://quilmes.gov.ar/pdf/boletines/boletin-278.pdf,,,129,"Municipio de Quilmes
Boletín Oficial
Edición Nº278
09/01/2018"
boletines,20190111 - boletin-296.pdf,https://quilmes.gov.ar/pdf/boletines/boletin-296.pdf,,,4,"Municipio de Quilmes
Boletín Oficial
Edición Nº296
11/01/2019"
boletines,20161213 - boletin-256.pdf,https://quilmes.gov.ar/pdf/boletines/boletin-256.pdf,,,105,"BOLETIN OFICIAL
MUNICIPAL Nº 256
ORDENANZAS MUNICIPALES Nº  
12649( vetada) / 12652 (vetada) / 12655 
/ 12656 / 12657 / 12658 / 12659 / 12661 
/ 12662
DECRETOS MUNICIPALES Nº
 5702/16 A 5904/16
RESOLU"
boletines,20260608 - boletin-550.pdf,https://quilmes.gov.ar/pdf/boletines/boletin-550.pdf,,,4,"Municipio de Quilmes
Boletín Oficial
Edición Nº550
08/06/2026"
boletines,20151030 - boletin-219.pdf,https://quilmes.gov.ar/pdf/boletines/boletin-219.pdf,,,45,"MUNICIPIO DE QUILMES
BOLETÍN OFICIAL
MUNICIPAL Nº 219 
ORDENANZAS MUNICIPALES Nº
12345 / 12346
DECRETOS MUNICIPALES Nº
5034/15 a 5253/15
RESOLUCIONES MUNICIPALES Nº
553/15 a 570/15
INFORMACIÓN LEGISLA"
boletines,20111004 - boletin-110.pdf,https://quilmes.gov.ar/pdf/boletines/boletin-110.pdf,,,21,"MUNICIPIO DE QUILMES
BOLETÍN OFICIAL
MUNICIPAL Nº 110
CONTIENE ORDENANZAS MUNICIPALES
11711 / 11712 / 11713 / 11714 / 11715 / 11723
11724 / 11725
INFORMACIÓN LEGISLATIVA
Publicado el 4 de octubre de 2"
boletines,20221229 - boletin-468.pdf,https://quilmes.gov.ar/pdf/boletines/boletin-468.pdf,,,150,"Municipio de Quilmes
Boletín Oficial
Edición Nº468
29/12/2022"
boletines,20110613 - boletin-107.pdf,https://quilmes.gov.ar/pdf/boletines/boletin-107.pdf,,,91,"MUNICIPIO DE QUILMES
BOLETÍN OFICIAL
MUNICIPAL Nº 107
CONTIENE ORDENANZAS MUNICIPALES
11648 / 11649 / 11650 / 11651 / 11652 / 11653 
11655 / 11656 / 11657 / 11658 / 11659 / 11660 
11661 / 11662 / 1166"
boletines,20150107 - boletin-189.pdf,https://quilmes.gov.ar/pdf/boletines/boletin-189.pdf,,,48,"MUNICIPIO DE QUILMES
BOLETÍN OFICIAL
MUNICIPAL Nº 189
DECRETOS MUNICIPALES Nº 
7191/14 AL 7313/14 Y 7328/14 AL 
7453/14
DECRETO 0009/15
INFORMACIÓN LEGISLATIVA
Publicado el 7 de enero de 2015"
boletines,20111219 - boletin-113.pdf,https://quilmes.gov.ar/pdf/boletines/boletin-113.pdf,,,47,"MUNICIPIO DE QUILMES
BOLETÍN OFICIAL
MUNICIPAL Nº 113
CONTIENE ORDENANZAS MUNICIPALES
11771 / 11772 / 11774 / 11775 / 11776 / 11777
11778 / 11779 / 11788 / 11791
DECRETO MUNICIPAL Nº: 5503/2011
Asueto"
boletines,20211209 - boletin-424.pdf,https://quilmes.gov.ar/pdf/boletines/boletin-424.pdf,,,182,"Municipio de Quilmes
Boletín Oficial
Edición Nº424
09/12/2021"
boletines,20211201 - boletin-419.pdf,https://quilmes.gov.ar/pdf/boletines/boletin-419.pdf,,,512,"Municipio de Quilmes
Boletín Oficial
Edición Nº419
01/12/2021"
boletines,20220103 - boletin-429.pdf,https://quilmes.gov.ar/pdf/boletines/boletin-429.pdf,,,37,"Municipio de Quilmes
Boletín Oficial
Edición Nº429
03/01/2022"
boletines,20080901 - boletin-72.pdf,https://quilmes.gov.ar/pdf/boletines/boletin-72.pdf,,,83,"BOLETÍN OFICIAL
Nº 72
CONTIENE ORDENANZAS  
y DECRETOS MUNICIPALES
Información Legislativa
Publicado el día 1 de Septiembre de 2008
10704-10705-10706-10707-10708-10709-10710-10711-10712-10717-
10718-1"
boletines,20091030 - boletin-87.pdf,https://quilmes.gov.ar/pdf/boletines/boletin-87.pdf,,,187,"Información Legislativa
Publicado el 30 de octubre de 2009
11213 / 11214 / 11215 / 11216 / 11223 / 11224 / 11225 / 11226 / 
11227 / 11229 / 11230 / 11232 / 11233 / 11234 / 11235 / 11237 / 
11238 / 112"
boletines,20210212 - boletin-361.pdf,https://quilmes.gov.ar/pdf/boletines/boletin-361.pdf,,,1026,"Municipio de Quilmes
Boletín Oficial
Edición Nº361
12/02/2021"
boletines,20100903 - boletin-96.pdf,https://quilmes.gov.ar/pdf/boletines/boletin-96.pdf,,,47,"MUNICIPIO DE QUILMES
BOLETÍN OFICIAL
MUNICIPAL Nº 96
CONTIENE ORDENANZAS MUNICIPALES
11410 / 11411 / 11412 / 11413 / 11432 / 11433 
11434/ 11435 / 11436 / 11437 / 11438 / 11439
ORDENANZA Nº 11469 VETA"
boletines,20251111 - boletin-536.pdf,https://quilmes.gov.ar/pdf/boletines/boletin-536.pdf,,,4,"Municipio de Quilmes
Boletín Oficial
Edición Nº536
11/11/2025"
boletines,20150928 - boletin-217.pdf,https://quilmes.gov.ar/pdf/boletines/boletin-217.pdf,,,82,"MUNICIPIO DE QUILMES
BOLETÍN OFICIAL
MUNICIPAL Nº 217
ORDENANZAS MUNICIPALES Nº
12498 A 12508
DECRETOS MUNICIPALES Nº
4526/15 A 4727/15
RESOLUCIONES MUNICIPALES Nº
528/15 a 541/15
INFORMACIÓN LEGISLAT"
boletines,20191022 - boletin-305.pdf,https://quilmes.gov.ar/pdf/boletines/boletin-305.pdf,,,661,"Municipio de Quilmes
Boletín Oficial
Edición Nº305
22/10/2019"
boletines,20221124 - boletin-465.pdf,https://quilmes.gov.ar/pdf/boletines/boletin-465.pdf,,,133,"Municipio de Quilmes
Boletín Oficial
Edición Nº465
24/11/2022"
boletines,20221006 - boletin-463.pdf,https://quilmes.gov.ar/pdf/boletines/boletin-463.pdf,,,105,"Municipio de Quilmes
Boletín Oficial
Edición Nº463
06/10/2022"
boletines,20200106 - boletin-308.pdf,https://quilmes.gov.ar/pdf/boletines/boletin-308.pdf,,,152,"Municipio de Quilmes
Boletín Oficial
Edición Nº308
06/01/2020"
boletines,20140423 - boletin-160.pdf,https://quilmes.gov.ar/pdf/boletines/boletin-160.pdf,,,53,"MUNICIPIO DE QUILMES
BOLETÍN OFICIAL
MUNICIPAL Nº 160
DECRETOS MUNICIPALES Nº
1151/14 AL 1394/14
RESOLUCIONES MUNICIPALES Nº
047/14 A 105/14
INFORMACIÓN LEGISLATIVA
Publicado el 23 de abril de 2014"
boletines,20121113 - boletin-131.pdf,https://quilmes.gov.ar/pdf/boletines/boletin-131.pdf,,,92,"MUNICIPIO DE QUILMES
BOLETÍN OFICIAL
MUNICIPAL Nº 131
CONTIENE ORDENANZAS MUNICIPALES Nº
11971 / 11972 / 11973 / 11974 / 11975 / 11976 
11977 / 11979 / 11980 / 11981 / 11982 / 11983 
11986 / 11987 / 1"
boletines,20150317 - boletin-197.pdf,https://quilmes.gov.ar/pdf/boletines/boletin-197.pdf,,,45,"MUNICIPIO DE QUILMES
BOLETÍN OFICIAL
MUNICIPAL Nº 197
DECRETOS MUNICIPALES Nº
1063/15 A 1273/15
RESOLUCIONES MUNICIPALES Nº
71/15 A 89/15
INFORMACIÓN LEGISLATIVA
Publicado el 17 de marzo de 2015"
boletines,20200907 - boletin-342.pdf,https://quilmes.gov.ar/pdf/boletines/boletin-342.pdf,,,17,"Municipio de Quilmes
Boletín Oficial
Edición Nº342
07/09/2020"
boletines,20200602 - boletin-330.pdf,https://quilmes.gov.ar/pdf/boletines/boletin-330.pdf,,,13,"Municipio de Quilmes
Boletín Oficial
Edición Nº330
02/06/2020"
boletines,20170601 - boletin-266.pdf,https://quilmes.gov.ar/pdf/boletines/boletin-266.pdf,,,101,"Municipio de Quilmes
Boletín Oficial
Edición Nº266
01/06/2017"
boletines,20210906 - boletin-399.pdf,https://quilmes.gov.ar/pdf/boletines/boletin-399.pdf,,,507,"Municipio de Quilmes
Boletín Oficial
Edición Nº399
06/09/2021"
boletines,20160329 - boletin-231.pdf,https://quilmes.gov.ar/pdf/boletines/boletin-231.pdf,,,50,"BOLETIN OFICIAL
MUNICIPAL Nº 231
DECRETOS MUNICIPALES Nº
943/16 a 1199/16
RESOLUCIONES MUNICIPALES Nº
024/16 a 026/16
INFORMACIÓN LEGISLATIVA
Publicado el 29 de marzo de 2016"
boletines,20180109 - boletin-279.pdf,https://quilmes.gov.ar/pdf/boletines/boletin-279.pdf,,,4,"Municipio de Quilmes
Boletín Oficial
Edición Nº279
09/01/2018"
boletines,20170815 - boletin-270.pdf,https://quilmes.gov.ar/pdf/boletines/boletin-270.pdf,,,196,"Municipio de Quilmes
Boletín Oficial
Edición Nº270
15/08/2017"
boletines,20200724 - boletin-337.pdf,https://quilmes.gov.ar/pdf/boletines/boletin-337.pdf,,,70,"Municipio de Quilmes
Boletín Oficial
Edición Nº337
24/07/2020"
boletines,20251111 - boletin-535.pdf,https://quilmes.gov.ar/pdf/boletines/boletin-535.pdf,,,4,"Municipio de Quilmes
Boletín Oficial
Edición Nº535
10/11/2025"
boletines,20220622 - boletin-453.pdf,https://quilmes.gov.ar/pdf/boletines/boletin-453.pdf,,,865,"Municipio de Quilmes
Boletín Oficial
Edición Nº453
22/06/2022"
boletines,20200520 - boletin-326.pdf,https://quilmes.gov.ar/pdf/boletines/boletin-326.pdf,,,52,"Municipio de Quilmes
Boletín Oficial
Edición Nº326
20/05/2020"
boletines,20250228 - boletin-517.pdf,https://quilmes.gov.ar/pdf/boletines/boletin-517.pdf,,,5,"Municipio de Quilmes
Boletín Oficial
Edición Nº517
28/02/2025"
boletines,20120209 - boletin-118.pdf,https://quilmes.gov.ar/pdf/boletines/boletin-118.pdf,,,6,"MUNICIPIO DE QUILMES
BOLETÍN OFICIAL
MUNICIPAL Nº 118
CONTIENE ORDENANZA MUNICIPAL
Nº 11818
DECLARA LA EMERGENCIA SANITARIA Y 
AMBIENTAL
INFORMACIÓN LEGISLATIVA
Publicado el 9 de febrero de 2012"
boletines,20241031 - boletin-511.pdf,https://quilmes.gov.ar/pdf/boletines/boletin-511.pdf,,,452,"Municipio de Quilmes
Boletín Oficial
Edición Nº511
31/10/2024"
boletines,20230904 - boletin-487.pdf,https://quilmes.gov.ar/pdf/boletines/boletin-487.pdf,,,226,"Municipio de Quilmes
Boletín Oficial
Edición Nº487
04/09/2023"
boletines,20211202 - boletin-420.pdf,https://quilmes.gov.ar/pdf/boletines/boletin-420.pdf,,,78,"Municipio de Quilmes
Boletín Oficial
Edición Nº420
02/12/2021"
boletines,20170619 - boletin-267.pdf,https://quilmes.gov.ar/pdf/boletines/boletin-267.pdf,,,127,"Municipio de Quilmes
Boletín Oficial
Edición Nº267
19/06/2017"
boletines,20190520 - boletin-300.pdf,https://quilmes.gov.ar/pdf/boletines/boletin-300.pdf,,,276,"Municipio de Quilmes
Boletín Oficial
Edición Nº300
20/05/2019"
boletines,20210104 - boletin-358.pdf,https://quilmes.gov.ar/pdf/boletines/boletin-358.pdf,,,422,"Municipio de Quilmes
Boletín Oficial
Edición Nº358
04/01/2021"
boletines,20120411 - boletin-120.pdf,https://quilmes.gov.ar/pdf/boletines/boletin-120.pdf,,,28,"MUNICIPIO DE QUILMES
BOLETÍN OFICIAL
MUNICIPAL Nº 120
CONTIENE ORDENANZA MUNICIPAL
Nº 11819 / 11820
DECRETO MUNICIPAL Nº 1404/2012
Creación de la Gerencia del Centro de Quilmes (GCQ)
DECRETO MUNICIPAL"
boletines,20130625 - boletin-140.pdf,https://quilmes.gov.ar/pdf/boletines/boletin-140.pdf,,,81,"MUNICIPIO DE QUILMES
BOLETÍN OFICIAL
MUNICIPAL Nº 140
CONTIENE ORDENANZAS MUNICIPALES Nº
12059 / 12060 / 12061 / 12062 / 12064 
12065 / 12066 / 12067 / 12068 / 12069 
12070 / 12071 / 12072 / 12078 / 1"
boletines,20151130 - boletin-221.pdf,https://quilmes.gov.ar/pdf/boletines/boletin-221.pdf,,,335,"MUNICIPIO DE QUILMES
BOLETÍN OFICIAL
MUNICIPAL Nº 221
ORDENANZAS MUNICIPALES Nº
12349 A 12351 / 12520 A 12535
DECRETOS MUNICIPALES Nº
5574/15 A 6861/15
INFORMACIÓN LEGISLATIVA
Publicado el 30 de novie"
boletines,20250530 - boletin-524.pdf,https://quilmes.gov.ar/pdf/boletines/boletin-524.pdf,,,533,"Municipio de Quilmes
Boletín Oficial
Edición Nº524
30/05/2025"
boletines,20221230 - boletin-469.pdf,https://quilmes.gov.ar/pdf/boletines/boletin-469.pdf,,,32,"Municipio de Quilmes
Boletín Oficial
Edición Nº469
30/12/2022"
boletines,20250325 - boletin-520.pdf,https://quilmes.gov.ar/pdf/boletines/boletin-520.pdf,,,5,"Municipio de Quilmes
Boletín Oficial
Edición Nº520
25/03/2025"
boletines,20231031 - boletin-492.pdf,https://quilmes.gov.ar/pdf/boletines/boletin-492.pdf,,,156,"Municipio de Quilmes
Boletín Oficial
Edición Nº492
31/10/2023"
boletines,20231221 - boletin-497.pdf,https://quilmes.gov.ar/pdf/boletines/boletin-497.pdf,,,268,"Municipio de Quilmes
Boletín Oficial
Edición Nº497"
boletines,20250305 - boletin-518.pdf,https://quilmes.gov.ar/pdf/boletines/boletin-518.pdf,,,5,"Municipio de Quilmes
Boletín Oficial
Edición Nº518
05/03/2025"
boletines,20210719 - boletin-387.pdf,https://quilmes.gov.ar/pdf/boletines/boletin-387.pdf,,,89,"Municipio de Quilmes
Boletín Oficial
Edición Nº387
19/07/2021"
boletines,20230414 - boletin-478.pdf,https://quilmes.gov.ar/pdf/boletines/boletin-478.pdf,,,70,"Municipio de Quilmes
Boletín Oficial
Edición Nº478
14/04/2023"
boletines,20211207 - boletin-423.pdf,https://quilmes.gov.ar/pdf/boletines/boletin-423.pdf,,,5,"Municipio de Quilmes
Boletín Oficial
Edición Nº423
07/12/2021"
boletines,20200207 - boletin-311.pdf,https://quilmes.gov.ar/pdf/boletines/boletin-311.pdf,,,197,"Municipio de Quilmes
Boletín Oficial
Edición Nº311
07/02/2020"
boletines,20210702 - boletin-385.pdf,https://quilmes.gov.ar/pdf/boletines/boletin-385.pdf,,,13,"Municipio de Quilmes
Boletín Oficial
Edición Nº385
02/07/2021"
boletines,20110114 - boletin-103.pdf,https://quilmes.gov.ar/pdf/boletines/boletin-103.pdf,,,201,"MUNICIPIO DE QUILMES
BOLETÍN OFICIAL
MUNICIPAL Nº 103
CONTIENE ORDENANZAS MUNICIPALES
11568 / 11570 / 11571 / 11572 / 11573 / 11574 
11575 / 11577 / 11578 / 11579 / 11580 / 11581 
11582 / 11583 / 1158"
boletines,20210719 - boletin-386.pdf,https://quilmes.gov.ar/pdf/boletines/boletin-386.pdf,,,1710,"Municipio de Quilmes
Boletín Oficial
Edición Nº386
19/07/2021"
boletines,20210420 - boletin-370.pdf,https://quilmes.gov.ar/pdf/boletines/boletin-370.pdf,,,13,"Municipio de Quilmes
Boletín Oficial
Edición Nº370
20/04/2021"
boletines,20110801 - boletin-108.pdf,https://quilmes.gov.ar/pdf/boletines/boletin-108.pdf,,,17,"MUNICIPIO DE QUILMES
BOLETÍN OFICIAL
MUNICIPAL Nº 108
CONTIENE ORDENANZAS MUNICIPALES
11684 / 11685 / 11686 / 11687 / 11688 / 11689
11690
INFORMACIÓN LEGISLATIVA
Publicado el 1 de agosto de 2011"
boletines,20121015 - boletin-130.pdf,https://quilmes.gov.ar/pdf/boletines/boletin-130.pdf,,,127,"MUNICIPIO DE QUILMES
BOLETÍN OFICIAL
MUNICIPAL Nº 130
CONTIENE ORDENANZAS MUNICIPALES Nº
11901 / 11902 / 11903 / 11904 / 11905 / 11906 
11917 / 11918 / 11919 / 11920 / 11921 / 11922 
11923 / 11924 / 1"
boletines,20141113 - boletin-182.pdf,https://quilmes.gov.ar/pdf/boletines/boletin-182.pdf,,,81,"MUNICIPIO DE QUILMES
BOLETÍN OFICIAL
MUNICIPAL Nº 182
ORDENANZAS MUNICIPALES Nº 
12372 / 12373 / 12374 / 12375 
12376 / 12377 / 12378 / 12379 
12380 / 12381
DECRETOS MUNICIPALES Nº
6487/14 A 6562/14 Y"
boletines,20120427 - boletin-121.pdf,https://quilmes.gov.ar/pdf/boletines/boletin-121.pdf,,,27,"MUNICIPIO DE QUILMES
BOLETÍN OFICIAL
MUNICIPAL Nº 121
CONTIENE ORDENANZAS MUNICIPALES
Nº 11821 / 11822 / 11828
CONTIENE DECRETOS MUNICIPALES Nº
1619/2012 - 1625/2012 - 1849/2012
INFORMACIÓN LEGISLATIV"
boletines,20190613 - boletin-301.pdf,https://quilmes.gov.ar/pdf/boletines/boletin-301.pdf,,,584,"Municipio de Quilmes
Boletín Oficial
Edición Nº301
13/06/2019"
boletines,20140912 - boletin-174.pdf,https://quilmes.gov.ar/pdf/boletines/boletin-174.pdf,,,121,"MUNICIPIO DE QUILMES
BOLETÍN OFICIAL
MUNICIPAL Nº 174
ORDENANZAS MUNICIPALES Nº
12327 A 12342
DECRETOS MUNICIPALES Nº 
4672/2014 A 5107/2014
RESOLUCIONES MUNICIPALES Nº 
234/2014 A 254/2014
INFORMACIÓ"
boletines,20180507 - boletin-285.pdf,https://quilmes.gov.ar/pdf/boletines/boletin-285.pdf,,,227,"Municipio de Quilmes
Boletín Oficial
Edición Nº285
07/05/2018"
boletines,20200826 - boletin-340.pdf,https://quilmes.gov.ar/pdf/boletines/boletin-340.pdf,,,81,"Municipio de Quilmes
Boletín Oficial
Edición Nº340
26/08/2020"
boletines,20250430 - boletin-522.pdf,https://quilmes.gov.ar/pdf/boletines/boletin-522.pdf,,,471,"Municipio de Quilmes
Boletín Oficial
Edición Nº522
30/04/2025"
boletines,20221122 - boletin-464.pdf,https://quilmes.gov.ar/pdf/boletines/boletin-464.pdf,,,620,"Municipio de Quilmes
Boletín Oficial
Edición Nº464
22/11/2022"
boletines,20210122 - boletin-360.pdf,https://quilmes.gov.ar/pdf/boletines/boletin-360.pdf,,,16,"Municipio de Quilmes
Boletín Oficial
Edición Nº360
22/01/2021"
boletines,20160211 - boletin-228.pdf,https://quilmes.gov.ar/pdf/boletines/boletin-228.pdf,,,55,"BOLETIN OFICIAL
MUNICIPAL Nº 228
DECRETOS MUNICIPALES Nº
235/16 A 519/16
RESOLUCIONES MUNICIPALES Nº
003/16 A 012/16
INFORMACIÓN LEGISLATIVA
Publicado el 11 de febrero de 2016"
boletines,20230612 - boletin-481.pdf,https://quilmes.gov.ar/pdf/boletines/boletin-481.pdf,,,445,"Municipio de Quilmes
Boletín Oficial
Edición Nº481
12/06/2023"
boletines,20251006 - boletin-533.pdf,https://quilmes.gov.ar/pdf/boletines/boletin-533.pdf,,,167,"Municipio de Quilmes
Boletín Oficial
Edición Nº533
06/10/2025"
boletines,20131104 - boletin-147.pdf,https://quilmes.gov.ar/pdf/boletines/boletin-147.pdf,,,9,"MUNICIPIO DE QUILMES
BOLETÍN OFICIAL
MUNICIPAL Nº 147
CONTIENE ORDENANZAS MUNICIPALES Nº
12159
DECRETO MUNICIPAL Nº
4313/2013
INFORMACIÓN LEGISLATIVA
Publicado el 4 de noviembre de 2013"
boletines,20251222 - boletin-537.pdf,https://quilmes.gov.ar/pdf/boletines/boletin-537.pdf,,,270,"Municipio de Quilmes
Boletín Oficial
Edición Nº537
19/12/2025"
boletines,20141104 - boletin-181.pdf,https://quilmes.gov.ar/pdf/boletines/boletin-181.pdf,,,26,"MUNICIPIO DE QUILMES
BOLETÍN OFICIAL
MUNICIPAL Nº 181
DECRETOS MUNICIPALES Nº 
6384/14 A 6455/14 Y 6457/14
A 6485/14
DECRETOS MUNICIPALES Nº
6563/14 - EMERGENCIA CLIMATICA
RESOLUCIONES MUNICIPALES Nº
"
boletines,20091223 - boletin-90.pdf,https://quilmes.gov.ar/pdf/boletines/boletin-90.pdf,,,11,"Boletín Oficial Municipal, 30 de diciembre de 2009
1
Información Legislativa
Publicado el 30 de diciembre de 2009
MUNICIPIO DE QUILMES
BOLETÍN OFICIAL 
MUNICIPAL Nº 90 BIS   
ANEXO ORDENANZA
FISCAL Y "
boletines,20220429 - boletin-446.pdf,https://quilmes.gov.ar/pdf/boletines/boletin-446.pdf,,,829,"Municipio de Quilmes
Boletín Oficial
Edición Nº446
29/04/2022"
boletines,20200928 - boletin-346.pdf,https://quilmes.gov.ar/pdf/boletines/boletin-346.pdf,,,35,"Municipio de Quilmes
Boletín Oficial
Edición Nº346
28/09/2020"
boletines,20161207 - boletin-255.pdf,https://quilmes.gov.ar/pdf/boletines/boletin-255.pdf,,,56,"BOLETIN OFICIAL
MUNICIPAL Nº 255
ORDENANZAS MUNICIPALES Nº  
12647 / 12648 / 12650 / 12651 / 12653 / 
12654
DECRETOS MUNICIPALES Nº
5549/16 A 5701/16
RESOLUCIONES MUNICIPALES Nº
361/16 A 367/16
INFORM"
boletines,20220913 - boletin-461.pdf,https://quilmes.gov.ar/pdf/boletines/boletin-461.pdf,,,50,"Municipio de Quilmes
Boletín Oficial
Edición Nº461
13/09/2022"
boletines,20090108 - boletin-75.pdf,https://quilmes.gov.ar/pdf/boletines/boletin-75.pdf,,,287,"Información Legislativa
Publicado el 8 de enero de 2009
10805 /10806 /10824 /10825 /10826 /10829 /10831 /10832 /10833/
10839/10841/10842 /10843 /10844 /10845 /10846 /10854 /10855 /
10856/10859/10862/1"
boletines,20250725 - boletin-526.pdf,https://quilmes.gov.ar/pdf/boletines/boletin-526.pdf,,,93,"Municipio de Quilmes
Boletín Oficial
Edición Nº526
25/07/2025"
boletines,20140520 - boletin-164.pdf,https://quilmes.gov.ar/pdf/boletines/boletin-164.pdf,,,23,"MUNICIPIO DE QUILMES
BOLETÍN OFICIAL
MUNICIPAL Nº 164
DECRETOS MUNICIPALES Nº
2054/14 AL 2224/14
INFORMACIÓN LEGISLATIVA
Publicado el 20 de mayo de 2014"
boletines,20210701 - boletin-383.pdf,https://quilmes.gov.ar/pdf/boletines/boletin-383.pdf,,,131,"Municipio de Quilmes
Boletín Oficial
Edición Nº383
01/07/2021"
boletines,20160916 - boletin-248.pdf,https://quilmes.gov.ar/pdf/boletines/boletin-248.pdf,,,67,"BOLETIN OFICIAL
MUNICIPAL Nº 248
ORDENANZAS MUNICIPALES Nº 
12615
DECRETOS MUNICIPALES Nº
 3740/16 a 3790/16 - 3793/16 - 3795/16 - 
3799/16 a 4004/16
RESOLUCIONES MUNICIPALES Nº
239/16 a 244/16
INFORM"
boletines,20200923 - boletin-345.pdf,https://quilmes.gov.ar/pdf/boletines/boletin-345.pdf,,,53,"Municipio de Quilmes
Boletín Oficial
Edición Nº345
23/09/2020"
boletines,20260608 - boletin-548.pdf,https://quilmes.gov.ar/pdf/boletines/boletin-548.pdf,,,4,"Municipio de Quilmes
Boletín Oficial
Edición Nº548
04/06/2026"
boletines,20210104 - boletin-357.pdf,https://quilmes.gov.ar/pdf/boletines/boletin-357.pdf,,,668,"Municipio de Quilmes
Boletín Oficial
Edición Nº357
04/01/2021"
boletines,20211228 - boletin-427.pdf,https://quilmes.gov.ar/pdf/boletines/boletin-427.pdf,,,4,"Municipio de Quilmes
Boletín Oficial
Edición Nº427
28/12/2021"
boletines,20140317 - boletin-158.pdf,https://quilmes.gov.ar/pdf/boletines/boletin-158.pdf,,,27,"MUNICIPIO DE QUILMES
BOLETÍN OFICIAL
MUNICIPAL Nº 158
DECRETOS MUNICIPALES Nº
949/14 AL 1106/14
INFORMACIÓN LEGISLATIVA
Publicado el 17 de marzo de 2014"
boletines,20220817 - boletin-458.pdf,https://quilmes.gov.ar/pdf/boletines/boletin-458.pdf,,,81,"Municipio de Quilmes
Boletín Oficial
Edición Nº458
17/08/2022"
boletines,20211119 - boletin-417.pdf,https://quilmes.gov.ar/pdf/boletines/boletin-417.pdf,,,65,"Municipio de Quilmes
Boletín Oficial
Edición Nº417
19/11/2021"
boletines,20211206 - boletin-421.pdf,https://quilmes.gov.ar/pdf/boletines/boletin-421.pdf,,,535,"Municipio de Quilmes
Boletín Oficial
Edición Nº421
06/12/2021"
boletines,20140507 - boletin-162.pdf,https://quilmes.gov.ar/pdf/boletines/boletin-162.pdf,,,43,"MUNICIPIO DE QUILMES
BOLETÍN OFICIAL
MUNICIPAL Nº 162
DECRETOS MUNICIPALES Nº
1511/2014 AL 1826/2014
INFORMACIÓN LEGISLATIVA
Publicado el 7 de mayo de 2014"
boletines,20210420 - boletin-369.pdf,https://quilmes.gov.ar/pdf/boletines/boletin-369.pdf,,,361,"Municipio de Quilmes
Boletín Oficial
Edición Nº369
20/04/2021"
boletines,20210319 - boletin-364.pdf,https://quilmes.gov.ar/pdf/boletines/boletin-364.pdf,,,16,"Municipio de Quilmes
Boletín Oficial
Edición Nº364
19/03/2021"
boletines,20150820 - boletin-213.pdf,https://quilmes.gov.ar/pdf/boletines/boletin-213.pdf,,,28,"MUNICIPIO DE QUILMES
BOLETÍN OFICIAL
MUNICIPAL Nº 213
DECRETOS MUNICIPALES Nº
3909/15 A 4033/15
RESOLUCIONES MUNICIPALES Nº
450/15 A 472/15
INFORMACIÓN LEGISLATIVA
Publicado el 20 de agosto de 2015"
boletines,20120628 - boletin-123.pdf,https://quilmes.gov.ar/pdf/boletines/boletin-123.pdf,,,34,"MUNICIPIO DE QUILMES
BOLETÍN OFICIAL
MUNICIPAL Nº 123
CONTIENE ORDENANZAS MUNICIPALES Nº
11832 / 11833 / 11834 / 11835 / 11836 / 11839
11840 / 11844
INFORMACIÓN LEGISLATIVA
Publicado el 28 de junio de"
boletines,20221221 - boletin-467.pdf,https://quilmes.gov.ar/pdf/boletines/boletin-467.pdf,,,378,"Municipio de Quilmes
Boletín Oficial
Edición Nº467
21/12/2022"
boletines,20090121 - boletin-80.pdf,https://quilmes.gov.ar/pdf/boletines/boletin-80.pdf,,,260,"Información Legislativa
Publicado el 21 de enero de 2009
MUNICIPIO DE QUILMES
BOLETÍN OFICIAL Nº 78
ORDENANZA Nº 11080"
boletines,20200529 - boletin-329.pdf,https://quilmes.gov.ar/pdf/boletines/boletin-329.pdf,,,19,"Municipio de Quilmes
Boletín Oficial
Edición Nº329
29/05/2020"
boletines,20211103 - boletin-414.pdf,https://quilmes.gov.ar/pdf/boletines/boletin-414.pdf,,,4,"Municipio de Quilmes
Boletín Oficial
Edición Nº414
03/11/2021"
boletines,20220207 - boletin-435.pdf,https://quilmes.gov.ar/pdf/boletines/boletin-435.pdf,,,5,"Municipio de Quilmes
Boletín Oficial
Edición Nº435
07/02/2022"
boletines,20210521 - boletin-377.pdf,https://quilmes.gov.ar/pdf/boletines/boletin-377.pdf,,,97,"Municipio de Quilmes
Boletín Oficial
Edición Nº377
21/05/2021"
boletines,20230904 - boletin-488.pdf,https://quilmes.gov.ar/pdf/boletines/boletin-488.pdf,,,5,"Municipio de Quilmes
Boletín Oficial
Edición Nº488
04/09/2023"
boletines,20191120 - boletin-306.pdf,https://quilmes.gov.ar/pdf/boletines/boletin-306.pdf,,,280,"Municipio de Quilmes
Boletín Oficial
Edición Nº306
20/11/2019"
boletines,20131126 - boletin-148.pdf,https://quilmes.gov.ar/pdf/boletines/boletin-148.pdf,,,470,"MUNICIPIO DE QUILMES
BOLETÍN OFICIAL
MUNICIPAL Nº 148
CONTIENE ORDENANZA MUNICIPAL
Nº 12167/13
ORDENANZA FISCAL Y TRIBUTARIA AÑO 2014
INFORMACIÓN LEGISLATIVA
Publicado el 26 de noviembre de 2013"
boletines,20190312 - boletin-298.pdf,https://quilmes.gov.ar/pdf/boletines/boletin-298.pdf,,,369,"Municipio de Quilmes
Boletín Oficial
Edición Nº298
12/03/2019"
boletines,20200617 - boletin-332.pdf,https://quilmes.gov.ar/pdf/boletines/boletin-332.pdf,,,9,"Municipio de Quilmes
Boletín Oficial
Edición Nº332
17/06/2020"
boletines,20161130 - boletin-254.pdf,https://quilmes.gov.ar/pdf/boletines/boletin-254.pdf,,,87,"BOLETIN OFICIAL
MUNICIPAL Nº 254
ORDENANZAS MUNICIPALES Nº  
12636 / 12637 / 12638 / 12639 / 12640 / 
12660
DECRETOS MUNICIPALES Nº
5281/16 A 5371/16 - 5377/16 A 5513/16 
- 5515/16 A 5548/16
RESOLUCIO"
boletines,20200612 - boletin-331.pdf,https://quilmes.gov.ar/pdf/boletines/boletin-331.pdf,,,20,"Municipio de Quilmes
Boletín Oficial
Edición Nº331
12/06/2020"
boletines,20170831 - boletin-271.pdf,https://quilmes.gov.ar/pdf/boletines/boletin-271.pdf,,,123,"Municipio de Quilmes
Boletín Oficial
Edición Nº271
31/08/2017"
boletines,20211015 - boletin-408.pdf,https://quilmes.gov.ar/pdf/boletines/boletin-408.pdf,,,4,"Municipio de Quilmes
Boletín Oficial
Edición Nº408
15/10/2021"
boletines,20200429 - boletin-321.pdf,https://quilmes.gov.ar/pdf/boletines/boletin-321.pdf,,,52,"Municipio de Quilmes
Boletín Oficial
Edición Nº321
29/04/2020"
boletines,20250130 - boletin-514.pdf,https://quilmes.gov.ar/pdf/boletines/boletin-514.pdf,,,138,"Municipio de Quilmes
Boletín Oficial
Edición Nº514
30/01/2025"
boletines,20090930 - boletin-86.pdf,https://quilmes.gov.ar/pdf/boletines/boletin-86.pdf,,,115,"Información Legislativa
Publicado el 30 de septiembre de 2009
11192 / 11193 / 11194 / 11195 / 11196 / 11197 / 11198 / 11199 / 
11200 / 11201 / 11202 / 11207 / 11209 / 11210 / 11211 / 11228
MUNICIPIO D"
boletines,20150218 - boletin-194.pdf,https://quilmes.gov.ar/pdf/boletines/boletin-194.pdf,,,63,"MUNICIPIO DE QUILMES
BOLETÍN OFICIAL
MUNICIPAL Nº 194
DECRETOS MUNICIPALES Nº 
0319/15 AL 0638/15
RESOLUCIONES MUNICIPALES Nº 
17/15 AL 36/15.-
INFORMACIÓN LEGISLATIVA
Publicado el 18 de febrero de 20"
boletines,20170104 - boletin-259.pdf,https://quilmes.gov.ar/pdf/boletines/boletin-259.pdf,,,489,"BOLETIN OFICIAL
MUNICIPAL Nº 259
PRESUPUESTO AÑO 2017
INFORMACIÓN LEGISLATIVA
Publicado el 4 de enero de 2017"
boletines,20160108 - boletin-226.pdf,https://quilmes.gov.ar/pdf/boletines/boletin-226.pdf,,,86,"BOLETIN OFICIAL
MUNICIPAL Nº 226
ORDENANZAS MUNICIPALES Nº
12547 / 12548  / 12549 / 12550
DECRETOS MUNICIPALES Nº
8046/15 a 8379/15
RESOLUCIONES MUNICIPALES Nº
636/15
DECRETOS MUNICIPALES Nº
0001/16 a"
boletines,20160311 - boletin-230.pdf,https://quilmes.gov.ar/pdf/boletines/boletin-230.pdf,,,38,"BOLETIN OFICIAL
MUNICIPAL Nº 230
DECRETOS MUNICIPALES Nº
759/16 a 942/16
RESOLUCIONES MUNICIPALES Nº
018/16 A 023/16
INFORMACIÓN LEGISLATIVA
Publicado el 11 de marzo de 2016"
boletines,20170131 - boletin-261.pdf,https://quilmes.gov.ar/pdf/boletines/boletin-261.pdf,,,64,"BOLETIN OFICIAL
MUNICIPAL Nº 261
DECRETOS MUNICIPALES Nº
001/17 a 215/17
RESOLUCIONES MUNICIPALES
001/17 a 013/17
INFORMACIÓN LEGISLATIVA
Publicado el 31 de enero de 2017"
boletines,20150601 - boletin-204.pdf,https://quilmes.gov.ar/pdf/boletines/boletin-204.pdf,,,47,"MUNICIPIO DE QUILMES
BOLETÍN OFICIAL
MUNICIPAL Nº 204
ORDENANZAS MUNICIPALES Nº
12444 / 12445 / 12446 / 12447 / 
12448
DECRETOS MUNICIPALES Nº
2356/2015 a 2475/2015
RESOLUCIONES MUNICIPALES Nº
234/201"
boletines,20091230 - boletin-91.pdf,https://quilmes.gov.ar/pdf/boletines/boletin-91.pdf,,,343,"Boletín Oficial Municipal, 30 de diciembre de 2009
1
Información Legislativa
Publicado el 30 de diciembre de 2009
11271 / 11272 / 11273 / 11274 / 11275 / 11276 / 11277 / 11278 / 11279 / 11293 / 
11294"
boletines,20220311 - boletin-443.pdf,https://quilmes.gov.ar/pdf/boletines/boletin-443.pdf,,,5,"Municipio de Quilmes
Boletín Oficial
Edición Nº443
11/03/2022"
boletines,20110105 - boletin-102.pdf,https://quilmes.gov.ar/pdf/boletines/boletin-102.pdf,,,389,"MUNICIPIO DE QUILMES
BOLETÍN OFICIAL
MUNICIPAL Nº 102
CONTIENE ORDENANZAS MUNICIPALES
11607 (PRESUPUESTO EJERCICIO 2011)
INFORMACIÓN LEGISLATIVA
Publicado el 5 de enero de 2011"
boletines,20231229 - boletin-498.pdf,https://quilmes.gov.ar/pdf/boletines/boletin-498.pdf,,,16,"Municipio de Quilmes
Boletín Oficial
Edición Nº498"
boletines,20210526 - boletin-379.pdf,https://quilmes.gov.ar/pdf/boletines/boletin-379.pdf,,,5,"Municipio de Quilmes
Boletín Oficial
Edición Nº379
26/05/2021"
boletines,20100201 - boletin-93.pdf,https://quilmes.gov.ar/pdf/boletines/boletin-93.pdf,,,94,"Información Legislativa
Publicado el 01 de febrero de 2010
11348 / 11349 / 11350 / 11351 / 11352 / 11353
11354 / 11355 / 11356 / 11357 / 11359 / 11360
MUNICIPIO DE QUILMES
BOLETÍN OFICIAL 
MUNICIPAL N"
boletines,20110121 - boletin-104.pdf,https://quilmes.gov.ar/pdf/boletines/boletin-104.pdf,,,21,"MUNICIPIO DE QUILMES
BOLETÍN OFICIAL
MUNICIPAL Nº 104
CONTIENE ORDENANZAS MUNICIPALES
11614 / 11615 / 11617 / 11618
DECRETO MUNICIPAL Nº 0158 DEL 19/01/2011
(REGISTRO DE MEJORAS NO DECLARADAS)
INFORMA"
boletines,20211018 - boletin-410.pdf,https://quilmes.gov.ar/pdf/boletines/boletin-410.pdf,,,74,"Municipio de Quilmes
Boletín Oficial
Edición Nº410
18/10/2021"
boletines,20120109 - boletin-117.pdf,https://quilmes.gov.ar/pdf/boletines/boletin-117.pdf,,,9,"MUNICIPIO DE QUILMES
BOLETÍN OFICIAL
MUNICIPAL Nº 117
CONTIENE DECRETO MUNICIPAL
Nº 0010/2012
CALENDARIO FISCAL PARA EL AÑO 2012
INFORMACIÓN LEGISLATIVA
Publicado el 9 de enero de 2012"
boletines,20160906 - boletin-247.pdf,https://quilmes.gov.ar/pdf/boletines/boletin-247.pdf,,,45,"BOLETIN OFICIAL
MUNICIPAL Nº 247
ORDENANZAS MUNICIPALES Nº 
12604 / 12605 / 12606 / 12607 / 12608 / 
12609
DECRETOS MUNICIPALES Nº
3657/16 A 3739/16
RESOLUCIONES MUNICIPALES Nº
 220/16 A 238/16
INFORM"
boletines,20260608 - boletin-547.pdf,https://quilmes.gov.ar/pdf/boletines/boletin-547.pdf,,,63,"Municipio de Quilmes
Boletín Oficial
Edición Nº547
04/06/2026"
boletines,20140314 - boletin-157.pdf,https://quilmes.gov.ar/pdf/boletines/boletin-157.pdf,,,106,"MUNICIPIO DE QUILMES
BOLETÍN OFICIAL
MUNICIPAL Nº 157
ORDENANZAS MUNICIPALES Nº 
12178 A 12189
DECRETOS MUNICIPALES Nº
0861/14 AL 949/14
INFORMACIÓN LEGISLATIVA
Publicado el 14 de marzo de 2014"
boletines,20211019 - boletin-412.pdf,https://quilmes.gov.ar/pdf/boletines/boletin-412.pdf,,,5,"Municipio de Quilmes
Boletín Oficial
Edición Nº412
19/10/2021"
boletines,20210407 - boletin-365.pdf,https://quilmes.gov.ar/pdf/boletines/boletin-365.pdf,,,402,"Municipio de Quilmes
Boletín Oficial
Edición Nº365
07/04/2021"
boletines,20250630 - boletin-525.pdf,https://quilmes.gov.ar/pdf/boletines/boletin-525.pdf,,,205,"﻿Municipio de Quilmes

Boletín Oficial
Edición Nº525

30/06/2025



Tabla de Contenidos
Tabla de Contenidos 2

AUTORIDADES 3
ORDENANZAS 4

DECRETOS DE 28

Municipio de Quilmes Boletin Oficial Municipa"
boletines,20210122 - boletin-359.pdf,https://quilmes.gov.ar/pdf/boletines/boletin-359.pdf,,,815,"Municipio de Quilmes
Boletín Oficial
Edición Nº359
22/01/2021"
boletines,20200826 - boletin-341.pdf,https://quilmes.gov.ar/pdf/boletines/boletin-341.pdf,,,16,"Municipio de Quilmes
Boletín Oficial
Edición Nº341
26/08/2020"
boletines,20090121 - boletin-78.pdf,https://quilmes.gov.ar/pdf/boletines/boletin-78.pdf,,,260,"Información Legislativa
Publicado el 21 de enero de 2009
MUNICIPIO DE QUILMES
BOLETÍN OFICIAL Nº 78
ORDENANZA Nº 11080"
boletines,20201218 - boletin-355.pdf,https://quilmes.gov.ar/pdf/boletines/boletin-355.pdf,,,641,"Municipio de Quilmes
Boletín Oficial
Edición Nº355
18/12/2020"
boletines,20230103 - boletin-471.pdf,https://quilmes.gov.ar/pdf/boletines/boletin-471.pdf,,,48,"Municipio de Quilmes
Boletín Oficial
Edición Nº471
03/01/2023"
boletines,20220511 - boletin-449.pdf,https://quilmes.gov.ar/pdf/boletines/boletin-449.pdf,,,109,"Municipio de Quilmes
Boletín Oficial
Edición Nº449
11/05/2022"
boletines,20130808 - boletin-142.pdf,https://quilmes.gov.ar/pdf/boletines/boletin-142.pdf,,,57,"MUNICIPIO DE QUILMES
BOLETÍN OFICIAL
MUNICIPAL Nº 142
CONTIENE ORDENANZAS MUNICIPALES Nº
12101 / 12102 / 12103 / 12104 / 12105
INFORMACIÓN LEGISLATIVA
Publicado el 8 de agosto de 2013"
boletines,20090730 - boletin-82.pdf,https://quilmes.gov.ar/pdf/boletines/boletin-82.pdf,,,8,"Información Legislativa
Publicado el 30 de julio de 2009
MUNICIPIO DE QUILMES
BOLETÍN OFICIAL 
MUNICIPAL Nº 82
ORDENANZA 11156
ANEXO
EMERGENCIA SANITARIA II"
boletines,20130315 - boletin-136.pdf,https://quilmes.gov.ar/pdf/boletines/boletin-136.pdf,,,22,"MUNICIPIO DE QUILMES
BOLETÍN OFICIAL
MUNICIPAL Nº 136
CONTIENE ORDENANZAS MUNICIPALES Nº
12018 / 12019 / 12020
DECRETO MUNICIPAL Nº 5661/2012 - 160/2013
INFORMACIÓN LEGISLATIVA
Publicado el 15 de marz"
taquigraficas,20240701 - 1° DE JULIO DE 2024 (Extraordinaria)_compressed.pdf,https://drive.google.com/drive/u/5/search?q=parent%3A1vBrQH0h1ddIlplj3ChZ0VkqAK8UjgecB%20title%3A%2220240701%20-%201%C2%B0%20DE%20JULIO%20DE%202024%20%28Extraordinaria%29_compressed.pdf%22,2026-06-16,,99,"HONORABLE CONCEJO DELIBERANTE 
 
SESIÓN ORDINARIA 
 
Martes 10 de julio de 2024 
Versión Taquigráfica 
(Pendiente de aprobación por parte del Honorable Concejo Deliberante 
- 
Artículo 27° del Reglame"
taquigraficas,20250306 - 6 DE MARZO DE 2025 (Apertura)_compressed.pdf,https://drive.google.com/drive/u/5/search?q=parent%3A1vBrQH0h1ddIlplj3ChZ0VkqAK8UjgecB%20title%3A%2220250306%20-%206%20DE%20MARZO%20DE%202025%20%28Apertura%29_compressed.pdf%22,2026-06-16,,53,"HONORABLE CONCEJO DELIBERANTE 
 
 
SESIÓN ORDINARIA 
 
Martes 25 de marzo de 2025 
 
 
Versión Taquigráfica 
(Pendiente de aprobación por parte del Honorable Concejo Deliberante 
- 
Artículo 27° del R"
taquigraficas,20240326 - 26 DE MARZO DE 2024 (Ordinaria)_compressed.pdf,https://drive.google.com/drive/u/5/search?q=parent%3A1vBrQH0h1ddIlplj3ChZ0VkqAK8UjgecB%20title%3A%2220240326%20-%2026%20DE%20MARZO%20DE%202024%20%28Ordinaria%29_compressed.pdf%22,2026-06-16,,66,"HONORABLE CONCEJO DELIBERANTE 
 
 
SESIÓN ORDINARIA 
 
Martes 9 de abril de 2024 
 
 
Versión Taquigráfica 
(Pendiente de aprobación por parte del Honorable Concejo Deliberante 
- 
Artículo 27° del Re"
taquigraficas,20240312 - 12 DE MARZO DE 2024 (ordinaria)_compressed.pdf,https://drive.google.com/drive/u/5/search?q=parent%3A1vBrQH0h1ddIlplj3ChZ0VkqAK8UjgecB%20title%3A%2220240312%20-%2012%20DE%20MARZO%20DE%202024%20%28ordinaria%29_compressed.pdf%22,2026-06-16,,61,"HONORABLE CONCEJO DELIBERANTE 
 
 
SESIÓN ORDINARIA 
 
Martes 12 de marzo de 2024 
 
 
Versión Taquigráfica 
(Pendiente de aprobación por parte del Honorable Concejo Deliberante 
- 
Artículo 27° del R"
taquigraficas,20240723 - 23 DE JULIO DE 2024 (ORDINARIA)_compressed.pdf,https://drive.google.com/drive/u/5/search?q=parent%3A1vBrQH0h1ddIlplj3ChZ0VkqAK8UjgecB%20title%3A%2220240723%20-%2023%20DE%20JULIO%20DE%202024%20%28ORDINARIA%29_compressed.pdf%22,2026-06-16,,8,"HONORABLE CONCEJO DELIBERANTE 
 
 
SESIÓN EXTRAORDINARIA 
 
Jueves 1° de agosto de 2024 
 
 
Versión Taquigráfica 
(Pendiente de aprobación por parte del Honorable Concejo Deliberante 
- 
Artículo 27°"
taquigraficas,20251208 - 8 DE DICIEMBRE DE 2025 (Especial)_compressed.pdf,https://drive.google.com/drive/u/5/search?q=parent%3A1vBrQH0h1ddIlplj3ChZ0VkqAK8UjgecB%20title%3A%2220251208%20-%208%20DE%20DICIEMBRE%20DE%202025%20%28Especial%29_compressed.pdf%22,2026-06-16,,34,"HONORABLE CONCEJO DELIBERANTE 
 
SESIÓN PREPARATORIA 
 
Lunes 8 de diciembre de 2025 
 
Versión Taquigráfica 
(Pendiente de aprobación por parte del Honorable Concejo Deliberante 
- 
Artículo 27° del "
taquigraficas,20251128 - 28 DE NOVIEMBRE DE 2025 (Especial).-_compressed.pdf,https://drive.google.com/drive/u/5/search?q=parent%3A1vBrQH0h1ddIlplj3ChZ0VkqAK8UjgecB%20title%3A%2220251128%20-%2028%20DE%20NOVIEMBRE%20DE%202025%20%28Especial%29.-_compressed.pdf%22,2026-06-16,,14,"HONORABLE CONCEJO DELIBERANTE 
 
 
 
SESIÓN ESPECIAL 
 
Lunes 1 de diciembre de 2025 
 
 
Versión Taquigráfica 
(Pendiente de aprobación por parte del Honorable Concejo Deliberante 
- 
Artículo 27° de"
taquigraficas,20251125 - 25 DE NOVIEMBRE DE 2025 (Ordinaria).-_compressed.pdf,https://drive.google.com/drive/u/5/search?q=parent%3A1vBrQH0h1ddIlplj3ChZ0VkqAK8UjgecB%20title%3A%2220251125%20-%2025%20DE%20NOVIEMBRE%20DE%202025%20%28Ordinaria%29.-_compressed.pdf%22,2026-06-16,,19,"HONORABLE CONCEJO DELIBERANTE 
 
 
 
SESIÓN ESPECIAL 
 
Viernes 28 de noviembre de 2025 
 
 
Versión Taquigráfica 
(Pendiente de aprobación por parte del Honorable Concejo Deliberante 
- 
Artículo 27°"
taquigraficas,20240824 - -24 DE SEPTIEMBRE DE 2024_compressed.pdf,https://drive.google.com/drive/u/5/search?q=parent%3A1vBrQH0h1ddIlplj3ChZ0VkqAK8UjgecB%20title%3A%2220240824%20-%20-24%20DE%20SEPTIEMBRE%20DE%202024_compressed.pdf%22,2026-06-16,,97,"HONORABLE CONCEJO DELIBERANTE 
 
SESIÓN ORDINARIA 
Martes 10 de septiembre de 2024 
 
Versión Taquigráfica 
(Pendiente de aprobación por parte del Honorable Concejo Deliberante 
- 
Artículo 27° del Re"
taquigraficas,20250624 - 24 DE JUNIO DE 2025 (Ordinaria)_compressed.pdf,https://drive.google.com/drive/u/5/search?q=parent%3A1vBrQH0h1ddIlplj3ChZ0VkqAK8UjgecB%20title%3A%2220250624%20-%2024%20DE%20JUNIO%20DE%202025%20%28Ordinaria%29_compressed.pdf%22,2026-06-16,,3,"HONORABLE CONCEJO DELIBERANTE 
 
 
SESIÓN ORDINARIA 
(Sin quórum) 
 
Martes 8 de julio de 2025 
 
 
Versión Taquigráfica 
(Pendiente de aprobación por parte del Honorable Concejo Deliberante 
- 
Artíc"
taquigraficas,20260406 - 6 DE ABRIL DE 2026 (Especial)_compressed.pdf,https://drive.google.com/drive/u/5/search?q=parent%3A1vBrQH0h1ddIlplj3ChZ0VkqAK8UjgecB%20title%3A%2220260406%20-%206%20DE%20ABRIL%20DE%202026%20%28Especial%29_compressed.pdf%22,2026-06-16,,111,"HONORABLE CONCEJO DELIBERANTE 
 
SESIÓN ORDINARIA 
 
 
Martes 14 de abril de 2026 
 
Versión Taquigráfica 
(Pendiente de aprobación por parte del Honorable Concejo Deliberante 
- 
Artículo 27° del Reg"
taquigraficas,20250527 - 27 DE MAYO DE 2025 (Ordinaria)_compressed.pdf,https://drive.google.com/drive/u/5/search?q=parent%3A1vBrQH0h1ddIlplj3ChZ0VkqAK8UjgecB%20title%3A%2220250527%20-%2027%20DE%20MAYO%20DE%202025%20%28Ordinaria%29_compressed.pdf%22,2026-06-16,,70,"HONORABLE CONCEJO DELIBERANTE 
 
 
SESIÓN ORDINARIA 
 
Martes 24 de junio de 2025 
 
 
Versión Taquigráfica 
(Pendiente de aprobación por parte del Honorable Concejo Deliberante 
- 
Artículo 27° del R"
taquigraficas,20260428 - 28 DE ABRIL DE 2026 (Especial)_compressed.pdf,https://drive.google.com/drive/u/5/search?q=parent%3A1vBrQH0h1ddIlplj3ChZ0VkqAK8UjgecB%20title%3A%2220260428%20-%2028%20DE%20ABRIL%20DE%202026%20%28Especial%29_compressed.pdf%22,2026-06-16,,68,"HONORABLE CONCEJO DELIBERANTE 
 
SESIÓN ORDINARIA 
 
 
Martes 28 de abril de 2026 
 
Versión Taquigráfica 
(Pendiente de aprobación por parte del Honorable Concejo Deliberante 
- 
Artículo 27° del Reg"
taquigraficas,20260303 - 03 DE MARZO DE 2026 (Ordinaria)_compressed.pdf,https://drive.google.com/drive/u/5/search?q=parent%3A1vBrQH0h1ddIlplj3ChZ0VkqAK8UjgecB%20title%3A%2220260303%20-%2003%20DE%20MARZO%20DE%202026%20%28Ordinaria%29_compressed.pdf%22,2026-06-16,,104,"HONORABLE CONCEJO DELIBERANTE 
 
SESIÓN ORDINARIA 
 
 
Martes 10 de marzo de 2026 
 
Versión Taquigráfica 
(Pendiente de aprobación por parte del Honorable Concejo Deliberante 
- 
Artículo 27° del Reg"
taquigraficas,20240611 - 11 DE JUNIO DE 2024 (Ordinaria)_compressed.pdf,https://drive.google.com/drive/u/5/search?q=parent%3A1vBrQH0h1ddIlplj3ChZ0VkqAK8UjgecB%20title%3A%2220240611%20-%2011%20DE%20JUNIO%20DE%202024%20%28Ordinaria%29_compressed.pdf%22,2026-06-16,,3,"HONORABLE CONCEJO DELIBERANTE 
 
 
 
SESIÓN ORDINARIA 
(Sin quórum) 
 
Martes 25 de junio de 2024 
 
 
Versión Taquigráfica 
(Pendiente de aprobación por parte del Honorable Concejo Deliberante 
- 
Ar"
taquigraficas,20251111 - 11 DE NOVIEMBRE DE 2025 (Ordinaria)_compressed.pdf,https://drive.google.com/drive/u/5/search?q=parent%3A1vBrQH0h1ddIlplj3ChZ0VkqAK8UjgecB%20title%3A%2220251111%20-%2011%20DE%20NOVIEMBRE%20DE%202025%20%28Ordinaria%29_compressed.pdf%22,2026-06-16,,5,"HONORABLE CONCEJO DELIBERANTE 
 
SESIÓN EXTRAORDINARIA 
 
Lunes 17 de noviembre de 2025 
 
Versión Taquigráfica 
(Pendiente de aprobación por parte del Honorable Concejo Deliberante 
- 
Artículo 27° d"
taquigraficas,20240423 - 23 DE ABRIL DE 2024 (ORDINARIA)_compressed.pdf,https://drive.google.com/drive/u/5/search?q=parent%3A1vBrQH0h1ddIlplj3ChZ0VkqAK8UjgecB%20title%3A%2220240423%20-%2023%20DE%20ABRIL%20DE%202024%20%28ORDINARIA%29_compressed.pdf%22,2026-06-16,,143,"HONORABLE CONCEJO DELIBERANTE 
 
 
SESIÓN ORDINARIA 
 
Martes 14 de mayo de 2024 
 
 
Versión Taquigráfica 
(Pendiente de aprobación por parte del Honorable Concejo Deliberante 
- 
Artículo 27° del Re"
taquigraficas,20260310 - 10 DE MARZO DE 2026 (Ordinaria)_compressed.pdf,https://drive.google.com/drive/u/5/search?q=parent%3A1vBrQH0h1ddIlplj3ChZ0VkqAK8UjgecB%20title%3A%2220260310%20-%2010%20DE%20MARZO%20DE%202026%20%28Ordinaria%29_compressed.pdf%22,2026-06-16,,32,"HONORABLE CONCEJO DELIBERANTE 
 
SESIÓN ESPECIAL 
 
Viernes 20 de marzo de 2026 
 
Versión Taquigráfica 
(Pendiente de aprobación por parte del Honorable Concejo Deliberante 
- 
Artículo 27° del Regla"
taquigraficas,20250513 - 13 DE MAYO DE 2025 (Especial)_compressed.pdf,https://drive.google.com/drive/u/5/search?q=parent%3A1vBrQH0h1ddIlplj3ChZ0VkqAK8UjgecB%20title%3A%2220250513%20-%2013%20DE%20MAYO%20DE%202025%20%28Especial%29_compressed.pdf%22,2026-06-16,,54,"HONORABLE CONCEJO DELIBERANTE 
 
 
SESIÓN ORDINARIA 
 
Martes 27 de mayo de 2025 
 
 
Versión Taquigráfica 
(Pendiente de aprobación por parte del Honorable Concejo Deliberante 
- 
Artículo 27° del Re"
taquigraficas,20251201 - 01.12.2025 (Especial).-_compressed.pdf,https://drive.google.com/drive/u/5/search?q=parent%3A1vBrQH0h1ddIlplj3ChZ0VkqAK8UjgecB%20title%3A%2220251201%20-%2001.12.2025%20%28Especial%29.-_compressed.pdf%22,2026-06-16,,21,"HONORABLE CONCEJO DELIBERANTE 
 
 
 
SESIÓN EXTRAORDINARIA 
 
Lunes 1 de diciembre de 2025 
 
 
Versión Taquigráfica 
(Pendiente de aprobación por parte del Honorable Concejo Deliberante 
- 
Artículo "
taquigraficas,20250923 - 23 DE SEPTIEMBRE DE 2025 (Ordinaria)_compressed.pdf,https://drive.google.com/drive/u/5/search?q=parent%3A1vBrQH0h1ddIlplj3ChZ0VkqAK8UjgecB%20title%3A%2220250923%20-%2023%20DE%20SEPTIEMBRE%20DE%202025%20%28Ordinaria%29_compressed.pdf%22,2026-06-16,,55,"HONORABLE CONCEJO DELIBERANTE 
 
SESIÓN ORDINARIA 
 
Martes 11 de noviembre de 2025 
 
Versión Taquigráfica 
(Pendiente de aprobación por parte del Honorable Concejo Deliberante 
- 
Artículo 27° del R"
taquigraficas,20260325 - 25 DE MARZO DE 2026 (Ordinaria)_compressed.pdf,https://drive.google.com/drive/u/5/search?q=parent%3A1vBrQH0h1ddIlplj3ChZ0VkqAK8UjgecB%20title%3A%2220260325%20-%2025%20DE%20MARZO%20DE%202026%20%28Ordinaria%29_compressed.pdf%22,2026-06-16,,20,"HONORABLE CONCEJO DELIBERANTE 
 
SESIÓN ESPECIAL 
 
Lunes 6 de abril de 2026 
 
Versión Taquigráfica 
(Pendiente de aprobación por parte del Honorable Concejo Deliberante 
- 
Artículo 27° del Reglamen"
taquigraficas,20260320 - 20 DE MARZO DE 2026 (Especial)_compressed.pdf,https://drive.google.com/drive/u/5/search?q=parent%3A1vBrQH0h1ddIlplj3ChZ0VkqAK8UjgecB%20title%3A%2220260320%20-%2020%20DE%20MARZO%20DE%202026%20%28Especial%29_compressed.pdf%22,2026-06-16,,78,"HONORABLE CONCEJO DELIBERANTE 
 
SESIÓN ORDINARIA 
 
 
Miércoles 25 de marzo de 2026 
 
Versión Taquigráfica 
(Pendiente de aprobación por parte del Honorable Concejo Deliberante 
- 
Artículo 27° del "
taquigraficas,20250722 - 22 DE JULIO DE 2025 (Ord. S_ Quórum)_compressed.pdf,https://drive.google.com/drive/u/5/search?q=parent%3A1vBrQH0h1ddIlplj3ChZ0VkqAK8UjgecB%20title%3A%2220250722%20-%2022%20DE%20JULIO%20DE%202025%20%28Ord.%20S_%20Qu%C3%B3rum%29_compressed.pdf%22,2026-06-16,,70,"HONORABLE CONCEJO DELIBERANTE 
 
SESIÓN ORDINARIA 
 
Martes 9 de septiembre de 2025 
 
Versión Taquigráfica 
(Pendiente de aprobación por parte del Honorable Concejo Deliberante 
- 
Artículo 27° del R"
taquigraficas,20241216 - 16 DE DICIEMBRE DE 2024 PRESUPUESTO F_compressed.pdf,https://drive.google.com/drive/u/5/search?q=parent%3A1vBrQH0h1ddIlplj3ChZ0VkqAK8UjgecB%20title%3A%2220241216%20-%2016%20DE%20DICIEMBRE%20DE%202024%20PRESUPUESTO%20F_compressed.pdf%22,2026-06-16,,20,"HONORABLE CONCEJO DELIBERANTE 
 
 
SESIÓN ORDINARIA 
 
Jueves 6 de marzo de 2025 
 
 
Versión Taquigráfica 
(Pendiente de aprobación por parte del Honorable Concejo Deliberante 
- 
Artículo 27° del Re"
taquigraficas,20251117 - 17 DE NOVIEMBRE DE 2025 (Extraordinaria)_compressed.pdf,https://drive.google.com/drive/u/5/search?q=parent%3A1vBrQH0h1ddIlplj3ChZ0VkqAK8UjgecB%20title%3A%2220251117%20-%2017%20DE%20NOVIEMBRE%20DE%202025%20%28Extraordinaria%29_compressed.pdf%22,2026-06-16,,283,"HONORABLE CONCEJO DELIBERANTE 
 
SESIÓN ORDINARIA 
 
Martes 25 de noviembre de 2025 
 
Versión Taquigráfica 
(Pendiente de aprobación por parte del Honorable Concejo Deliberante 
- 
Artículo 27° del R"
taquigraficas,20240710 - 10 DE JULIO DE 2024 (ORDINARIA)_compressed.pdf,https://drive.google.com/drive/u/5/search?q=parent%3A1vBrQH0h1ddIlplj3ChZ0VkqAK8UjgecB%20title%3A%2220240710%20-%2010%20DE%20JULIO%20DE%202024%20%28ORDINARIA%29_compressed.pdf%22,2026-06-16,,82,"HONORABLE CONCEJO DELIBERANTE 
 
 
SESIÓN ORDINARIA 
 
Martes 23 de julio de 2024 
 
 
Versión Taquigráfica 
(Pendiente de aprobación por parte del Honorable Concejo Deliberante 
- 
Artículo 27° del R"
taquigraficas,20251204 - 4 DE DICIEMBRE DE 2025 (Asamblea).-_compressed.pdf,https://drive.google.com/drive/u/5/search?q=parent%3A1vBrQH0h1ddIlplj3ChZ0VkqAK8UjgecB%20title%3A%2220251204%20-%204%20DE%20DICIEMBRE%20DE%202025%20%28Asamblea%29.-_compressed.pdf%22,2026-06-16,,22,"HONORABLE CONCEJO DELIBERANTE 
 
SESIÓN EXTRAORDINARIA 
 
Jueves 4 de diciembre de 2025 
 
Versión Taquigráfica 
(Pendiente de aprobación por parte del Honorable Concejo Deliberante 
- 
Artículo 27° d"
taquigraficas,20260512 - 12 DE MAYO DE 2026 (Ordinaria) (1)_compressed.pdf,https://drive.google.com/drive/u/5/search?q=parent%3A1vBrQH0h1ddIlplj3ChZ0VkqAK8UjgecB%20title%3A%2220260512%20-%2012%20DE%20MAYO%20DE%202026%20%28Ordinaria%29%20%281%29_compressed.pdf%22,2026-06-16,,85,"HONORABLE CONCEJO DELIBERANTE 
 
SESIÓN ORDINARIA 
 
 
Martes 26 de mayo de 2026 
 
Versión Taquigráfica 
(Pendiente de aprobación por parte del Honorable Concejo Deliberante 
- 
Artículo 27° del Regl"
taquigraficas,20260414 - 14 DE ABRIL DE 2026 (Ordinaria)_compressed.pdf,https://drive.google.com/drive/u/5/search?q=parent%3A1vBrQH0h1ddIlplj3ChZ0VkqAK8UjgecB%20title%3A%2220260414%20-%2014%20DE%20ABRIL%20DE%202026%20%28Ordinaria%29_compressed.pdf%22,2026-06-16,,20,"HONORABLE CONCEJO DELIBERANTE 
 
SESIÓN ESPECIAL 
 
 
Martes 28 de abril de 2026 
 
Versión Taquigráfica 
(Pendiente de aprobación por parte del Honorable Concejo Deliberante 
- 
Artículo 27° del Regl"
taquigraficas,20251222 - 22 DE DICIEMBRE DE 2025 (Extraordinaria)_compressed.pdf,https://drive.google.com/drive/u/5/search?q=parent%3A1vBrQH0h1ddIlplj3ChZ0VkqAK8UjgecB%20title%3A%2220251222%20-%2022%20DE%20DICIEMBRE%20DE%202025%20%28Extraordinaria%29_compressed.pdf%22,2026-06-16,,18,"HONORABLE CONCEJO DELIBERANTE 
 
SESIÓN ORDINARIA 
 
Martes 3 de marzo de 2026 
 
Versión Taquigráfica 
(Pendiente de aprobación por parte del Honorable Concejo Deliberante 
- 
Artículo 27° del Reglam"
taquigraficas,20240910 - 10 DE SEPTIEMBRE DE 2024 (Ordinaria) a_compressed.pdf,https://drive.google.com/drive/u/5/search?q=parent%3A1vBrQH0h1ddIlplj3ChZ0VkqAK8UjgecB%20title%3A%2220240910%20-%2010%20DE%20SEPTIEMBRE%20DE%202024%20%28Ordinaria%29%20a_compressed.pdf%22,2026-06-16,,89,"HONORABLE CONCEJO DELIBERANTE 
 
 
SESIÓN ORDINARIA 
 
Martes 12 de noviembre de 2024 
 
 
Versión Taquigráfica 
(Pendiente de aprobación por parte del Honorable Concejo Deliberante 
- 
Artículo 27° d"
taquigraficas,20251201 - 01.12.2025 (Extraordinaria).- (1)_compressed.pdf,https://drive.google.com/drive/u/5/search?q=parent%3A1vBrQH0h1ddIlplj3ChZ0VkqAK8UjgecB%20title%3A%2220251201%20-%2001.12.2025%20%28Extraordinaria%29.-%20%281%29_compressed.pdf%22,2026-06-16,,19,"HONORABLE CONCEJO DELIBERANTE 
 
ASAMBLEA DE SEÑORAS Y SEÑORES CONCEJALES Y SEÑORAS  
Y SEÑORES MAYORES CONTRIBUYENTES 
 
Jueves 4 de diciembre de 2025 
 
Versión Taquigráfica 
(Pendiente de aprobació"
taquigraficas,20250408 - 8 DE ABRIL DE 2025 (Ordinaria)_compressed.pdf,https://drive.google.com/drive/u/5/search?q=parent%3A1vBrQH0h1ddIlplj3ChZ0VkqAK8UjgecB%20title%3A%2220250408%20-%208%20DE%20ABRIL%20DE%202025%20%28Ordinaria%29_compressed.pdf%22,2026-06-16,,13,"HONORABLE CONCEJO DELIBERANTE 
 
 
SESIÓN ESPECIAL 
 
 
Martes 13 de mayo de 2025 
 
 
Versión Taquigráfica 
(Pendiente de aprobación por parte del Honorable Concejo Deliberante 
- 
Artículo 27° del R"
taquigraficas,20241112 - 12 DE NOVIEMBRE DE 2024 (Ordinaria)_compressed.pdf,https://drive.google.com/drive/u/5/search?q=parent%3A1vBrQH0h1ddIlplj3ChZ0VkqAK8UjgecB%20title%3A%2220241112%20-%2012%20DE%20NOVIEMBRE%20DE%202024%20%28Ordinaria%29_compressed.pdf%22,2026-06-16,,8,"HONORABLE CONCEJO DELIBERANTE 
 
 
 
SESIÓN EXTRAORDINARIA 
 
Lunes 16 de diciembre de 2024 
 
 
Versión Taquigráfica 
(Pendiente de aprobación por parte del Honorable Concejo Deliberante 
- 
Artículo"
taquigraficas,20250708 - 8 DE JULIO DE 2025 (Ordinaria-Sin quórum)_compressed.pdf,https://drive.google.com/drive/u/5/search?q=parent%3A1vBrQH0h1ddIlplj3ChZ0VkqAK8UjgecB%20title%3A%2220250708%20-%208%20DE%20JULIO%20DE%202025%20%28Ordinaria-Sin%20qu%C3%B3rum%29_compressed.pdf%22,2026-06-16,,3,"HONORABLE CONCEJO DELIBERANTE 
 
 
SESIÓN ORDINARIA 
(Sin quórum) 
 
Martes 22 de julio de 2025 
 
 
Versión Taquigráfica 
(Pendiente de aprobación por parte del Honorable Concejo Deliberante 
- 
Artí"
taquigraficas,20250909 - 9 DE SEPTIEMBRE DE 2025 (ORDINARIA)_compressed.pdf,https://drive.google.com/drive/u/5/search?q=parent%3A1vBrQH0h1ddIlplj3ChZ0VkqAK8UjgecB%20title%3A%2220250909%20-%209%20DE%20SEPTIEMBRE%20DE%202025%20%28ORDINARIA%29_compressed.pdf%22,2026-06-16,,57,"HONORABLE CONCEJO DELIBERANTE 
 
SESIÓN ORDINARIA 
 
Martes 23 de septiembre de 2025 
 
Versión Taquigráfica 
(Pendiente de aprobación por parte del Honorable Concejo Deliberante 
- 
Artículo 27° del "
taquigraficas,20240801 - 1° DE AGOSTO DE 2024 (Extraordinaria)_compressed.pdf,https://drive.google.com/drive/u/5/search?q=parent%3A1vBrQH0h1ddIlplj3ChZ0VkqAK8UjgecB%20title%3A%2220240801%20-%201%C2%B0%20DE%20AGOSTO%20DE%202024%20%28Extraordinaria%29_compressed.pdf%22,2026-06-16,,72,"HONORABLE CONCEJO DELIBERANTE 
 
 
SESIÓN ORDINARIA 
 
Martes 24 de septiembre de 2024 
 
 
Versión Taquigráfica 
(Pendiente de aprobación por parte del Honorable Concejo Deliberante 
- 
Artículo 27° "
taquigraficas,20240514 - 14 de MAYO de 2024 (ORDINARIA)_compressed.pdf,https://drive.google.com/drive/u/5/search?q=parent%3A1vBrQH0h1ddIlplj3ChZ0VkqAK8UjgecB%20title%3A%2220240514%20-%2014%20de%20MAYO%20de%202024%20%28ORDINARIA%29_compressed.pdf%22,2026-06-16,,128,"HONORABLE CONCEJO DELIBERANTE 
 
 
SESIÓN ORDINARIA 
 
Martes 28 de mayo de 2024 
 
 
Versión Taquigráfica 
(Pendiente de aprobación por parte del Honorable Concejo Deliberante 
- 
Artículo 27° del Re"
taquigraficas,20250325 - 25 DE MARZO DE 2025 (Ordinaria)_compressed.pdf,https://drive.google.com/drive/u/5/search?q=parent%3A1vBrQH0h1ddIlplj3ChZ0VkqAK8UjgecB%20title%3A%2220250325%20-%2025%20DE%20MARZO%20DE%202025%20%28Ordinaria%29_compressed.pdf%22,2026-06-16,,31,"HONORABLE CONCEJO DELIBERANTE 
 
 
SESIÓN ORDINARIA 
 
Martes 8 de abril de 2025 
 
 
Versión Taquigráfica 
(Pendiente de aprobación por parte del Honorable Concejo Deliberante 
- 
Artículo 27° del Re"
taquigraficas,20251208 - 8 DE DICIEMBRE DE 2025 (Preparatoria).-_compressed.pdf,https://drive.google.com/drive/u/5/search?q=parent%3A1vBrQH0h1ddIlplj3ChZ0VkqAK8UjgecB%20title%3A%2220251208%20-%208%20DE%20DICIEMBRE%20DE%202025%20%28Preparatoria%29.-_compressed.pdf%22,2026-06-16,,18,"HONORABLE CONCEJO DELIBERANTE 
 
SESIÓN EXTRAORDINARIA 
 
Lunes 22 de diciembre de 2025 
 
Versión Taquigráfica 
(Pendiente de aprobación por parte del Honorable Concejo Deliberante 
- 
Artículo 27° d"
taquigraficas,20240409 - 9 DE ABRIL DE 2024 (ORDINARIA)_compressed.pdf,https://drive.google.com/drive/u/5/search?q=parent%3A1vBrQH0h1ddIlplj3ChZ0VkqAK8UjgecB%20title%3A%2220240409%20-%209%20DE%20ABRIL%20DE%202024%20%28ORDINARIA%29_compressed.pdf%22,2026-06-16,,46,"HONORABLE CONCEJO DELIBERANTE 
 
 
 
ASAMBLEA DE SEÑORAS Y SEÑORES CONCEJALES  
Y SEÑORAS Y SEÑORES MAYORES CONTRIBUYENTES 
 
Viernes 12 de abril de 2024 
 
 
Versión Taquigráfica 
(Pendiente de aprob"
taquigraficas,20240528 - 28 DE MAYO DE 2024 (ORDINARIA)_compressed.pdf,https://drive.google.com/drive/u/5/search?q=parent%3A1vBrQH0h1ddIlplj3ChZ0VkqAK8UjgecB%20title%3A%2220240528%20-%2028%20DE%20MAYO%20DE%202024%20%28ORDINARIA%29_compressed.pdf%22,2026-06-16,,130,"HONORABLE CONCEJO DELIBERANTE 
 
SESIÓN ORDINARIA 
 
Martes 11 de junio de 2024 
Versión Taquigráfica 
(Pendiente de aprobación por parte del Honorable Concejo Deliberante 
- 
Artículo 27° del Reglame"
taquigraficas,20251204 - 4 DE DICIEMBRE DE 2025 (Extraordinaria).-_compressed.pdf,https://drive.google.com/drive/u/5/search?q=parent%3A1vBrQH0h1ddIlplj3ChZ0VkqAK8UjgecB%20title%3A%2220251204%20-%204%20DE%20DICIEMBRE%20DE%202025%20%28Extraordinaria%29.-_compressed.pdf%22,2026-06-16,,7,"HONORABLE CONCEJO DELIBERANTE 
 
 
SESIÓN ESPECIAL 
 
Lunes 8 de diciembre de 2025 
 
 
Versión Taquigráfica 
(Pendiente de aprobación por parte del Honorable Concejo Deliberante 
- 
Artículo 27° del "
taquigraficas,20260428 - 28 DE ABRIL DE 2026 (Ordinaria)_compressed.pdf,https://drive.google.com/drive/u/5/search?q=parent%3A1vBrQH0h1ddIlplj3ChZ0VkqAK8UjgecB%20title%3A%2220260428%20-%2028%20DE%20ABRIL%20DE%202026%20%28Ordinaria%29_compressed.pdf%22,2026-06-16,,93,"HONORABLE CONCEJO DELIBERANTE 
 
SESIÓN ORDINARIA 
 
 
Martes 12 de mayo de 2026 
 
Versión Taquigráfica 
(Pendiente de aprobación por parte del Honorable Concejo Deliberante 
- 
Artículo 27° del Regl"
taquigraficas,20240412 - 12 DE ABRIL DE 2024 (Asamblea)_compressed.pdf,https://drive.google.com/drive/u/5/search?q=parent%3A1vBrQH0h1ddIlplj3ChZ0VkqAK8UjgecB%20title%3A%2220240412%20-%2012%20DE%20ABRIL%20DE%202024%20%28Asamblea%29_compressed.pdf%22,2026-06-16,,78,"HONORABLE CONCEJO DELIBERANTE 
 
 
 
SESIÓN ORDINARIA 
 
Martes 23 de abril de 2024 
 
 
Versión Taquigráfica 
(Pendiente de aprobación por parte del Honorable Concejo Deliberante 
- 
Artículo 27° del"
taquigraficas,20240625 - 25 DE JUNIO DE 2024 (Ord. S_ Quórum)_compressed.pdf,https://drive.google.com/drive/u/5/search?q=parent%3A1vBrQH0h1ddIlplj3ChZ0VkqAK8UjgecB%20title%3A%2220240625%20-%2025%20DE%20JUNIO%20DE%202024%20%28Ord.%20S_%20Qu%C3%B3rum%29_compressed.pdf%22,2026-06-16,,20,"HONORABLE CONCEJO DELIBERANTE 
 
 
 
SESIÓN EXTRAORDINARIA 
 
Lunes 1° de julio de 2024 
 
 
Versión Taquigráfica 
(Pendiente de aprobación por parte del Honorable Concejo Deliberante 
- 
Artículo 27°"
licitaciones,LiciPubli_019260-1_CulminaciónDeRedSecundariaDe.pdf,https://quilmes.gov.ar/contrataciones/licpublicas/019260-1.pdf,2026-06-13,CULMINACIÓN DE RED SECUNDARIA DE...,70,"SECRETARÍA DE DESARROLLO URBANO. Y.OBRA PÚBLICA

APERTURA: 17/04/2026
cs A Oy

EXPEDIENTE N*.4091-1838-D-2026

LICITACIÓN PÚBLICA N* 19/2026.

DECRETO N* 120286...

OBJETO: CULMINACIÓN DE RED SECUNDAR"
licitaciones,LiciPubli_032230-3_SinObjeto.pdf,https://quilmes.gov.ar/contrataciones/licpublicas/032230-3.pdf,2026-06-13,,14,"2023

QUILMES

GOBIERNO

SECRETARÍA DE SEGURIDAD Y ORDENAMIENTO URBANO

APERTURA: 23/03/2023

HORA: 11:00...

EXPEDIENTE N* 4091-1702-D-2028

LICITACIÓN PÚBLICA N? 32/2023

DECRETO N*  /2023

VALOR DE"
licitaciones,LiciPubli_024230-1_SinObjeto.pdf,https://quilmes.gov.ar/contrataciones/licpublicas/024230-1.pdf,2026-06-13,,107,")emocracia

SECRETARÍA DE DESARROLLO URBAN RA PÚBLICA

SN

APERTURA: 20/03/2023 e

S Q
JORA: 12:00 eS)

XPEDIENTE Ñ 2091-1 075-D-2023.

1cggoÑóN PÚBLICA N* 24/2023...

DECRETO N* 12023

JBJETO: PLAZA "
licitaciones,LiciPubli_024250-2_SinObjeto.pdf,https://quilmes.gov.ar/contrataciones/licpublicas/024250-2.pdf,2026-06-13,,1,"Solicitud de pedido

Pedido de Cotización |” y 54
N* 635
Llamado N?* 1

Compra

eS

Municipalidad de
Quilmes

Ejercicio: 2025

Documento! |
Tipo N*/Año
Expediente 1.464/2025

Apertura

N%/Año
24
12025"
licitaciones,LiciPubli_058230-2_SinObjeto.pdf,https://quilmes.gov.ar/contrataciones/licpublicas/058230-2.pdf,2026-06-13,,1,"QUILMES

GOBIERNO

2023 -40* Aniersaro de la Recuperación de la
Democracia

Dirección Gral. de Licitaciones

Por medio de la presente, se deja constancia que la empresa
enn nnnnnnnnncnnnnnnnncnnannnnn"
licitaciones,LiciPubli_029250-1_SinObjeto.pdf,https://quilmes.gov.ar/contrataciones/licpublicas/029250-1.pdf,2026-06-13,,1,"Solicitud de pedido

Pedido de Cotización |” yy 709
N* 724
Llamado N' 1

Compra

eS

Municipalidad de
Quilmes

Ejercicio: 2025

Documento! |
Tipo N*/Año
Expediente 1.919/2025

Apertura

N%/Año
29
1202"
licitaciones,LiciPubli_008220-2_SinObjeto.pdf,https://quilmes.gov.ar/contrataciones/licpublicas/008220-2.pdf,2026-06-12,,1,"QUILMES

GOBIERNO

Dirección Gral.de Licitaciones

Por medio de la presente, se deja constancia que la empresa
ennnnn nn nnnnnnnrnnnncnnnnnnnncnnnes efectuó la descarga en formato digital del Pliego d"
licitaciones,LiciPubli_078230-2_SinObjeto.pdf,https://quilmes.gov.ar/contrataciones/licpublicas/078230-2.pdf,2026-06-13,,1,"QUILMES

GOBIERNO

2023 -40* Aniersaro de la Recuperación de la
Democracia

Dirección Gral. de Licitaciones

Por medio de la presente, se deja constancia que la empresa
enn nnnnnnnnncnnnnnnnncnnannnnn"
licitaciones,LiciPubli_032260-1_PavimentaciónEnLaFloridaEtapa.pdf,https://quilmes.gov.ar/contrataciones/licpublicas/032260-1.pdf,2026-06-13,PAVIMENTACIÓN EN LA FLORIDA -...,126,"2026

QUILMES
GOBIERNO

2026 -ASO AÑOS DE LA DICTADURA CÍVICO-MILITAR
MEMORIA, VERDAD Y JUSTICIA

SECRETARÍA DE DESARROLLO URBANO Y OBRA PÚBLICA

APERTURA: 08/06/2026

DECRETO N* 12026

OBJETO: PAVIME"
licitaciones,LiciPubli_001260-2_SinObjeto.pdf,https://quilmes.gov.ar/contrataciones/licpublicas/001260-2.pdf,2026-06-13,,4,"Pedido de Cotización
N? 161

eS

Municipalidad de

Solicitud de pedido

N? 133

Quilmes Llamado N* 1 Ejercicio: 2026
Documento | Compra Apertura
Tipo N*/Año o. Tipo N%/Año Día Mes Año Hora
Expediente "
licitaciones,LiciPubli_013260-1_RefacciónIntegralSameCentralAdministrativa.pdf,https://quilmes.gov.ar/contrataciones/licpublicas/013260-1.pdf,2026-06-13,“Refacción Integral S.A.M.E. Central Administrativa”...,126,"2026

QUILMES

GOBIERNO

SY
O

a SECRETARÍA DE aso

APERTURA: 06/04/2026 O

HORA: 12:00 RR

— EXPEDIENTE N? 4091-1311-D-2026

uc PÚBLICA N* 13/2026
4

)oztnero A

OBJETO: “Refacción Integral S.A.M.E. "
licitaciones,LiciPubli_003220-3_SinObjeto.pdf,https://quilmes.gov.ar/contrataciones/licpublicas/003220-3.pdf,2026-06-12,,1,"Solicitud de pedido

Pedido de Cotización Ne 88
N? 289
Llamado N* 1

eS

Municipalidad de

Ejercicio: 2022

Quilmes
Documento | Compra Apertura
Tipo N*/Año Tipo N%/Año
Expediente 401/2022 Licitación P"
licitaciones,LiciPubli_005240-5_SinObjeto.pdf,https://quilmes.gov.ar/contrataciones/licpublicas/005240-5.pdf,2026-06-13,,1,"Quilmes, 28 de febrero de 2024

CIRCULAR SIN CONSULTA NO 1
LICITACIÓN PÚBLICA N* 05/2024

“ADQUISICIÓN DE AUTOELEVADOR”

La Secretaría de Niñez y Desarrollo Social comunica la presente Circular que

p"
licitaciones,LiciPubli_020220-1_PuestaEnValorDeEspacios.pdf,https://quilmes.gov.ar/contrataciones/licpublicas/020220-1.pdf,2026-06-12,PUESTA EN VALOR DE ESPACIOS...,79,"APERTURA: 21/04/2022 ¿D

OS
SS

EXPEDIENTE NeÍd91-1 675-D-2022

HORA: 10:00

LOTARYBUBLICA NO20/2022 000

DECRETO N? /2022

OBJETO: PUESTA EN VALOR DE ESPACIOS VERDES - MUSEO DE
TRANSPORTE

VALOR DEL "
licitaciones,LiciPubli_025230-3_SinObjeto.pdf,https://quilmes.gov.ar/contrataciones/licpublicas/025230-3.pdf,2026-06-13,,4,"Pedido de Cotización
N* 783

eS

Municipalidad de

Solicitud de pedido

N? 540

Quilmes Llamado N* 1 Ejercicio: 2023
Documento | Compra Apertura
Tipo N*/Año o. Tipo N%/Año Día Mes Año Hora
Expediente "
licitaciones,LiciPubli_034250-3_SinObjeto.pdf,https://quilmes.gov.ar/contrataciones/licpublicas/034250-3.pdf,2026-06-13,,4,"Pedido de Cotización | “eso
Ea N o 4 23 6 N* 1221

Municipalidad de

Quilmes Llamado N* 1 Ejercicio: 2025
Documento | Compra Apertura
Tipo N*/Año o. Tipo N%/Año Día Mes Año Hora
Expediente 3.809/2025 "
licitaciones,LiciPubli_071230-5_SinObjeto.pdf,https://quilmes.gov.ar/contrataciones/licpublicas/071230-5.pdf,2026-06-13,,1,"QUILMES

GOBIERNO

==
2023 - 40* Aniversario de la Recuperación de la
Democracia

Dirección Gral. de Licitaciones

Por medio de la presente, se deja constancia que la empresa
enn nnnnnnnnncnnnnnnnncnn"
licitaciones,LiciPubli_074230-2_SinObjeto.pdf,https://quilmes.gov.ar/contrataciones/licpublicas/074230-2.pdf,2026-06-13,,1,"QUILMES

GOBIERNO

2023 -40* Aniersaro de la Recuperación de la
Democracia

Dirección Gral. de Licitaciones

Por medio de la presente, se deja constancia que la empresa
enn nnnnnnnnncnnnnnnnncnnannnnn"
licitaciones,LiciPubli_026260-1_SinObjeto.pdf,https://quilmes.gov.ar/contrataciones/licpublicas/026260-1.pdf,2026-06-13,,5,"Solicitud de pedido

Pedido de Cotización o
1-1 de N? 1043 N 1157

Quilmes Llamado N* 1 Ejercicio: 2026

Documento | Compra. | Apertura
N/Año
953/2026

Expediente

Dependencia Solicitante ADM. Y CONDU"
licitaciones,LiciPubli_017240-1_SinObjeto.pdf,https://quilmes.gov.ar/contrataciones/licpublicas/017240-1.pdf,2026-06-13,,3,"Pedido de Cotización | qee
= N* 1001 We

Municipalidad de

Quilmes Llamado N* 1 Ejercicio: 2024
Documento | Compra Apertura
Tipo N*/Año o. Tipo N%/Año Día Mes Año Hora
Expediente 2.859/2024 | Licitaci"
licitaciones,LiciPubli_052220-3_SinObjeto.pdf,https://quilmes.gov.ar/contrataciones/licpublicas/052220-3.pdf,2026-06-13,,13,"Solicitud de pedido

Pedido de Cotización o
11 de N? 181 5 N 1795

Quilmes Llamado N* 1 Ejercicio: 2022

Documento! | Compra. | Apertura
N*/Año
208/2022

Expediente

Dependencia Solicitante SERVICIO A"
licitaciones,LiciPubli_001250-1_SinObjeto.pdf,https://quilmes.gov.ar/contrataciones/licpublicas/001250-1.pdf,2026-06-13,,1,"Ea Pedido de Cotización A o
Municipalidad de N 21 1

Quilmes Llamado N* 1 Ejercicio: 2025

Documento! | Compra. | Apertura
N*/Año
466/2025

Expediente

Dependencia Solicitante S Secretaria De Salud

S"
licitaciones,LiciPubli_049220-3_AdquisiciónDeUnGrupoElectrógeno.pdf,https://quilmes.gov.ar/contrataciones/licpublicas/049220-3.pdf,2026-06-13,“Adquisición de un grupo electrógeno...,14,"SECRETARÍA DE SALUD

APERTURA: 24/06/2022

HORA: 11:00 |

EXPEDIENTE N? 4091-4874-D-2022

LICITACIÓN PÚBLICA N* 49/2022

DECRETO N* 1800/2022

OBJETO: “Adquisición de un grupo electrógeno (incluye mat"
licitaciones,LiciPubli_009240-2_SinObjeto.pdf,https://quilmes.gov.ar/contrataciones/licpublicas/009240-2.pdf,2026-06-13,,1,"QUILMES

GOBIERNO

Dirección General de Contrataciones y Abastecimiento

Por medio de la presente, se deja constancia que la empresa
ÓN efectuó la descarga en formato digital del Pliego de
Bases y Con"
licitaciones,LiciPubli_037240-1_PolideportivoKolynos.pdf,https://quilmes.gov.ar/contrataciones/licpublicas/037240-1.pdf,2026-06-13,“Polideportivo Kolynos” VALOR DEL PLIEGO:...,154,"SECRETARÍA DE DESARROLLO URBANO Y OBRA PÚBLICA

APERTURA: 27/08/2024

DECRETO N* 12024

OBJETO: “Polideportivo Kolynos”

VALOR DEL PLIEGO: $300.000,00.- (Pesos Trescientos mil con 00/1 00).-"
licitaciones,LiciPubli_031220-1_OficinasMunicipalesEnSolano.pdf,https://quilmes.gov.ar/contrataciones/licpublicas/031220-1.pdf,2026-06-12,OFICINAS MUNICIPALES EN SOLANO VALOR...,120,"SECRETARÍA DE DESARROLLO URBANO EPerA PÚBLICA

»

S
ol

OBJETO: OFICINAS MUNICIPALES EN SOLANO

VALOR DEL PLIEGO: $299.948,10.- (Pesos Doscientos noventa y nueve mil
novecientos cuarenta y ocho con 10"
licitaciones,LiciPubli_018260-2_SinObjeto.pdf,https://quilmes.gov.ar/contrataciones/licpublicas/018260-2.pdf,2026-06-13,,1,"Solicitud de pedido

Pedido de Cotización |” yy 503
N* 794
Llamado N' 1

Compra

eS

Municipalidad de
Quilmes

Ejercicio: 2026

Documento! |
Tipo N*/Año
Expediente 2.059/2026

Apertura

N%/Año
18
1202"
licitaciones,LiciPubli_042220-2_SinObjeto.pdf,https://quilmes.gov.ar/contrataciones/licpublicas/042220-2.pdf,2026-06-13,,1,"QUILMES

GOBIERNO

Dirección Gral.de Licitaciones

Por medio de la presente, se deja constancia que la empresa
ennnnn nn nnnnnnnrnnnncnnnnnnnncnnnes efectuó la descarga en formato digital del Pliego d"
licitaciones,LiciPubli_022240-3_SinObjeto.pdf,https://quilmes.gov.ar/contrataciones/licpublicas/022240-3.pdf,2026-06-13,,1,"QUILMES

GOBIERNO

Dirección General de Contrataciones y Abastecimiento

Por medio de la presente, se deja constancia que la empresa
enn nnnnnnnnncnnnnnnnncnnannnnninnnes efectuó la descarga en format"
licitaciones,LiciPubli_010240-2_SinObjeto.pdf,https://quilmes.gov.ar/contrataciones/licpublicas/010240-2.pdf,2026-06-13,,1,"ILMES

BIERNO

a)
SE

Quilmes, 11 de marzo de 2024

CIRCULAR CON CONSULTA N? 1
LICITACION PÚBLICA N? 10/2024

“Plan Municipal de Bacheo 2024 — Etapa l”

La Secretaría de Desarrollo Urbano y Obra Públi"
licitaciones,LiciPubli_068230-2_SinObjeto.pdf,https://quilmes.gov.ar/contrataciones/licpublicas/068230-2.pdf,2026-06-13,,1,"QUILMES

GOBIERNO

2023 -40* Aniersaro de la Recuperación de la
Democracia

Dirección Gral. de Licitaciones

Por medio de la presente, se deja constancia que la empresa
enn nnnnnnnnncnnnnnnnncnnannnnn"
licitaciones,LiciPubli_040250-1_JuguetesParaLosMesesDe.pdf,https://quilmes.gov.ar/contrataciones/licpublicas/040250-1.pdf,2026-06-13,“JUGUETES PARA LOS MESES DE...,13,"2025

QUILMES
GOBIERNO

2025 - HOMENAJE A LA MEMORIA Y LEGADO DE SU SANTIDAD PAPA FRANCISCO

SECRETARÍA DE NIÑEZ Y DESARROLLO SOCIAL

APERTURA: 19/06/2025

OBJETO: “JUGUETES PARA LOS MESES DE LAS NIÑE"
licitaciones,LiciPubli_014230-1_SinObjeto.pdf,https://quilmes.gov.ar/contrataciones/licpublicas/014230-1.pdf,2026-06-13,,9,"Pedido de Cotización
N* 669

eS

Municipalidad de

Solicitud de pedido

N? 448

Quilmes Llamado N* 1 Ejercicio: 2023
Documento | Compra Apertura
Tipo N*/Año o. Tipo N%/Año Día Mes Año Hora
Expediente "
licitaciones,LiciPubli_046220-2_SinObjeto.pdf,https://quilmes.gov.ar/contrataciones/licpublicas/046220-2.pdf,2026-06-13,,1,"QUILMES

GOBIERNO

e
2022 - 40” Aniversario de Malvinas
Quilmes, 06 de junio de 2022

CIRCULAR SIN CONSULTA N? 1
LICITACION PÚBLICA N* 46/2022

“ADQUISICIÓN DE RESMAS DE PAPEL”

La Secretaria de Hacie"
licitaciones,LiciPubli_009260-1_SinObjeto.pdf,https://quilmes.gov.ar/contrataciones/licpublicas/009260-1.pdf,2026-06-13,,1,"Solicitud de pedido

Pedido de Cotización |” y gg7
N* 630
Llamado N' 1

Compra

eS

Municipalidad de
Quilmes

Ejercicio: 2026

Documento! |
Tipo N*/Año
Expediente 1.756/2026

Apertura

N*/Año
9
12026
"
licitaciones,LiciPubli_029240-1_SinObjeto.pdf,https://quilmes.gov.ar/contrataciones/licpublicas/029240-1.pdf,2026-06-13,,1,"Solicitud de pedido

Pedido de Cotización o
N2 1610 N* 1601
Llamado N? 1

Compra

eS

Municipalidad de
Quilmes

Ejercicio: 2024

Documento! |
Tipo N*/Año
Expediente 5.401/2024

Apertura

N%/Año
29
120"
licitaciones,LiciPubli_079230-3_AdquisiciónDeBicicletas.pdf,https://quilmes.gov.ar/contrataciones/licpublicas/079230-3.pdf,2026-06-13,“ADQUISICIÓN DE BICICLETAS” VALOR DEL...,13,"2023

QUILMES

ErOPB ARE RENTO!

mr
2023 - 40* Aniversario de la Recuperación de la
Democracia

SECRETARÍA DE AMBIENTE Y DESARROLLO SOSTENIBLE

APERTURA: 28/08/2023

HORA: 10:00...

EXPEDIENTE N?* 409"
licitaciones,LiciPubli_029240-3_AdquisiciónDeConcretoAsfálticoEmulsión.pdf,https://quilmes.gov.ar/contrataciones/licpublicas/029240-3.pdf,2026-06-13,“Adquisición de concreto asfáltico y...,13,"2024

QUILMES

GSOBrFERNO

2024-25""Aniversario dela Universidad.
Nacional de Quilmes

SECRETARÍA DE SERVICIOS PUBLICOS

APERTURA: 02/07/2024

OBJETO: “Adquisición de concreto asfáltico y emulsión
líqu"
licitaciones,LiciPubli_009230-1_SinObjeto.pdf,https://quilmes.gov.ar/contrataciones/licpublicas/009230-1.pdf,2026-06-13,,163,"2023

QUILMES

COBIFRNO

Recuperación

O:

de la

SECRETARÍA DE DESARROLLO URBA 9 RA PÚBLICA
SÍ

O

Sá

ge

¿PERTURA: 06/03/2023
FORA: 10:00

XPEDIENTEÑ? 4091-663-D-2023

¿0 PÚBLICA N* 09/2023

JECRET"
licitaciones,LiciPubli_013250-1_SinObjeto.pdf,https://quilmes.gov.ar/contrataciones/licpublicas/013250-1.pdf,2026-06-13,,1,"Pedido de Cotización | qes
eS N? 363 a

Municipalidad de

Quilmes Llamado N* 1 Ejercicio: 2025
Documento | Compra Apertura
Tipo N*/Año o. Tipo N%/Año Día Mes Año Hora
Expediente 1.007/2025 | Licitació"
licitaciones,LiciPubli_005220-1_ConsolidaciónDeLaConectividadEn.pdf,https://quilmes.gov.ar/contrataciones/licpublicas/005220-1.pdf,2026-06-12,“CONSOLIDACIÓN DE LA CONECTIVIDAD EN...,102,"y AAA AA A mm

2022

0) QUILMES
pl GOBIERNO

S

SECRETARÍA DE DESARROLLO URBANO Y oa 405
AS SS
4
«0
q? '
Se

O
EXPEDIENTE N* A0787-0-2022 o

APERTURA: 02/03/2022

HORA: 10:00.

uomcgibuo NN 05/2022

D"
licitaciones,LiciPubli_030220-1_TerminacionDe80ViviendasEn.pdf,https://quilmes.gov.ar/contrataciones/licpublicas/030220-1.pdf,2026-06-12,“TERMINACION DE 80 VIVIENDAS EN...,107,"SECRETARÍA DE DESARROLLO URBANO Y/OBRA PÚBLICA

APERTURA: 04/05/2022
HORA A cc

EXPEDIENTE N*:4091-2841-D-2022

DECRETO N*  /2022__.

OBJETO: “TERMINACION DE 80 VIVIENDAS EN DORREGO - ETAPA II”

VALOR"
licitaciones,LiciPubli_025240-3_ServicioAlimentarioEscolarMesaBonaerense.pdf,https://quilmes.gov.ar/contrataciones/licpublicas/025240-3.pdf,2026-06-13,SERVICIO ALIMENTARIO ESCOLAR Y MESA...,101,"Ó UILMES
GOBIERNO

-=

SECRETARIA DE EDUCACIÓN, CULTURAS Y DEPORTES

APERTURA: 27/06/2024

DECRETO NC: 12024

OBJETO: SERVICIO ALIMENTARIO ESCOLAR Y MESA BONAERENSE

VALOR DEL PLIEGO: cratuITO"
licitaciones,LiciPubli_044230-1_IsfdN24TerminacionDeEdificio2da.pdf,https://quilmes.gov.ar/contrataciones/licpublicas/044230-1.pdf,2026-06-13,“ISFD N*24 (TERMINACION DE EDIFICIO)-2da...,126,"S

SECRETARÍA DE EDUCACI

SS
o

HORA O

EXPEDIENTE Ne %091-: 626-D-2023

LICIT, PÚBLICA N* 44/2023

DECRETO N* 12023

OBJETO: “ISFD N*24 (TERMINACION DE EDIFICIO)-2da etapa”

VALOR DEL PLIEGO: $300.00"
licitaciones,LiciPubli_036230-3_SinObjeto.pdf,https://quilmes.gov.ar/contrataciones/licpublicas/036230-3.pdf,2026-06-13,,1,"QUILMES

GOBIERNO

==
2023 - 40* Aniversario de la Recuperación de la
Democracia

Dirección Gral. de Licitaciones

Por medio de la presente, se deja constancia que la empresa
enn nnnnnnnnncnnnnnnnncnn"
licitaciones,LiciPubli_006220-3_SinObjeto.pdf,https://quilmes.gov.ar/contrataciones/licpublicas/006220-3.pdf,2026-06-12,,2,"Solicitud de pedido

Ea Pedido de Cotización |” y» 310
Municipalidad de N? 561

Quilmes Llamado N* 1 Ejercicio: 2022

Documento! | Compra. | Apertura
N*/Año
085/2022

Expediente

Dependencia Solicitan"
licitaciones,LiciPubli_010260-1_PolideportivoEzpeleta.pdf,https://quilmes.gov.ar/contrataciones/licpublicas/010260-1.pdf,2026-06-13,“Polideportivo Ezpeleta” VALOR DEL PLIEGO:...,233,">

a

2026

QUILMES

GOBIERNO

SN
SECRETARÍA DE DESARROLLO e PÚBLICA

APERTURA: 31/03/2026 xÓ —
HORA: 11:00 CE

EXPEDI O Sl -1604-D-2026

od PÚBLICA N* 10/2026...

ECRETO e

OBJETO: “Polideportivo Ezp"
licitaciones,LiciPubli_039230-2_SinObjeto.pdf,https://quilmes.gov.ar/contrataciones/licpublicas/039230-2.pdf,2026-06-13,,1,"QUILMES

GOBIERNO

==
2023 - 40* Aniversario de la Recuperación de la
Democracia

Dirección Gral. de Licitaciones

Por medio de la presente, se deja constancia que la empresa
enn nnnnnnnnncnnnnnnnncnn"
licitaciones,LiciPubli_007260-1_PavimentaciónEnBernalOesteetapavi.pdf,https://quilmes.gov.ar/contrataciones/licpublicas/007260-1.pdf,2026-06-13,PAVIMENTACIÓN EN BERNAL OESTE-ETAPAVI /...,96,"2026

QUILMES

GOBIERNO

SECRETARÍA DE DESARROLLO URBANO Y OBRA PÚBLICA

APERTURA: 11/03/2026

DECRETO NP? 12026

OBJETO: PAVIMENTACIÓN EN BERNAL OESTE-ETAPAVI
/

VALOR DEL PLIEGO: $8.214.423,00.- (Pe"
licitaciones,LiciPubli_043240-2_SinObjeto.pdf,https://quilmes.gov.ar/contrataciones/licpublicas/043240-2.pdf,2026-06-13,,1,"QUILMES

GOBIERNO

Dirección General de Contrataciones y Abastecimiento

Por medio de la presente, se deja constancia que la empresa
enn nnnnnnnnncnnnnnnnncnnannnnninnnes efectuó la descarga en format"
licitaciones,LiciPubli_052250-1_DesagúeVillaLujánConductoPluvial.pdf,https://quilmes.gov.ar/contrataciones/licpublicas/052250-1.pdf,2026-06-13,“Desagúe Villa Luján - Conducto...,113,"2025

QUILMES
GOBIERNO

2025 - HOMENAJE A LA MEMORIA Y LEGADO DE SU SANTIDAD PAPA FRANCISCO

SECRETARÍA DE DESARROLLO URBANO Y,OBRA PÚBLICA

APERTURA SOBRE N” 4: 10/41/2882.
A. AO

APERTURA SOBRE
HORA"
licitaciones,LiciPubli_046240-2_SinObjeto.pdf,https://quilmes.gov.ar/contrataciones/licpublicas/046240-2.pdf,2026-06-13,,1,"QUILMES

GOBIERNO

2024-35* Aniversario de la Universidad
Nacional de Quilmes

Dirección General de Contrataciones y Abastecimiento

Por medio de la presente, se deja constancia que la empresa
enn nnn"
licitaciones,LiciPubli_022260-1_ServicioDeAlquilerDeCamiones.pdf,https://quilmes.gov.ar/contrataciones/licpublicas/022260-1.pdf,2026-06-13,“SERVICIO DE ALQUILER DE CAMIONES...,18,"2026

Ó QUILMES

SECRETARÍA DE AMBIENTE Y GESTION INTEGRAL DE
RESIDUOS SOLIDOS URBANOS (G.l¿R.S.U.)

APERTURA: 06/05/2026

DECRETO N? 12026

OBJETO: “SERVICIO DE ALQUILER DE CAMIONES
SEMIREMOLQUE CON "
licitaciones,LiciPubli_003260-2_SinObjeto.pdf,https://quilmes.gov.ar/contrataciones/licpublicas/003260-2.pdf,2026-06-13,,1,"Solicitud de pedido

Pedido de Cotización o
Ea N2 216 N* 268

Municipalidad de

Quilmes Llamado N* 2 Ejercicio: 2026
Documento | Compra Apertura
Tipo N*/Año y Tipo N%/Año Día Mes Año Hora
Expediente 5"
licitaciones,LiciPubli_001250-2_SinObjeto.pdf,https://quilmes.gov.ar/contrataciones/licpublicas/001250-2.pdf,2026-06-13,,1,"QUILMES

GOBIERNO

Dirección General de Contrataciones y Abastecimiento

Por medio de la presente, se deja constancia que la empresa
enn nnnnnnnnncnnnnnnnncnnannnnninnnes efectuó la descarga en format"
licitaciones,LiciPubli_005240-1_AdquisicionDeAutoelevador.pdf,https://quilmes.gov.ar/contrataciones/licpublicas/005240-1.pdf,2026-06-13,“ADQUISICION DE AUTOELEVADOR” VALOR DEL...,13,"2024

O quiLMEs
> GOBIERNO

SECRETARÍA DE NIÑEZ Y DESARROLLO SOCIAL

APERTURA: 08/03/2024

DECRETO N? 12024

OBJETO: “ADQUISICION DE AUTOELEVADOR”

VALOR DEL PLIEGO: Gratuito"
licitaciones,LiciPubli_014260-1_SinObjeto.pdf,https://quilmes.gov.ar/contrataciones/licpublicas/014260-1.pdf,2026-06-13,,1,"Solicitud de pedido

Pedido de Cotización |” y»73;
N* 720
Llamado N' 1

Compra

eS

Municipalidad de
Quilmes

Ejercicio: 2026

Documento! |
Tipo N*/Año
Expediente 1.936/2026

Apertura

N%/Año
14
12026"
licitaciones,LiciPubli_051230-2_SinObjeto.pdf,https://quilmes.gov.ar/contrataciones/licpublicas/051230-2.pdf,2026-06-13,,1,"QUILMES

GOBIERNO

2023 -40* Aniersaro de la Recuperación de la
Democracia

Dirección Gral. de Licitaciones

Por medio de la presente, se deja constancia que la empresa
enn nnnnnnnnncnnnnnnnncnnannnnn"
licitaciones,LiciPubli_019230-3_AlquilerDeCamionesDesobstructores.pdf,https://quilmes.gov.ar/contrataciones/licpublicas/019230-3.pdf,2026-06-13,“ALQUILER DE CAMIONES DESOBSTRUCTORES” VALOR...,14,"2023

Í QUILMES

GOBIERNO

2023 - 40* Aniversario de la Recuperación de la
Democracia

SECRETARÍA DE SERVICIOS PÚBLICOS

APERTURA: 1600312028

HORA: 12:00

EXPEDIENTE N? AID in

LICITACIÓN PÚBLICA N* "
licitaciones,LiciPubli_054250-1_FinalizaciónDeObraEnEet.pdf,https://quilmes.gov.ar/contrataciones/licpublicas/054250-1.pdf,2026-06-13,“Finalización de Obra en E.E.T....,119,"2025

QUILMES

GOBIERNO

rr ()
2025 - HOMENAJE A LA MEMORIA Y LEGADO DE SU SANTIDAD PAPA FRANCISCO + Y

A SECRETARÍA DE EDUCACIÓN, curmpairare

APERTURA: 20/10/2025 Q

E 12025

[qe mm

OBJETO: “Finali"
licitaciones,LiciPubli_053230-1_SinObjeto.pdf,https://quilmes.gov.ar/contrataciones/licpublicas/053230-1.pdf,2026-06-13,,1,"Solicitud de pedido

Pedido de Cotización o
Ea N? 151 9 N* 1553

Municipalidad de

Quilmes Llamado N* 1 Ejercicio: 2023
Documento! | Compra. | Apertura
Tipo N*/Año Í Mes Año
Expediente 981/2023 5 2023"
licitaciones,LiciPubli_044240-1_PlanMunicipalDeBacheo2024.pdf,https://quilmes.gov.ar/contrataciones/licpublicas/044240-1.pdf,2026-06-13,PLAN MUNICIPAL DE BACHEO 2024...,88,"2024

QUILMES

GOBIERNO

2024-26"" Aniversariade la Universidad
Nacional de Quilmes:

SECRETARÍA DE DESARROLLO URBANO Y OBRA PÚBLICA

APERTURA:23/09/202

DECRETO.N? 12024

OBJETO: PLAN MUNICIPAL DE BAC"
licitaciones,LiciPubli_020250-2_SinObjeto.pdf,https://quilmes.gov.ar/contrataciones/licpublicas/020250-2.pdf,2026-06-13,,1,"QUILMES

GOBIERNO

Dirección General de Contrataciones y Abastecimiento

Por medio de la presente, se deja constancia que la empresa
eeennannnnnnnncnnnnnincnnnnnninicnnnd efectuó la descarga en format"
licitaciones,LiciPubli_010230-1_SinObjeto.pdf,https://quilmes.gov.ar/contrataciones/licpublicas/010230-1.pdf,2026-06-13,,59,")emocracia

SECRETARÍA DE DESARROLLO URBANO Y OBRA PÚBLICA

APERTURA: 06/03/2023
HORA: 11:00

=XPEDIENTE N* 4091-610-D-2023

LICITACIÓN PÚBLICA N* 10/2023

DECRETO N? 12023

JBJETO: “Obra: Sistema de "
licitaciones,LiciPubli_006220-2_SinObjeto.pdf,https://quilmes.gov.ar/contrataciones/licpublicas/006220-2.pdf,2026-06-12,,1,"QUILMES

GOBIERNO

Dirección Gral.de Licitaciones

Por medio de la presente, se deja constancia que la empresa
ennnnn nn nnnnnnnrnnnncnnnnnnnncnnnes efectuó la descarga en formato digital del Pliego d"
licitaciones,LiciPubli_025260-1_EdificioMunicipalQuilmesTec.pdf,https://quilmes.gov.ar/contrataciones/licpublicas/025260-1.pdf,2026-06-13,“EDIFICIO MUNICIPAL QUILMES TEC” VALOR...,272,"SECRETARÍA DE DESARROLLO URBANO Y OBRAS PÚBLICAS

APERTURA: 12/05/2026

DECRETO N* 12026

OBJETO: “EDIFICIO MUNICIPAL QUILMES TEC”

VALOR DEL PLIEGO: $9.441.685,00.- (Pesos Nueve millóñes cuatrociento"
licitaciones,LiciPubli_036230-1_SinObjeto.pdf,https://quilmes.gov.ar/contrataciones/licpublicas/036230-1.pdf,2026-06-13,,1,"O ouiimes
pr GOBIERNO

2023 - 40* Aniversario de la Recuperación de la
Democracia

Quilmes, 09 de marzo de 2023

CIRCULAR SIN CONSULTA N? 1
LICITACION PÚBLICA N? 36/2023

“Adquisición de resmas de pap"
licitaciones,LiciPubli_052220-2_SinObjeto.pdf,https://quilmes.gov.ar/contrataciones/licpublicas/052220-2.pdf,2026-06-13,,1,"QUILMES

GOBIERNO

Dirección Gral.de Licitaciones

Por medio de la presente, se deja constancia que la empresa
ennnnn nn nnnnnnnrnnnncnnnnnnnncnnnes efectuó la descarga en formato digital del Pliego d"
licitaciones,LiciPubli_033250-3_AdquisicionDeMaterialesElectricos.pdf,https://quilmes.gov.ar/contrataciones/licpublicas/033250-3.pdf,2026-06-13,“ADQUISICION DE MATERIALES ELECTRICOS” VALOR...,12,"SECRETARÍA DE SERVICIOS PUBLICOS

APERTURA: 06/05/2025

OBJETO: “ADQUISICION DE MATERIALES ELECTRICOS”

VALOR DEL PLIEGO: Gratuito

A a
ula Rara

pesdán G8ro
. sel de Servicios Públicos

iimas
Municip"
licitaciones,LiciPubli_016230-1_RefacciónIntegralPlazaEnBernal.pdf,https://quilmes.gov.ar/contrataciones/licpublicas/016230-1.pdf,2026-06-13,“REFACCIÓN INTEGRAL PLAZA EN BERNAL...,135,"Democracia

SECRETARÍA DE DESARROLLO URBANO Y OBRAPÚBLICA
ES
O
O
APERTURA: 14/03/2023 CECI e

Q
HORA: 11:00 xO

EXPEDIENTE N* 40913750-D-2023..

LICITACION RÉBLICA A ctas]

DECRETO N* /2023.__.

OBJET"
licitaciones,LiciPubli_047220-4_AdquisiciónDeMobiliarioParaEstablecimientos.pdf,https://quilmes.gov.ar/contrataciones/licpublicas/047220-4.pdf,2026-06-13,ADQUISICIÓN DE MOBILIARIO PARA ESTABLECIMIENTOS...,13,"SECRETARÍA DE EDUCACION

HORA: 10:00

EXPEDIENTE N” 4091-4817-D-2022

LICITACIÓN PÚBLICA N? 47/2022.

DECRETO N?  /2022

OBJETO: ADQUISICIÓN DE MOBILIARIO PARA ESTABLECIMIENTOS
ESCOLARES

VALOR DEL PL"
licitaciones,LiciPubli_033240-1_SinObjeto.pdf,https://quilmes.gov.ar/contrataciones/licpublicas/033240-1.pdf,2026-06-13,,1,"Solicitud de pedido

Pedido de Cotización o
Ea N2 1676 N* 1734

Municipalidad de

Quilmes Llamado N' 1 Ejercicio: 2024
Documento! | Compra. | Apertura
Tipo N*/Año Día Mes Año
Expediente 043/2024 29 7 "
licitaciones,LiciPubli_024260-1_SinObjeto.pdf,https://quilmes.gov.ar/contrataciones/licpublicas/024260-1.pdf,2026-06-13,,1,"Solicitud de pedido

Pedido de Cotización o
N2 1027 N* 1149
Llamado N? 1

Compra

eS

Municipalidad de
Quilmes

Ejercicio: 2026

Documento! |
Tipo N*/Año
Expediente 2.823/2026

Apertura

N%/Año
24
120"
licitaciones,LiciPubli_036220-1_PlazaSustentableLeónRamónCosta.pdf,https://quilmes.gov.ar/contrataciones/licpublicas/036220-1.pdf,2026-06-13,Plaza Sustentable “León Ramón Costa”...,103,"HORA: 10:00. O

EXPEDIENTE Qído91-3240-D-2022.....

0)
eres PÚBLICA N? 36/2022. 00

DECRETO NN? /2022 0...

OBJETO: Plaza Sustentable “León Ramón Costa”

VALOR DEL PLIEGO: $294.961,57.- (Pesos doscien"
licitaciones,LiciPubli_022250-1_RacionesDeComidaParaSer.pdf,https://quilmes.gov.ar/contrataciones/licpublicas/022250-1.pdf,2026-06-13,“RACIONES DE COMIDA PARA SER...,60,"SECRETARÍA DE SALUD

APERTURA: 21/03/2025

DECRETO/N*  /2025

OBJETO: “RACIONES DE COMIDA PARA SER REPARTIDAS EN
DEPENDENCIAS DE SALUD”

VALOR DEL PLIEGO: $645.840,00 (PESOS SEISCIENTOS CUARENTA Y CIN"
licitaciones,LiciPubli_028220-1_SinObjeto.pdf,https://quilmes.gov.ar/contrataciones/licpublicas/028220-1.pdf,2026-06-12,,59,"SECRETARÍA DE DESARROLLO URBANO BB PÚBLICA
>

APERTURA: 29/04/2022. 0

LICIT, PÚBLICA N* 28/2022

DECRETO N* 12022"
licitaciones,LiciPubli_015240-3_AdquisicionDeHormigonH30H8.pdf,https://quilmes.gov.ar/contrataciones/licpublicas/015240-3.pdf,2026-06-13,“ADQUISICION DE HORMIGON H30 Y...,13,"2024

O quiLMes
> GOBIERNO

SECRETARÍA DE SERVICIOS PUBLICOS

APERTURA: 11/04/2024

DECRETO N? 12024

OBJETO: “ADQUISICION DE HORMIGON H30 Y H8”

VALOR DEL PLIEGO: Gratuito"
licitaciones,LiciPubli_033230-2_SinObjeto.pdf,https://quilmes.gov.ar/contrataciones/licpublicas/033230-2.pdf,2026-06-13,,1,"QUILMES

GOBIERNO

==
2023 - 40* Aniversario de la Recuperación de la
Democracia

Dirección Gral. de Licitaciones

Por medio de la presente, se deja constancia que la empresa
enn nnnnnnnnncnnnnnnnncnn"
licitaciones,LiciPubli_053250-1_TerminaciónDeAulasEnEscuela.pdf,https://quilmes.gov.ar/contrataciones/licpublicas/053250-1.pdf,2026-06-13,“Terminación de 4 aulas en...,141,"2025

QUILMES
GOBIERNO

2025 - HOMENAJE A LA MEMORIA Y LEGADO DE SU SANTIDAD PAPA FRANCISCO

E SECRETARÍA DE EDUCACIÓN, CULTURAS.Y DEPORTES

APERTURA: 15/10/2025

DECRETO N* 12025

OBJETO: “Terminació"
licitaciones,LiciPubli_032240-1_SinObjeto.pdf,https://quilmes.gov.ar/contrataciones/licpublicas/032240-1.pdf,2026-06-13,,2,"Solicitud de pedido

Pedido de Cotización o
ES N* 1627 vna

Municipalidad de

Quilmes Llamado N* 1 Ejercicio: 2024
Documento | Compra Apertura
Tipo N*/Año o. Tipo N%/Año Día Mes Año Hora
Expediente 6."
licitaciones,LiciPubli_055250-3_SinObjeto.pdf,https://quilmes.gov.ar/contrataciones/licpublicas/055250-3.pdf,2026-06-13,,1,"Solicitud de pedido

Pedido de Cotización o
N* 2702 nan
Llamado N? 1

Compra

eS

Municipalidad de
Quilmes

Ejercicio: 2025

Documento! |
Tipo N*/Año
Expediente 8.864/2025

Apertura

N%/Año
55
12025

"
licitaciones,LiciPubli_019240-2_SinObjeto.pdf,https://quilmes.gov.ar/contrataciones/licpublicas/019240-2.pdf,2026-06-13,,1,"QUILMES

GOBIERNO

Dirección General de Contrataciones y Abastecimiento

Por medio de la presente, se deja constancia que la empresa
enn nnnnnnnnncnnnnnnnncnnannnnninnnes efectuó la descarga en format"
licitaciones,LiciPubli_057230-2_SinObjeto.pdf,https://quilmes.gov.ar/contrataciones/licpublicas/057230-2.pdf,2026-06-13,,1,"Solicitud de pedido

Pedido de Cotización o
N* 1720 ve»
Llamado N? 1

Compra

eS

Municipalidad de
Quilmes

Ejercicio: 2023

Documento
Tipo
Expediente

Apertura

N%/Año
4.353/2023

Tipo N%/Año
Licitac"
licitaciones,LiciPubli_006250-2_SinObjeto.pdf,https://quilmes.gov.ar/contrataciones/licpublicas/006250-2.pdf,2026-06-13,,1,"QUILMES

GOBIERNO

Dirección General de Contrataciones y Abastecimiento

Por medio de la presente, se deja constancia que la empresa
enn nnnnnnnnncnnnnnnnncnnannnnninnnes efectuó la descarga en format"
licitaciones,LiciPubli_047240-4_SinObjeto.pdf,https://quilmes.gov.ar/contrataciones/licpublicas/047240-4.pdf,2026-06-13,,1,"QUILMES

GOBIERNO

2024-35"" Aniversario de la Universidad
Nacional de Quilmes

Quilmes, 26 de septiembre de 2024

CIRCULAR SIN CONSULTA N? 1
LICITACION PÚBLICA N? 47/2024
“Módulos alimentarios para se"
licitaciones,LiciPubli_018220-1_ServicioDeSepelios.pdf,https://quilmes.gov.ar/contrataciones/licpublicas/018220-1.pdf,2026-06-12,SERVICIO DE SEPELIOS VALOR DEL...,15,"SECRETARIA DE NIÑEZ Y DESARROLLO SOCIAL

APERTURA: 07/04/2022

HORA: 10:00

DECRETO N* 12022

OBJETO: SERVICIO DE SEPELIOS

VALOR DEL PLIEGO: Gratuito"
licitaciones,LiciPubli_034250-6_SinObjeto.pdf,https://quilmes.gov.ar/contrataciones/licpublicas/034250-6.pdf,2026-06-13,,1,"QUILMES

GOBIERNO

Quilmes, 20 de mayo de 2025

CIRCULA! N CONSULTA N?
LICITACIÓN PÚBLICA N* 34/2025

“ADQUISICIÓN DE MOBILIARIO PARA ESTABLECIMIENTOS EDUCATIVOS”

La Secretaria de Educación, Culturas"
licitaciones,LiciPubli_007220-2_SinObjeto.pdf,https://quilmes.gov.ar/contrataciones/licpublicas/007220-2.pdf,2026-06-12,,1,"O quires
GOBIERNO

ad

Quilmes, 16 de marzo de 2022

CIRCULAR SIN CONSULTA N? 2

CIRCULAROINUUASPAAZ

LICITACION PÚBLICA N? 07/2022

LICITACION PUBLICA N""0//2044
“CIUDAD DE LOS DEPORTES EN SOLANO”
La "
licitaciones,LiciPubli_014220-3_SinObjeto.pdf,https://quilmes.gov.ar/contrataciones/licpublicas/014220-3.pdf,2026-06-12,,5,"Solicitud de pedido

Pedido de Cotización o
11 de N? 818 N 574

Quilmes Llamado N* 1 Ejercicio: 2022

Documento! | Compra. | Apertura
N*/Año
131/2022

Expediente

Dependencia Solicitante S Dirección d"
licitaciones,LiciPubli_080230-2_SinObjeto.pdf,https://quilmes.gov.ar/contrataciones/licpublicas/080230-2.pdf,2026-06-13,,1,"QUILMES

GOBIERNO

2023 -40* Aniersaro de la Recuperación de la
Democracia

Dirección Gral. de Licitaciones

Por medio de la presente, se deja constancia que la empresa
enn nnnnnnnnncnnnnnnnncnnannnnn"
licitaciones,LiciPubli_036240-1_SinObjeto.pdf,https://quilmes.gov.ar/contrataciones/licpublicas/036240-1.pdf,2026-06-13,,10,"Pedido de Cotización
N* 1980

eS

Municipalidad de

Solicitud de pedido

N? 2001

Quilmes Llamado N* 1 Ejercicio: 2024
Documento | Compra Apertura
Tipo N*/Año o. Tipo N%/Año Día Mes Año Hora
Expedient"
licitaciones,LiciPubli_033230-4_AdquisiciónDeResmasDePapel.pdf,https://quilmes.gov.ar/contrataciones/licpublicas/033230-4.pdf,2026-06-13,ADQUISICIÓN DE RESMAS DE PAPEL...,13,"2023

QUILMES

GOBIERNO

SECRETARÍA DE HACIENDA

APERTURA: 15/03/2023

HORA: 10:00

EXPEDIENTE N? 4091-1889-D-2023

OBJETO: ADQUISICIÓN DE RESMAS DE PAPEL

VALOR DEL PLIEGO: Gratuito"
licitaciones,LiciPubli_013220-1_AdquisicionDeMaterialesElectricos.pdf,https://quilmes.gov.ar/contrataciones/licpublicas/013220-1.pdf,2026-06-12,ADQUISICION DE MATERIALES ELECTRICOS...,13,"SECRETARIA DE SERVICIOS PUBLICOS

APERTURA: 04/04/2022

HORA: 10:00

EXPEDIENTE N*4091-2127-D-2022

DECRETO N? 12022

OBJETO: ADQUISICION DE MATERIALES ELECTRICOS"
licitaciones,LiciPubli_040230-2_SinObjeto.pdf,https://quilmes.gov.ar/contrataciones/licpublicas/040230-2.pdf,2026-06-13,,1,"QUILMES

GOBIERNO

==
2023 - 40* Aniversario de la Recuperación de la
Democracia

Dirección Gral. de Licitaciones

Por medio de la presente, se deja constancia que la empresa
enn nnnnnnnnncnnnnnnnncnn"
licitaciones,LiciPubli_029230-1_PlazaInclusivaRevitalización.pdf,https://quilmes.gov.ar/contrataciones/licpublicas/029230-1.pdf,2026-06-13,“PLAZA INCLUSIVA - REVITALIZACIÓN” VALOR...,89,"Jemocracia

SECRETARÍA DE DESARROLLO URSANO (DBA PÚBLICA

APERTURA: 21/03/2023 dl |

HORA: 10:00 xO

EXPEDIENTE ora 524-D-2023

urea N*29/2023.

DECRETO N*  /2023

OBJETO: “PLAZA INCLUSIVA - REVITALIZ"
licitaciones,LiciPubli_013240-2_SinObjeto.pdf,https://quilmes.gov.ar/contrataciones/licpublicas/013240-2.pdf,2026-06-13,,1,"QUILMES

GOBIERNO

Dirección General de Contrataciones y Abastecimiento

Por medio de la presente, se deja constancia que la empresa
ÓN efectuó la descarga en formato digital del Pliego de
Bases y Con"
licitaciones,LiciPubli_014230-3_AceitesParaVehículosMaquinariaEquipos.pdf,https://quilmes.gov.ar/contrataciones/licpublicas/014230-3.pdf,2026-06-13,"Aceites para vehículos, maquinaria y...",13,"2023

“% QUILMES

GOBIERNO

023 - 40 Aniversario de la Recuperación de la
Democracia

SECRETARÍA DE SERVICIOS PÚBLICOS

APERTURA: 10/03/2023
HORA: 11:00

EXPEDIENTE N? 4091-991-D-2023

LICITACIÓN PÚBL"
licitaciones,LiciPubli_077230-1_SinObjeto.pdf,https://quilmes.gov.ar/contrataciones/licpublicas/077230-1.pdf,2026-06-13,,1,"Solicitud de pedido

Pedido de Cotización o
N2 2520 N* 2536

eS

Municipalidad de

Quilmes Llamado N* 1 Ejercicio: 2023
Documento Compra Apertura
Tipo N*/Año ) Tipo N%/Año
Expediente 7.572/2023 | Lici"
licitaciones,LiciPubli_007220-1_SinObjeto.pdf,https://quilmes.gov.ar/contrataciones/licpublicas/007220-1.pdf,2026-06-12,,1,"Quilmes, 13 de marzo de 2022

CIRCULAR SIN CONSULTA N' 1
LICITACION PÚBLICA N* 07/2022

“CIUDAD DE LOS DEPORTES EN EL PARQUE LINEAL DE SOLANO”

La Secretaria de Desarrollo Urbano y Obra Pública comuni"
licitaciones,LiciPubli_015220-1_DescartablesParaAbastecer.pdf,https://quilmes.gov.ar/contrataciones/licpublicas/015220-1.pdf,2026-06-12,DESCARTABLES PARA ABASTECER CENTROS DE...,13,"SECRETARIA DE SALUD

APERTURA: 06/04/2022

HORA: 11:00

DECRETO N* 12022

OBJETO: DESCARTABLES PARA ABASTECER
CENTROS DE SALUD"
licitaciones,LiciPubli_035250-1_PavimentosDeAccesoLaAlcaidía.pdf,https://quilmes.gov.ar/contrataciones/licpublicas/035250-1.pdf,2026-06-13,“Pavimentos de Acceso a la...,101,"SECRETARÍA DE DESARROLLO URBANO Y OBRA PÚBLICA

APERTURA; 06/06/2025 y»
A e ESSE

EXPEDIENTE N* 4091-3909-D-2025

DECRETON? 12025

OBJETO: “Pavimentos de Acceso a la Alcaidía”

VALOR DEL PLIEGO: $1.00"
licitaciones,LiciPubli_039250-1_AccesoNuevoPolideportivoDeLa.pdf,https://quilmes.gov.ar/contrataciones/licpublicas/039250-1.pdf,2026-06-13,“Acceso a Nuevo Polideportivo de...,91,"2025

QUILMES

GOBIERNO

2025 - HOMENAJE A LA MEMORIA Y LEGADO DE SU SANTIDAD PAPA FRANCISCO,

SECRETARÍA DE DESARROLLO URBANO Y OBRA PÚBLICA

APERTURA: 30/06/2025

A PRD O EC

EXPEDIENTE N* 4091-4596"
licitaciones,LiciPubli_016240-2_SinObjeto.pdf,https://quilmes.gov.ar/contrataciones/licpublicas/016240-2.pdf,2026-06-13,,1,"QUILMES

GOBIERNO

Dirección General de Contrataciones y Abastecimiento

Por medio de la presente, se deja constancia que la empresa
enn nnnnnnnnncnnnnnnnncnnannnnninnnes efectuó la descarga en format"
licitaciones,LiciPubli_001250-3_ServicioDeLavadoSecadoPlanchado.pdf,https://quilmes.gov.ar/contrataciones/licpublicas/001250-3.pdf,2026-06-13,"“SERVICIO DE LAVADO, SECADO Y...",13,"SECRETARÍA DE SALUD

OBJETO: “SERVICIO DE LAVADO, SECADO Y PLANCHADO DE PRENDAS”

VALOR DEL PLIEGO: Gratuito

Dra. Carolina Begue
Secretaria de Salud
unicipalidad de Quilmes

AA"
licitaciones,LiciPubli_035260-2_SinObjeto.pdf,https://quilmes.gov.ar/contrataciones/licpublicas/035260-2.pdf,2026-06-13,,1,"QUILMES

GOBIERNO

2026 - A 50 AÑOS DE LA DICTADURA CÍVICO-MILITAR
MEMORIA, VERDAD Y JUSTICIA

Dirección General de Licitaciones

Por medio de la presente, se deja constancia que la empresa
eennnnnann"
licitaciones,LiciPubli_002230-2_SinObjeto.pdf,https://quilmes.gov.ar/contrataciones/licpublicas/002230-2.pdf,2026-06-13,,1,"QUILMES

GOBIERNO

==
2023 - 40* Aniversario de la Recuperación de la
Democracia

Dirección Gral. de Licitaciones

Por medio de la presente, se deja constancia que la empresa
enn nnnnnnnnncnnnnnnnncnn"
licitaciones,LiciPubli_046230-1_CubiertaMóvilParaPiletaSemiolímpica.pdf,https://quilmes.gov.ar/contrataciones/licpublicas/046230-1.pdf,2026-06-13,“Cubierta Móvil Para Pileta Semi-Olímpica...,84,"2023

QUILMES
GOBIERNO

ul
2023 - 40* Aniversario de la Re
Democracia

n de la

SECRETARÍA DE DESARROLLO URBANO QS PÚBLICA

: >

LICEpAÑÍÓN PÚBLICA N* 46/2023... |

DECRETO N?  /2023

OBJETO: “Cubiert"
licitaciones,LiciPubli_009250-2_SinObjeto.pdf,https://quilmes.gov.ar/contrataciones/licpublicas/009250-2.pdf,2026-06-13,,1,"QUILMES

GOBIERNO

Dirección General de Contrataciones y Abastecimiento

Por medio de la presente, se deja constancia que la empresa
enn nnnnnnnnncnnnnnnnncnnannnnninnnes efectuó la descarga en format"
licitaciones,LiciPubli_055230-1_SinObjeto.pdf,https://quilmes.gov.ar/contrataciones/licpublicas/055230-1.pdf,2026-06-13,,1,"Solicitud de pedido

Pedido de Cotización o
N? 1696 vn
Llamado N? 1

Compra

eS

Municipalidad de
Quilmes

Ejercicio: 2023

Documento! |
Tipo N*/Año
Expediente 4.136/2023

Apertura

N/Año
55
12023

Ti"
licitaciones,LiciPubli_002260-1_PlazaEnBernalOeste.pdf,https://quilmes.gov.ar/contrataciones/licpublicas/002260-1.pdf,2026-06-13,“Plaza en Bernal Oeste” VALOR...,154,"2026

QUILMES

GOBIERNO
mk y O

SECRETARÍA DE DESARROLLO URBANO Y OBRA PÚBLICA

APERTURA: 13/02/2026 _ yx A

HORA: 11:00. O

—

EXPEDIENTE N? 4091-335-D-2026

LICITACIÓN PÚBLICA N* 02/2026

DECRETO N*"
licitaciones,LiciPubli_010220-3_SinObjeto.pdf,https://quilmes.gov.ar/contrataciones/licpublicas/010220-3.pdf,2026-06-12,,2,"Quilmes, 23 de marzo de 2022

CIRCULAR SIN CONSULTA N*
LICITACION PÚBLICA N? 10/2022

“PASO BAJO NIVEL CALLES LAPRIDA-DORREGO»

La Secretaría de Desarrollo Urbano y Obra Pública comunica la presente C"
licitaciones,LiciPubli_018260-1_ServicioDePlataformaIntegralDe.pdf,https://quilmes.gov.ar/contrataciones/licpublicas/018260-1.pdf,2026-06-13,“SERVICIO DE PLATAFORMA INTEGRAL DE...,14,"2026

QUILMES
GOBIERNO

2026 -ASO AÑOS DE

MEMORIA,

SECRETARÍA DE LEGAL Y TÉCNICA

APERTURA: 09/04/2026

DECRETO. N? 12026

OBJETO: “SERVICIO DE PLATAFORMA INTEGRAL DE
INFRACCIONES”

VALOR DEL PLIEGO"
licitaciones,LiciPubli_052230-3_SinObjeto.pdf,https://quilmes.gov.ar/contrataciones/licpublicas/052230-3.pdf,2026-06-13,,32,"Salmo ap pepyediotuny
[$219 3p 0112301095
PER [8l1y 0p12q0y

04219 :09311d 130 YOTVA

«2118794998 e] e sajuaroaua]lad
sajuaBe eJed emejuaunpul ap uoismbpy, :OL3PgO

ez0z/ oN OL3Y930

""N'S""Y'1""9 30 VIY"
licitaciones,LiciPubli_039240-2_SinObjeto.pdf,https://quilmes.gov.ar/contrataciones/licpublicas/039240-2.pdf,2026-06-13,,1,"QUILMES

GOBIERNO

2024-35” Aniversario de la Universidad
Nacional de Quilmes

Quilmes, 13 de agosto de 2024

CIRCULAR SIN CONSULTA N? 1
LICITACION PÚBLICA N* 39/2024

“Veterinaria Municipal”

La Secr"
licitaciones,LiciPubli_053230-2_SinObjeto.pdf,https://quilmes.gov.ar/contrataciones/licpublicas/053230-2.pdf,2026-06-13,,1,"QUILMES

GOBIERNO

==
2023 - 40* Aniversario de la Recuperación de la
Democracia

Dirección Gral. de Licitaciones

Por medio de la presente, se deja constancia que la empresa
ennrn enn nnncnnnnnnnncnn"
licitaciones,LiciPubli_001260-1_IndumentariaParaElPersonalDe.pdf,https://quilmes.gov.ar/contrataciones/licpublicas/001260-1.pdf,2026-06-13,“INDUMENTARIA PARA EL PERSONAL DE...,23,"SECRETARÍA DE SERVICIOS PÚBLICOS

APERTURA: 13/02/2026 ./

HORA: 10:00...

EXPEDIENTE N* 4091,331-D-2026

LICITACIÓN PÚBLICA N* 01/2028 0000000

a o

OBJETO: “INDUMENTARIA PARA EL PERSONAL DE
SERVICIO"
licitaciones,LiciPubli_073230-1_CdiSantoDomingo.pdf,https://quilmes.gov.ar/contrataciones/licpublicas/073230-1.pdf,2026-06-13,”CDI- SANTO DOMINGO” VALOR DEL...,137,"2023

QUILMES

GOBIERNO

SECRETARÍA DE DESARROLLO URSANO PDeRA PÚBLICA

.

S
O

<N

APERTURA: 28/06/2023 Á

Q

HORA: 10:00 S
0:00 2
O

EXPEDIENTE Ñ% 4091-5946-D-2023

LICGpAÑÍON PÚBLICA N*73/2028.

DE"
licitaciones,LiciPubli_025220-3_SinObjeto.pdf,https://quilmes.gov.ar/contrataciones/licpublicas/025220-3.pdf,2026-06-12,,2,"Pedido de Cotización |““hegs2
d N* 952
Municipalidad de

Quilmes Llamado N* 1 Ejercicio: 2022

Documento! | Compra. | Apertura
N*/Año Í

Expediente

Dependencia Solicitante D Secretaria De Desarrollo "
licitaciones,LiciPubli_004230-1_SinObjeto.pdf,https://quilmes.gov.ar/contrataciones/licpublicas/004230-1.pdf,2026-06-13,,1,"QUILMES

GOBIERNO

==
2023 - 40* Aniversario de la Recuperación de la
Democracia

Dirección Gral. de Licitaciones

Por medio de la presente, se deja constancia que la empresa
enn nnnnnnnnncnnnnnnnncnn"
licitaciones,LiciPubli_048230-1_EspacioPúblicoEnCallesPosadas.pdf,https://quilmes.gov.ar/contrataciones/licpublicas/048230-1.pdf,2026-06-13,“Espacio Público en Calles Posadas...,106,"SECRETARÍA DE DESARROLLO TS PÚBLICA
SY
O

APERTURA: 28/04/2023 Se o

Q

0 0
e A

-APEDIENTE Ñ” 4091-3542-0-2023 a

DECRETO N* 12028. 00000

OBJETO: “Espacio Público en Calles Posadas y Costa Rica”

M
"
licitaciones,LiciPubli_027230-1_SinObjeto.pdf,https://quilmes.gov.ar/contrataciones/licpublicas/027230-1.pdf,2026-06-13,,68,"SECRETARÍA DE DESARROLLO URBA yo PÚBLICA
o”

O

""PERTURA: 22/03/2023 psa E

JORA: 12:00 So

KPEDIENTEÑ? 4091-994-D-2023.

iS ÍN PÚBLICA NO2712028

JECRETO N*  /2023

JBJETO: PUESTA EN VALOR DE ACCESOS"
licitaciones,LiciPubli_032230-2_SinObjeto.pdf,https://quilmes.gov.ar/contrataciones/licpublicas/032230-2.pdf,2026-06-13,,1,"QUILMES

GOBIERNO

2023 - 40* Aniversario de la Recuperación de la
Democracia

Dirección Gral. de Licitaciones

Por medio de la presente, se deja constancia que la empresa
AN efectuó la descarga en fo"
licitaciones,LiciPubli_039230-3_RemerasMangaCortaParaEntrenamiento.pdf,https://quilmes.gov.ar/contrataciones/licpublicas/039230-3.pdf,2026-06-13,“REMERAS MANGA CORTA PARA ENTRENAMIENTO”...,14,"2023

QUILMES

GOBIERNO

SECRETARÍA DE CULTURAS Y DEPORTES

APERTURA: 11/04/2023

DECRETO N*  /2023

OBJETO: “REMERAS MANGA CORTA PARA ENTRENAMIENTO”

VALOR DEL PLIEGO: Gratuito"
licitaciones,LiciPubli_019240-1_SinObjeto.pdf,https://quilmes.gov.ar/contrataciones/licpublicas/019240-1.pdf,2026-06-13,,7,"eS

Municipalidad de

N* 1236
Llamado N* 1

Pedido de Cotización

Solicitud de pedido

N? 1082

Ejercicio: 2024

Quilmes
Documento | Compra Apertura
Tipo N*/Año o. Tipo N%/Año Día Mes Año Hora
Expedie"
licitaciones,LiciPubli_079230-1_SinObjeto.pdf,https://quilmes.gov.ar/contrataciones/licpublicas/079230-1.pdf,2026-06-13,,1,"Solicitud de pedido

Pedido de Cotización o
N? 3092 nar
Llamado N? 1

Compra

eS

Municipalidad de
Quilmes

Ejercicio: 2023

Documento! |
Tipo N*/Año
Expediente 9.044/2023

Apertura

N*/Año
79
12023

"
licitaciones,LiciPubli_002250-1_AdquisiciónDeIndumentariaCalzado.pdf,https://quilmes.gov.ar/contrataciones/licpublicas/002250-1.pdf,2026-06-13,“Adquisición de indumentaria y calzado”...,25,"SECRETARÍA DE SERVICIOS PÚBLICOS

APERTURA: 21/02/2025

HORA OO in

A A

LICITACIÓN PÚBLICA N* 02/2025

DECRETO N? 12025

OBJETO: “Adquisición de indumentaria y calzado”

VALOR DEL PLIEGO: Gratuito"
licitaciones,LiciPubli_018230-3_ServicioDeRecolecciónDeResiduos.pdf,https://quilmes.gov.ar/contrataciones/licpublicas/018230-3.pdf,2026-06-13,Servicio de recolección de residuos...,14,"SECRETARÍA DE SALUD

APERTURA: 16/03/2023

HORA: 11:00

EXPEDIENTE N* 4091-927-D-2023

| LICITACIÓN PÚBLICA N* 18/2023

DECRETO N* — /2023

| OBJETO: Servicio de recolección de residuos patogénicos de"
licitaciones,LiciPubli_075230-4_SinObjeto.pdf,https://quilmes.gov.ar/contrataciones/licpublicas/075230-4.pdf,2026-06-13,,1,"QUILMES

GOBIERNO

2023 - 40* Aniversario de la Recuperación de la
Democracia

Quilmes, 5 de julio de 2023

CIRCULAR SIN CONSULTA NC 4
LICITACION PÚBLICA N* 75/2023

“SERVICIO DE FOTOCOPIADO PARA ABAS"
licitaciones,LiciPubli_051250-1_MódulosAlimentariosParaSerEntregados.pdf,https://quilmes.gov.ar/contrataciones/licpublicas/051250-1.pdf,2026-06-13,“Módulos alimentarios para ser entregados...,13,"2025

O quiLmes
porel GOBIERNO

2025 - HOMENAJE A LA MEMORIA Y LEGADO DE SU SANTIDAD PAPA FRANCISCO

SECRETARÍA DE NIÑEZ Y DESARROLLO SOCIAL

APERTURA: 29/09/2025

DECRETO N? 12025

OBJETO: “Módulos a"
licitaciones,LiciPubli_015220-2_SinObjeto.pdf,https://quilmes.gov.ar/contrataciones/licpublicas/015220-2.pdf,2026-06-12,,1,"QUILMES

GOBIERNO

Dirección Gral.de Licitaciones

Por medio de la presente, se deja constancia que la empresa
ennnnn nn nnnnnnnrnnnncnnnnnnnncnnnes efectuó la descarga en formato digital del Pliego d"
licitaciones,LiciPubli_050220-1_IndumentariaQueUtilizaranEmpleadosDe.pdf,https://quilmes.gov.ar/contrataciones/licpublicas/050220-1.pdf,2026-06-13,INDUMENTARIA QUE UTILIZARAN EMPLEADOS DE...,22,"SECRETARÍA DE SERVICIOS PUBLICOS

APERTURA: 21/06/2028.

HORA: 12:00

EXPEDIENTE N* 4091-4880-D-2022

LICITACIÓN PÚBLICA N* 50/2022

DECRETO N' yi% /2022

OBJETO: INDUMENTARIA QUE UTILIZARAN EMPLEADOS"
licitaciones,LiciPubli_009240-1_SinObjeto.pdf,https://quilmes.gov.ar/contrataciones/licpublicas/009240-1.pdf,2026-06-13,,3,"de Pedido wie Cotización dei

Municipalidad de

Quilmes Llamado N' 1 Ejercicio: 2024
Documento! | Compra. | Apertura
Tipo N*/Año
Expediente 681/2024

Dependencia Solicitante P Secretaria de Servicios "
licitaciones,LiciPubli_043240-3_MedicamentosParaDependencias.pdf,https://quilmes.gov.ar/contrataciones/licpublicas/043240-3.pdf,2026-06-13,“Medicamentos para dependencias Secretaria de...,12,"2024

QUILMES

GOBIERNO

2024-25* Aniversario de la Universidad
Nacional de Quilmes

SECRETARÍA DE SALUD

APERTURA: 18/09/2024

DECRETO N* 12024

OBJETO: “Medicamentos para dependencias
Secretaria de "
licitaciones,LiciPubli_023250-1_AdquisiciónDeGuantesParaUso.pdf,https://quilmes.gov.ar/contrataciones/licpublicas/023250-1.pdf,2026-06-13,“Adquisición de guantes para uso...,12,"SECRETARÍA DE SALUD

APERTURA: 26/03/2025

OBJETO: “Adquisición de guantes para uso medicinal”

VALOR DEL PLIEGO: $135.625,00.- (Pesos Ciento treinta y cinco mil seiscientos
veinticinco con 00/100).-"
licitaciones,LiciPubli_003230-4_SinObjeto.pdf,https://quilmes.gov.ar/contrataciones/licpublicas/003230-4.pdf,2026-06-13,,1,"QUILMES

GOBIERNO

2023 - 40* Aniversario de la Recuperación de la
Democracia

Quilmes, 31 de enero de 2023

CIRCULAR SIN CONSULTA NC 4

LICITACION PÚBLICA N? 03/2023

“Adquisición de kits escolares p"
licitaciones,LiciPubli_017250-1_RefacciónIntegralPlazaHéctorCámpora.pdf,https://quilmes.gov.ar/contrataciones/licpublicas/017250-1.pdf,2026-06-13,“Refacción Integral Plaza Héctor J....,132,"SECRETARÍA DE DESARROLLO URBANO Y OBRA'PÚBLICA

APERTURA: 10/03/2025

OBJETO: “Refacción Integral Plaza Héctor J. Cámpora”

VALOR DEL PLIEGO: $300.000,00.- (Pesos Trescientos. mil con 00/1 00).-

Arq."
licitaciones,LiciPubli_012230-1_PlazaIslasMalvinasNuevoSector.pdf,https://quilmes.gov.ar/contrataciones/licpublicas/012230-1.pdf,2026-06-13,PLAZA ISLAS MALVINAS: Nuevo sector...,110,"APERTURA: 09/03/2023

HORA: 11:00 « Q
>

| EXPEDIENTE N* t9bz0z

O
LICITACIÓN PÚBLICA N* 12/2023.

| NS
| DECRETO ke 12023

i OBJETO: PLAZA ISLAS MALVINAS: Nuevo sector de
¡| juegos. Colocación y ancl"
licitaciones,LiciPubli_022240-4_HerramientasMaterialesParaElMantenimiento.pdf,https://quilmes.gov.ar/contrataciones/licpublicas/022240-4.pdf,2026-06-13,“Herramientas y materiales para el...,13,"2024

QUILMES

GOBIERNO

SECRETARÍA DE SERVICIOS PÚBLICOS

APERTURA: 19/06/2024

DECRETO N? 12024

OBJETO: “Herramientas y materiales para el mantenimiento
de la flota vehicular perteneciente a la Dir"
licitaciones,LiciPubli_030230-1_PeatonalRivadavia.pdf,https://quilmes.gov.ar/contrataciones/licpublicas/030230-1.pdf,2026-06-13,PEATONAL RIVADAVIA VALOR DEL PLIEGO:...,109,"APERTURA: 21/03/2023 ¿K%

o

HORA: 11:00 ye O

EXPEDIENTE Ñ%*4091-1525-D-2023

LICgASÍÓN PÚBLICA N' 30/2023.

DECRETO N* 1208...
OBJETO: PEATONAL RIVADAVIA

VALOR DEL PLIEGO: $300.000,00.- (Pesos Tres"
licitaciones,LiciPubli_003240-3_ServicioDeMantenimientoDeLa.pdf,https://quilmes.gov.ar/contrataciones/licpublicas/003240-3.pdf,2026-06-13,“servicio DE MANTENIMIENTO DE LA...,20,"2024

QUILMES

GOBIERNO

SECRETARÍA DE SEGURIDAD

APERTURA: 01/03/2024
HORA: 10:00

EXPEDIENTE N? 4091-696-D-2024

DECRETO N*  /2024

OBJETO: “servicio DE MANTENIMIENTO DE LA RED DE FIBRA OPTICA,

CAM"
licitaciones,LiciPubli_058230-1_SinObjeto.pdf,https://quilmes.gov.ar/contrataciones/licpublicas/058230-1.pdf,2026-06-13,,1,"Solicitud de pedido

Pedido de Cotización o
N? 1742 109
Llamado N? 1

Compra

eS

Municipalidad de
Quilmes

Ejercicio: 2023

Documento! |
Tipo N*/Año
Expediente 4.449/2023

Apertura

N/Año
58
12023

T"
licitaciones,LiciPubli_011240-1_SinObjeto.pdf,https://quilmes.gov.ar/contrataciones/licpublicas/011240-1.pdf,2026-06-13,,1,"Solicitud de pedido

Pedido de Cotización o
Ea N9 538 N* 631

Municipalidad de

Quilmes Llamado N' 1 Ejercicio: 2024
Documento! | Compra. | Apertura
Tipo N*/Año
Expediente 822/2024

Dependencia Solici"
licitaciones,LiciPubli_023260-2_SinObjeto.pdf,https://quilmes.gov.ar/contrataciones/licpublicas/023260-2.pdf,2026-06-13,,18,"2026

QUILMES

"" GOBIERNO

SECRETARÍA DE AMBIENTE Y GESTIÓN INTEGRAL DE
RESIDUOS SÓLIDOS URBANOS (G.!.R.S.U.)

APERTURA: 06/05/2026

DECRETO N? 12026

VALOR DEL PLIEGO: $2.589.150,00.- (Pesos
nueve mi"
licitaciones,LiciPubli_016240-3_AdquisiciónDeMaterialesDeLimpieza.pdf,https://quilmes.gov.ar/contrataciones/licpublicas/016240-3.pdf,2026-06-13,“ADQUISICIÓN DE MATERIALES DE LIMPIEZA”...,13,"2024

QUILMES

GOBIERNO

SECRETARÍA DE NIÑEZ Y DESARROLLO SOCIAL

APERTURA: 19/04/2024

OBJETO: “ADQUISICIÓN DE MATERIALES DE LIMPIEZA”

VALOR DEL PLIEGO: Gratuito"
licitaciones,LiciPubli_044250-1_ConsolidaciónDeLaConectividadEn.pdf,https://quilmes.gov.ar/contrataciones/licpublicas/044250-1.pdf,2026-06-13,“Consolidación de la Conectividad en...,100,"2025

QUILMES
=Í GOBIERNO

2025 - HOMENAJE A LA MEMORIA Y LEGADO DE SU SANTIDAD PAPA FRANCISCO

— SECRETARÍA DE DESARROLLO URBANO Y OBRA PÚBLICA

APERTURA: 1410712025

HORA: 10:00

DECRETO N* 11/2025."
licitaciones,LiciPubli_032240-2_SinObjeto.pdf,https://quilmes.gov.ar/contrataciones/licpublicas/032240-2.pdf,2026-06-13,,1,"QUILMES

GOBIERNO

Dirección General de Contrataciones y Abastecimiento

Por medio de la presente, se deja constancia que la empresa
enn nnnnnnnnncnnnnnnnncnnannnnninnnes efectuó la descarga en format"
licitaciones,LiciPubli_076230-1_PavimentacionEnQuilmesOeste.pdf,https://quilmes.gov.ar/contrataciones/licpublicas/076230-1.pdf,2026-06-13,«PAVIMENTACION EN QUILMES OESTE” VALOR...,98,"Democracia

SECRETARÍA DE DESARROLLO URBANO, YOBRA PÚBLICA

5
APERTURA: 21/07/2023
HORA: 12:00 xO

EXPEDIENTE Ñ*4091-7395-D-2023.

nico; N PÚBLICA N*76/2023

DECRETO N*  /2023

OBJETO: «PAVIMENTACION "
licitaciones,LiciPubli_005230-2_SinObjeto.pdf,https://quilmes.gov.ar/contrataciones/licpublicas/005230-2.pdf,2026-06-13,,1,"0) QUILMES
GOBIERNO

Ref.: Obra: “Refacción integral Plaza del Encuentro”

Por la presente, se deja constancia que el proveedor

ha sido autorizado a realizar la compra y

adquirir el pliego correspon"
licitaciones,LiciPubli_051250-3_SinObjeto.pdf,https://quilmes.gov.ar/contrataciones/licpublicas/051250-3.pdf,2026-06-13,,2,"Pedido de Cotización
N? 2401

eS

Municipalidad de

Solicitud de pedido

N? 2493

Quilmes Llamado N* 1 Ejercicio: 2025
Documento | Compra Apertura
Tipo N*/Año o. Tipo N%/Año Día Mes Año Hora
Expedient"
licitaciones,LiciPubli_001240-3_AdquisiciónDeIndumentariaParaEl.pdf,https://quilmes.gov.ar/contrataciones/licpublicas/001240-3.pdf,2026-06-13,“Adquisición de Indumentaria para el...,26,"2024

O QuiLmes
> GOBIERNO

SECRETARÍA DE SERVICIOS PÚBLICOS

APERTURA: 2210212024
O

EXPEDIENTE N” 4091-493-D-2024

LICITACIÓN PÚBLICA NAO

DECRETO N? 12024

OBJETO: “Adquisición de Indumentaria para"
licitaciones,LiciPubli_005230-1_SinObjeto.pdf,https://quilmes.gov.ar/contrataciones/licpublicas/005230-1.pdf,2026-06-13,,143,"SECRETARÍA DE DESARROLLO ursano 28 PÚBLICA
0

O

«0

APERTURA: 28/02/2088. HR.

nan) O
HORA: 10:00. A o

EXPEDIENTE? 4091-71 6-0-2023.

cgpiSióN PÚBLICA N* 05/2023

DECRETO NB

IBJETO: “Refacción Inte"
licitaciones,LiciPubli_033240-3_ServicioDeRecolecciónDeResiduos.pdf,https://quilmes.gov.ar/contrataciones/licpublicas/033240-3.pdf,2026-06-13,“Servicio de recolección de residuos...,16,"2024

QUILMES

GOBIERNO

2024-35"" Aniversario de la Universidad
Nacional de Quilme:

SECRETARÍA DE SALUD

APERTURA: 29/07/2024

DECRETO N* 12024

OBJETO: “Servicio de recolección de residuos patológic"
licitaciones,LiciPubli_012260-1_RepavimentaciónPuestaEnValorBernal.pdf,https://quilmes.gov.ar/contrataciones/licpublicas/012260-1.pdf,2026-06-13,“Repavimentación y Puesta en Valor...,99,"2026

QUILMES

GOBIERNO

CIVICO-NILTAR

SECRETARÍA DE DESARROLLO URBANO Y OBRA PÚBLICA

APERTURA: 06/04/2026 952...

HORA: 41:00. Y

EXPEDIENTE N?.4091-1603-D-2026

LICITACIÓN PÚBLICA N* 12/2026

DECR"
licitaciones,LiciPubli_022240-1_SinObjeto.pdf,https://quilmes.gov.ar/contrataciones/licpublicas/022240-1.pdf,2026-06-13,,1,"Quilmes, 12 de junio de 2024

CIRCULAR SIN CONSULTA N' 1
LICITACION PÚBLICA N? 22/2024

“Herramientas y materiales para el mantenimiento de la flota vehicular
perteneciente a la Dirección de Alumbrado"
licitaciones,LiciPubli_035240-3_AdquisiciónDeAntisépticosSueros.pdf,https://quilmes.gov.ar/contrataciones/licpublicas/035240-3.pdf,2026-06-13,“Adquisición de antisépticos y sueros”...,12,"2024

QUILMES

GOBIERNO

2024-35"" Aniversario de la Universidad
Nacional de Quilmes

SECRETARÍA DE SALUD

APERTURA: 23/08/2024

DECRETO N? 12024

OBJETO: “Adquisición de antisépticos y sueros”

VALOR "
licitaciones,LiciPubli_033260-1_AccesoSudesteReconfiguraciónVialEntorno.pdf,https://quilmes.gov.ar/contrataciones/licpublicas/033260-1.pdf,2026-06-13,“Acceso Sudeste - Reconfiguración Vial...,602,"2026

QUILMES

GOBIERNO

SECRETARÍA DE DESARROLLO URBANO Y OBRA PÚBLICA

APERTURA: 08/06/2026

DECRETO N* 12026

OBJETO: “Acceso Sudeste - Reconfiguración Vial y Entorno”

VALOR DEL PLIEGO: $70.589.31"
licitaciones,LiciPubli_024250-1_SinObjeto.pdf,https://quilmes.gov.ar/contrataciones/licpublicas/024250-1.pdf,2026-06-13,,21,"VALOR DEL PLIEGO: $114.000,00.- (Pesos Ciento catorce mil con 00/100).-"
licitaciones,LiciPubli_026220-4_SinObjeto.pdf,https://quilmes.gov.ar/contrataciones/licpublicas/026220-4.pdf,2026-06-12,,1,"Quilmes, 20 de abril de 2022

CIRCULAR SIN CONSULTA N? 4
LICITACION PÚBLICA N' 26/2022

“CORRALON - POTENCIAR TRABAJO”

La Jefatura de Gabinete comunica la presente Circular que pasa a formar parte

d"
licitaciones,LiciPubli_027220-3_SinObjeto.pdf,https://quilmes.gov.ar/contrataciones/licpublicas/027220-3.pdf,2026-06-12,,2,"Pedido de Cotización |“heora
d N* 993
Municipalidad de

Quilmes Llamado N* 1 Ejercicio: 2022

Documento! | Compra. | Apertura
N*/Año
843/2022

Expediente

Dependencia Solicitante E Departamento Despac"
licitaciones,LiciPubli_009250-1_SinObjeto.pdf,https://quilmes.gov.ar/contrataciones/licpublicas/009250-1.pdf,2026-06-13,,1,"de Pedido de Cotización eee

Municipalidad de

Quilmes Llamado N* 1 Ejercicio: 2025
Documento! | Compra. | Apertura
N*/Año
Expediente 730/2025

Dependencia Solicitante S Secretaria De Salud

Señor...."
licitaciones,LiciPubli_018240-2_SinObjeto.pdf,https://quilmes.gov.ar/contrataciones/licpublicas/018240-2.pdf,2026-06-13,,1,"QUILMES

GOBIERNO

Dirección General de Contrataciones y Abastecimiento

Por medio de la presente, se deja constancia que la empresa
enn nnnnnnnnncnnnnnnnncnnannnnninnnes efectuó la descarga en format"
licitaciones,LiciPubli_005260-1_PlayaDeEstacionamientoEsteMunicipalidad.pdf,https://quilmes.gov.ar/contrataciones/licpublicas/005260-1.pdf,2026-06-13,PLAYA DE ESTACIONAMIENTO ESTE -...,104,"SECRETARÍA DE DESARROLLO URBANO.Y OBRA PÚBLICA

APERTURA: 10/03/2026

HORA: 10:00
EXPEDIENTE N? 4091-1009-D-2026

LICITACIÓN PÚBLICA N* 05/2026

DECRETO NN”. /2026

OBJETO: PLAYA DE ESTACIONAMIENTO ES"
licitaciones,LiciPubli_039240-1_VeterinariaMunicipal.pdf,https://quilmes.gov.ar/contrataciones/licpublicas/039240-1.pdf,2026-06-13,“Veterinaria Municipal” VALOR DEL PLIEGO:...,232,"A

DECRETO N? 12024

OBJETO: “Veterinaria Municipal”

VALOR DEL PLIEGO: $300.000,00.- (Pesos Trescientos mil con 00/100).-"
licitaciones,LiciPubli_035240-1_SinObjeto.pdf,https://quilmes.gov.ar/contrataciones/licpublicas/035240-1.pdf,2026-06-13,,2,"Pedido de Cotización
N* 2162

eS

Municipalidad de

Solicitud de pedido

N? 2009

Quilmes Llamado N* 1 Ejercicio: 2024
Documento | Compra Apertura
Tipo N*/Año o. Tipo N%/Año Día Mes Año Hora
Expedient"
licitaciones,LiciPubli_034260-1_NuevoJardínDeInfantesEn.pdf,https://quilmes.gov.ar/contrataciones/licpublicas/034260-1.pdf,2026-06-13,NUEVO JARDÍN DE INFANTES EN...,153,"2026

O) QuILMES
7 GOBIERNO

2026-45

SECRETARÍA DE EDUCACIÓN Y.CULTURA

APERTURA: 1 6/06/2026

DECRETO N* ;,,/2026

OBJETO: NUEVO JARDÍN DE INFANTES EN CALLE FERROCARIL

VALOR DEL PLIEGO: $7.044.026,"
licitaciones,LiciPubli_028260-1_PiletaSemiolímpicaEnSantoDomingo.pdf,https://quilmes.gov.ar/contrataciones/licpublicas/028260-1.pdf,2026-06-13,PILETA SEMIOLÍMPICA EN SANTO DOMINGO...,223,"2026

F5) QUILMES

Y GOBIERNO
a

SECRETARÍA DE DESARROLLO URBANO Y OBRA PÚBLICA

APERTURA: 18/05/2026

DECRETO N? 12026

OBJETO: PILETA SEMIOLÍMPICA EN SANTO DOMINGO

VALOR DEL PLIEGO: $16.367.887,00."
licitaciones,LiciPubli_028230-2_SinObjeto.pdf,https://quilmes.gov.ar/contrataciones/licpublicas/028230-2.pdf,2026-06-13,,1,"QUILMES

GOBIERNO

==
2023 - 40* Aniversario de la Recuperación de la
Democracia

Dirección Gral. de Licitaciones

Por medio de la presente, se deja constancia que la empresa
enn nnnnnnnnncnnnnnnnncnn"
licitaciones,LiciPubli_037250-2_SinObjeto.pdf,https://quilmes.gov.ar/contrataciones/licpublicas/037250-2.pdf,2026-06-13,,1,"QUILMES

GOBIERNO

Dirección General de Contrataciones y Abastecimiento

Por medio de la presente, se deja constancia que la empresa
enn nnnnnnnnncnnnnnnnncnnannnnninnnes efectuó la descarga en format"
licitaciones,LiciPubli_034220-1_SinObjeto.pdf,https://quilmes.gov.ar/contrataciones/licpublicas/034220-1.pdf,2026-06-12,,1,"Ogu

m
o)

Ed
zi
on

o
m

Quilmes, 19 de mayo de 2022

CIRCULAR SIN CONSULTA NO 1
LICITACION PÚBLICA N? 34/2022

“DESAGUES PLUVIALES — BARRIO LA MATERA SEPA PROMEBA 4-380-
LPN-0-”

La Secretaria de De"
licitaciones,LiciPubli_015220-3_SinObjeto.pdf,https://quilmes.gov.ar/contrataciones/licpublicas/015220-3.pdf,2026-06-12,,4,"Solicitud de pedido

Pedido de Cotización o
MM N? 820 N 554

Quilmes Llamado N* 1 Ejercicio: 2022

Documento! | Compra. | Apertura
N*/Año

Expediente

Dependencia Solicitante S Secretaria De Salud

Se"
licitaciones,LiciPubli_043230-1_ConstrucciónDeUnNatatorioEn.pdf,https://quilmes.gov.ar/contrataciones/licpublicas/043230-1.pdf,2026-06-13,Construcción de un Natatorio en...,212,"SECRETARÍA DE DESARROLLO URGANo Gara PÚBLICA
S
0%
eN
Q

HORA: 10:00 So

APERTURA: 03/04/2023

EXPEDIENTE Ñ% 4091-2741-D-2023

LCERÓN PÚBLICA N* 43/2023

DECRETO N? 12023

OBJETO: Construcción de un Na"
licitaciones,LiciPubli_027220-2_SinObjeto.pdf,https://quilmes.gov.ar/contrataciones/licpublicas/027220-2.pdf,2026-06-12,,1,"QUILMES

GOBIERNO

Dirección Gral.de Licitaciones

Por medio de la presente, se deja constancia que la empresa
ennnnn nn nnnnnnnrnnnncnnnnnnnncnnnes efectuó la descarga en formato digital del Pliego d"
licitaciones,LiciPubli_003230-3_SinObjeto.pdf,https://quilmes.gov.ar/contrataciones/licpublicas/003230-3.pdf,2026-06-13,,2,"Solicitud de pedido

Pedido de Cotización o
ES) N? 449 na

Municipalidad de

Quilmes Llamado N* 1 Ejercicio: 2023
Documento | Compra Apertura
Tipo N*/Año o. Tipo N%/Año Día Mes Año Hora
Expediente 508"
licitaciones,LiciPubli_007230-1_ObraPlanDePavimentaciónDe.pdf,https://quilmes.gov.ar/contrataciones/licpublicas/007230-1.pdf,2026-06-13,“Obra: Plan de Pavimentación de...,127,"ari
)emocracia

SECRETARÍA DE DESARROLLO URBAN

Y OBRA PÚBLICA

S
| SP
| Sl
| AFA
| O
¡ HORA: 10:00 cer LS .
|
|
[EXPEDIENTE o 5. OMIC
Po lolis val 4:— AUAMIRC CCAA IA
|

DECRETO N*  /2023

¡ OBJETO: "
licitaciones,LiciPubli_020250-1_AdquisicionDeHerramientasPara.pdf,https://quilmes.gov.ar/contrataciones/licpublicas/020250-1.pdf,2026-06-13,“ADQUISICION DE HERRAMIENTAS PARA TAREAS...,12,"SECRETARÍA DE SERVICIOS PUBLICOS

APERTURA: 14/03/2025

OBJETO: “ADQUISICION DE HERRAMIENTAS PARA
TAREAS DE BARRIDO Y RECOLECCION DE MONTICULOS”

VALOR DEL PLIEGO: Gratuito"
licitaciones,LiciPubli_021230-1_PuestaEnValorDelAcceso.pdf,https://quilmes.gov.ar/contrataciones/licpublicas/021230-1.pdf,2026-06-13,“Puesta en valor del acceso...,96,"SECRETARÍA DE DESARROLLO URBANO Y o8raPuBLIcA

APERTURA: 17/03/2023 > SL

HORA: 14:00 A
Y

EXPEDIENTE cg -945-D-2023

COTACIó PÚBLICA N* 21/2023

DECRETO N? 12023

OBJETO:“Puesta en valor del acceso a"
licitaciones,LiciPubli_030240-2_SinObjeto.pdf,https://quilmes.gov.ar/contrataciones/licpublicas/030240-2.pdf,2026-06-13,,1,"QUILMES

GOBIERNO

2024-35"" Aniversario de la Universidad
Nacional de Quilmes

Dirección General de Contrataciones y Abastecimiento

Por medio de la presente, se deja constancia que la empresa
enn nnn"
licitaciones,LiciPubli_071230-2_SinObjeto.pdf,https://quilmes.gov.ar/contrataciones/licpublicas/071230-2.pdf,2026-06-13,,3,"O quimes
>—S GOBIERNO

2023 - 40* Aniversario de la Recuperación de la
Democracia

Quilmes, 8 de junio de 2023

CIRCULAR SIN CONSULTA N' 1
LICITACION PÚBLICA N? 71/2023

“SERVICIO ALIMENTARIO ESCOLAR "
licitaciones,LiciPubli_003220-1_AdquisicionDeOxigenoGaseoso.pdf,https://quilmes.gov.ar/contrataciones/licpublicas/003220-1.pdf,2026-06-12,ADQUISICION DE OXIGENO GASEOSO VALOR...,13,"SECRETARIA DE SALUD

APERTURA: BARR cin

HORA: 11:00

EXPEQIENTEN” 401 MD

LICITACIÓN PÚBLICA N* 03/2022

HECRETO Bl

OBJETO: ADQUISICION DE OXIGENO GASEOSO

VALOR DEL PLIEGO: Gratuito."
licitaciones,LiciPubli_063230-2_SinObjeto.pdf,https://quilmes.gov.ar/contrataciones/licpublicas/063230-2.pdf,2026-06-13,,1,"QUILMES

GOBIERNO

2023 -40* Aniersaro de la Recuperación de la
Democracia

Dirección Gral. de Licitaciones

Por medio de la presente, se deja constancia que la empresa
enn nnnnnnnnncnnnnnnnncnnannnnn"
licitaciones,LiciPubli_036230-4_AdquisiciónDeResmasDePapel.pdf,https://quilmes.gov.ar/contrataciones/licpublicas/036230-4.pdf,2026-06-13,ADQUISICIÓN DE RESMAS DE PAPEL...,13,"2023

QUILMES

GOBIERNO

SECRETARÍA DE HACIENDA

APERTURA: 15/03/2023

HORA: 10:00

EXPEDIENTE N? 4091-1889-D-2023

OBJETO: ADQUISICIÓN DE RESMAS DE PAPEL

VALOR DEL PLIEGO: Gratuito"
licitaciones,LiciPubli_003260-1_KitsDeÚtilesEscolares.pdf,https://quilmes.gov.ar/contrataciones/licpublicas/003260-1.pdf,2026-06-13,“KITS DE ÚTILES ESCOLARES” VALOR...,48,"2026

£ 5) QUILMES

SECRETARÍA DE EDUCACIÓN Y CULTURA

APERTURA: 10/02/2026
HORA ca O ci

EXPEDIENTE NO

A a A

OBJETO: “KITS DE ÚTILES ESCOLARES”

VALOR DEL PLIEGO: $3.621.000,00.- (Pesos Tres millon"
licitaciones,LiciPubli_009250-3_ServicioDeRecolecciónDeResiduos.pdf,https://quilmes.gov.ar/contrataciones/licpublicas/009250-3.pdf,2026-06-13,“Servicio de recolección de residuos...,16,"SECRETARÍA DE SALUD

APERTURA: 05/03/2025

DECRETO N? 12025

OBJETO: “Servicio de recolección de residuos patogénicos para las

distintas dependencias de la Secretaría de Salud”

VALOR DEL PLIEGO: Gra"
licitaciones,LiciPubli_026230-1_SinObjeto.pdf,https://quilmes.gov.ar/contrataciones/licpublicas/026230-1.pdf,2026-06-13,,3,"Pedido de Cotización
N* 628
Llamado N? 1

eS

Municipalidad de

Solicitud de pedido

N? 537

Ejercicio: 2023

Quilmes
Documento | Compra Apertura
Tipo N*/Año o. Tipo N%/Año Día Mes Año Hora
Expediente"
licitaciones,LiciPubli_028250-1_SinObjeto.pdf,https://quilmes.gov.ar/contrataciones/licpublicas/028250-1.pdf,2026-06-13,,5,"Solicitud de pedido

Pedido de Cotización o
Ea N2 700 N* 631

Municipalidad de

Quilmes Llamado N* 1 Ejercicio: 2025
Documento | Compra Apertura
Tipo N*/Año o. Tipo N%/Año Día Mes Año Hora
Expediente "
licitaciones,LiciPubli_008240-1_FinalizaciónCentroDeDesarrolloInfantil.pdf,https://quilmes.gov.ar/contrataciones/licpublicas/008240-1.pdf,2026-06-13,“Finalización Centro de Desarrollo Infantil...,197,"”

DECRETO NP? 12024

OBJETO: “Finalización Centro de Desarrollo Infantil - Ezpeleta Este”

VALOR DEL PLIEGO: $300.000,00.- (Pesos Trescientos mil con 00/100).-"
licitaciones,LiciPubli_032250-1_MuseoDelTransporterefaccionesEdilicias.pdf,https://quilmes.gov.ar/contrataciones/licpublicas/032250-1.pdf,2026-06-13,MUSEO DEL TRANSPORTE-REFACCIONES EDILICIAS VALOR...,118,"- SECRETARÍA DE EDUCACIÓN, CULTURA Y DEPORTES

APERTURA: 29/04/2025

DECRETO N? 12025

OBJETO: MUSEO DEL TRANSPORTE-REFACCIONES EDILICIAS

VALOR DEL PLIEGO: $300.000,00.- (Pesos Trescientos mil con 00"
licitaciones,LiciPubli_016260-1_PavimentaciónEnQuilmesOesteEtapa.pdf,https://quilmes.gov.ar/contrataciones/licpublicas/016260-1.pdf,2026-06-13,“Pavimentación en Quilmes Oeste -...,91,"2026

QUILMES

GOBIERNO

HORA: 11:00

o

EXPEDIENTEN? 4091-1966-D-2026

OBJETO: “Pavimentación en Quilmes Oeste - Etapa III”

sesenta y uno con 00/100).-

$

VALOR DEL PLIEGO: $30.515.061,00.- (Pesos "
licitaciones,LiciPubli_061230-3_JuegosRecreativos.pdf,https://quilmes.gov.ar/contrataciones/licpublicas/061230-3.pdf,2026-06-13,“JUEGOS RECREATIVOS” VALOR DEL PLIEGO:...,14,"2023

O QUILMES
GOBIERNO
ar

2023 - 40? Aniversario de la Recuperación de la

SECRETARÍA DE SERVICIOS PUBLICOS

APERTURA: 22/05/2023

HORA: 1208 o

EXPEDIENTE N? 4091-4616-D-2023

LICITACIÓN PÚBLICA N"
licitaciones,LiciPubli_039220-3_SinObjeto.pdf,https://quilmes.gov.ar/contrataciones/licpublicas/039220-3.pdf,2026-06-13,,3,"Solicitud de pedido

Pedido de Cotización o
MM N? 1415 N 1399

Quilmes Llamado N* 1 Ejercicio: 2022

Documento! | Compra. | Apertura
N*/Año

Expediente

Dependencia Solicitante S Secretaria De Salud

"
licitaciones,LiciPubli_018240-1_SinObjeto.pdf,https://quilmes.gov.ar/contrataciones/licpublicas/018240-1.pdf,2026-06-13,,6,"eS

Municipalidad de

N* 1235
Llamado N* 1

Pedido de Cotización

Solicitud de pedido

N* 1103

Ejercicio: 2024

Quilmes
Documento | Compra Apertura
Tipo N*/Año o. Tipo N%/Año Día Mes Año Hora
Expedie"
licitaciones,LiciPubli_008220-3_SinObjeto.pdf,https://quilmes.gov.ar/contrataciones/licpublicas/008220-3.pdf,2026-06-12,,2,"Pedido de Cotización |““hes7o
d N* 685
Municipalidad de

Quilmes Llamado N* 1 Ejercicio: 2022

Documento! | Compra. | Apertura
N*/Año
693/2022

Expediente

Dependencia Solicitante P Secretaria de Serv"
licitaciones,LiciPubli_012240-2_SinObjeto.pdf,https://quilmes.gov.ar/contrataciones/licpublicas/012240-2.pdf,2026-06-13,,9,"Solicitud de pedido

Pedido de Cotización o
ES N2 614 nes

Municipalidad de

Quilmes Llamado N* 1 Ejercicio: 2024
Documento | Compra Apertura
Tipo N*/Año o. Tipo N%/Año Día Mes Año Hora
Expediente 1.9"
licitaciones,LiciPubli_028230-3_OxigenoGaseosoSemestral.pdf,https://quilmes.gov.ar/contrataciones/licpublicas/028230-3.pdf,2026-06-13,OXIGENO GASEOSO SEMESTRAL VALOR DEL...,13,"2023

F Y QUILMES
h GOBIERNO

a
2023 - 40"" Aniversario de la Recuperación de la
Democracia

SECRETARÍA DE SALUD

APERTURA: 23/03/2028 0000000
HORA: 10:00

EXPEDIENTEN” 4091-1002-D0-2088 o

LICITACIÓN "
licitaciones,LiciPubli_010220-2_SinObjeto.pdf,https://quilmes.gov.ar/contrataciones/licpublicas/010220-2.pdf,2026-06-12,,1,"QUILMES

GOBIERNO

Quilmes, 25 de marzo de 2022

CIRCULAR SIN CONSULTA N' 2
LICITACION PÚBLICA N? 10/2022

“PASO BAJO NIVEL CALLES LAPRIDA-DORREGO”

La Secretaría de Desarrollo Urbano y Obra Pública c"
licitaciones,LiciPubli_012250-1_CentroDeGestiónParticipaciónCiudadana.pdf,https://quilmes.gov.ar/contrataciones/licpublicas/012250-1.pdf,2026-06-13,“Centro de Gestión y Participación...,122,"SECRETARÍA DE DESARROLLO URBANO Y OBRA'PÚBLICA

APERTURA: 07/03/2025

DECRETO 'N* 12025

OBJETO: “Centro de Gestión y Participación Ciudadana Bernal”

VALOR DEL PLIEGO: $300.000,00.- (Pesos Tresciento"
licitaciones,LiciPubli_053230-3_ElaboraciónDeProyectoDeDiseño.pdf,https://quilmes.gov.ar/contrataciones/licpublicas/053230-3.pdf,2026-06-13,ELABORACIÓN DE PROYECTO DE DISEÑO...,40,"2023

O UILMES
OBIERNO

6
==
2023 - 40* Anwersano de la Recuperación de la.
Democracia

SECRETARÍA DE DESARROLLO ECONÓMICO
SUSTEBTABLE

APERTURA: 08/05/2023
HORA: 10:00

EXPEDIENTE N?* 4091-3981-D-202"
licitaciones,LiciPubli_001240-1_SinObjeto.pdf,https://quilmes.gov.ar/contrataciones/licpublicas/001240-1.pdf,2026-06-13,,4,"Solicitud de pedido

Ea Pedido de Cotización |” y»:09
Municipalidad de N? 348

Quilmes Llamado N* 1 Ejercicio: 2024

Documento! | Compra. | Apertura
N*/Año
493/2024

Expediente

Dependencia Solicitant"
licitaciones,LiciPubli_015220-4_SinObjeto.pdf,https://quilmes.gov.ar/contrataciones/licpublicas/015220-4.pdf,2026-06-12,,2,"Ciudad Autónoma de Buenos Aires, 21 de marzo de 2022

Señores

Municipalidad de Quilmes

Ref. Licitación Publica N* 15/2022
—_ ——_—_—_— —__— —_ a CNA Z 02

De mi mayor consideración:

Por medio de la "
licitaciones,LiciPubli_002240-3_AdquisicionDeResmasDePapel.pdf,https://quilmes.gov.ar/contrataciones/licpublicas/002240-3.pdf,2026-06-13,“ADQUISICION DE RESMAS DE PAPEL...,13,"2024

O quimes
> GOBIERNO

SECRETARÍA DE HACIENDA

APERTURA: 22/02/2024

DECRETO N? 12024

OBJETO: “ADQUISICION DE RESMAS DE PAPEL A4 Y OFICIO”

VALOR DEL PLIEGO: Gratuito"
licitaciones,LiciPubli_043240-1_SinObjeto.pdf,https://quilmes.gov.ar/contrataciones/licpublicas/043240-1.pdf,2026-06-13,,10,"Pedido de Cotización
N* 2304

eS

Municipalidad de

Solicitud de pedido

N? 2341

Quilmes Llamado N* 1 Ejercicio: 2024
Documento | Compra Apertura
Tipo N*/Año o. Tipo N%/Año Día Mes Año Hora
Expedient"
licitaciones,LiciPubli_067230-1_SinObjeto.pdf,https://quilmes.gov.ar/contrataciones/licpublicas/067230-1.pdf,2026-06-13,,9,"Pedido de Cotización |“ uesom
os N* 2110 a

Municipalidad de

Quilmes Llamado N* 1 Ejercicio: 2023
Documento | Compra Apertura
Tipo N*/Año o. Tipo N%/Año Día Mes Año Hora
Expediente 5.547/2023 | Licit"
licitaciones,LiciPubli_063230-3_ElementosDeSeguridadPotenciarTrabajo.pdf,https://quilmes.gov.ar/contrataciones/licpublicas/063230-3.pdf,2026-06-13,Elementos de seguridad - Potenciar...,13,"2023

QUILMES

GOBIERNO

ul
2023 - 40* Aniversario de la Recuperación de la
Democracia

SECRETARÍA DE SERVICIOS PÚBLICOS

APERTURA: 23/05/2023
HORA: 14:00.

EXPEDIENTE N” 4091-4627-D-2023

LICITACIÓN "
licitaciones,LiciPubli_014230-2_SinObjeto.pdf,https://quilmes.gov.ar/contrataciones/licpublicas/014230-2.pdf,2026-06-13,,1,"QUILMES

GOBIERNO

==
2023 - 40* Aniversario de la Recuperación de la
Democracia

Dirección Gral. de Licitaciones

Por medio de la presente, se deja constancia que la empresa
enn nnnnnnnnncnnnnnnnncnn"
licitaciones,LiciPubli_026230-2_SinObjeto.pdf,https://quilmes.gov.ar/contrataciones/licpublicas/026230-2.pdf,2026-06-13,,1,"QUILMES

GOBIERNO

==
2023 - 40* Aniversario de la Recuperación de la
Democracia

Dirección Gral. de Licitaciones

Por medio de la presente, se deja constancia que la empresa
enn nnnnnnnnncnnnnnnnncnn"
licitaciones,LiciPubli_001230-1_SinObjeto.pdf,https://quilmes.gov.ar/contrataciones/licpublicas/001230-1.pdf,2026-06-13,,1,"Solicitud de pedido

Pedido de Cotización |” ye 106
N? 447
Llamado N' 1

Compra

eS

Municipalidad de
Quilmes

Ejercicio: 2023

Documento! |
Tipo N*/Año
Expediente 241/2023

Apertura

N*/Año
12023

Ti"
licitaciones,LiciPubli_036230-2_SinObjeto.pdf,https://quilmes.gov.ar/contrataciones/licpublicas/036230-2.pdf,2026-06-13,,1,"Solicitud de pedido

Pedido de Cotización |” y»778
N* 883
Llamado N' 1

Compra

eS

Municipalidad de
Quilmes

Ejercicio: 2023

Documento! |
Tipo N*/Año
Expediente 1.889/2023

Apertura

N/Año
36
12023
"
licitaciones,LiciPubli_052230-2_SinObjeto.pdf,https://quilmes.gov.ar/contrataciones/licpublicas/052230-2.pdf,2026-06-13,,1,"QUILMES

GOBIERNO

2023 -40* Aniersaro de la Recuperación de la
Democracia

Dirección Gral. de Licitaciones

Por medio de la presente, se deja constancia que la empresa
enn nnnnnnnnncnnnnnnnncnnannnnn"
licitaciones,LiciPubli_057230-1_AdquisiciónDeChapasGalvanizadasTirantes.pdf,https://quilmes.gov.ar/contrataciones/licpublicas/057230-1.pdf,2026-06-13,"“ADQUISICIÓN DE CHAPAS GALVANIZADAS, TIRANTES...",14,"2023

QUILMES

GOBIERNO

2023 - 40"" Aniversario de la Recuperación de la
Democracia

SECRETARÍA DE NIÑEZ Y DESAREÍSTLO SOCIAL

HORA: 10:00.

EXPEDIENTRD 4091-4353-D-2023

ADN PÚBLICA N? 57/2023

NN
Ae"
licitaciones,LiciPubli_077230-3_AdquisiciónDeColchonesParaLa.pdf,https://quilmes.gov.ar/contrataciones/licpublicas/077230-3.pdf,2026-06-13,“Adquisición de colchones para la...,14,"2023

(O qQuitmes
>-A GOBIERNO

2023 - 40” Aniversario de la Recuperación de la
Democracia

SECRETARÍA DE NIÑEZ Y DESARROLLO SOCIAL

APERTURA: 24/07/2023
HORA: 10:00.

EXPEDIENTE N* 4091-7572-D-2023.
"
licitaciones,LiciPubli_070230-1_SinObjeto.pdf,https://quilmes.gov.ar/contrataciones/licpublicas/070230-1.pdf,2026-06-13,,11,"eS

Municipalidad de

N* 2130
Llamado N* 1

Pedido de Cotización

Solicitud de pedido

N? 2013

Ejercicio: 2023

Quilmes
Documento | Compra Apertura
Tipo N*/Año o. Tipo N%/Año Día Mes Año Hora
Expedie"
licitaciones,LiciPubli_007240-3_ArticulosDeLibrería.pdf,https://quilmes.gov.ar/contrataciones/licpublicas/007240-3.pdf,2026-06-13,“ARTICULOS DE LIBRERÍA” £ VALOR...,13,"2024

O quimes
> GOBIERNO

SECRETARÍA DE HACIENDA

APERTURA: 12/03/2024

DECRETO N? 12024

OBJETO: “ARTICULOS DE LIBRERÍA”

£

VALOR DEL PLIEGO: Gratuito Ll

- X
Lc Aia Ev Sta Ugarte
cetaria de Hacien"
licitaciones,LiciPubli_046220-3_SinObjeto.pdf,https://quilmes.gov.ar/contrataciones/licpublicas/046220-3.pdf,2026-06-13,,1,"Solicitud de pedido

Pedido de Cotización o
Ea N? 1627 N* 1586

Municipalidad de

Quilmes Llamado N* 1 Ejercicio: 2022
Documento! | Compra. | Apertura
Tipo N*/Año Í
Expediente 551/2022

Dependencia So"
licitaciones,LiciPubli_023220-1_CentroDeDesarrolloInfantilSolano.pdf,https://quilmes.gov.ar/contrataciones/licpublicas/023220-1.pdf,2026-06-12,“Centro de Desarrollo Infantil -...,136,"2022

0) ILMES
> GOBIERNO

SECRETARÍA DE DESARROLLO TS PÚBLICA

o
APERTURA: 20/04/2022 _ Sd o
os

HORA:12:00. 0

IS 4091-2466-D-2022

DECRETO NO 12022

OBJETO: “Centro de Desarrollo Infantil - Solano”"
licitaciones,LiciPubli_036240-3_SinObjeto.pdf,https://quilmes.gov.ar/contrataciones/licpublicas/036240-3.pdf,2026-06-13,,1,"QUILMES

GOBIERNO

2024-35* Aniversario de la Universidad
Nacional de Quilmes

Dirección General de Contrataciones y Abastecimiento

Por medio de la presente, se deja constancia que la empresa
enn nnn"
licitaciones,LiciPubli_041240-1_PavimentaciónEnQuilmesOeste.pdf,https://quilmes.gov.ar/contrataciones/licpublicas/041240-1.pdf,2026-06-13,“Pavimentación en Quilmes Oeste” a...,117,"SECRETARÍA DE DESARROLLO URBANO
Y OBRA PUBLICA

APERTURA: 02/09/2024

DECRETO N? 12024

OBJETO: “Pavimentación en Quilmes Oeste”

a

DS a > Ñ
, Árq. CECILIA SOLERA
VALOR DEL PLIEGO: $300.000,00.- (Pes"
licitaciones,LiciPubli_008220-1_AdquisicionDeNeumaticos.pdf,https://quilmes.gov.ar/contrataciones/licpublicas/008220-1.pdf,2026-06-12,ADQUISICION DE NEUMATICOS VALOR DEL...,13,"SECRETARIA DE SERVICIOS PUBLICOS

APERTURA: 22/03/2022

HORA: 10:90...

EXPEDIENTE N? 4091-1693-D-2022

LICITACIÓN PÚBLICA N' 08/2022

DECRETO N*  /2022

OBJETO: ADQUISICION DE NEUMATICOS

VALOR DEL P"
licitaciones,LiciPubli_049220-1_SinObjeto.pdf,https://quilmes.gov.ar/contrataciones/licpublicas/049220-1.pdf,2026-06-13,,1,"de Pedido de Cotización A

Municipalidad de

Quilmes Llamado N* 1 Ejercicio: 2022
Documento! | Compra. | Apertura
N/Año N/Año
Expediente 4.874/2022 49

12022

Dependencia Solicitante S Secretaria De S"
licitaciones,LiciPubli_015250-1_ConstrucciónReadecuaciónDeSumideros.pdf,https://quilmes.gov.ar/contrataciones/licpublicas/015250-1.pdf,2026-06-13,“Construcción y Readecuación de Sumideros”...,77,"SECRETARÍA DE DESARROLLO URBANO Y OBRA'PÚBLICA

APERTURA: 07/03/2025

OBJETO: “Construcción y Readecuación de Sumideros”

VALOR DEL PLIEGO: $300.000,00.- (Pesos Trescientos opto 00/100).-

SL /
/

Arq"
licitaciones,LiciPubli_022230-1_SinObjeto.pdf,https://quilmes.gov.ar/contrataciones/licpublicas/022230-1.pdf,2026-06-13,,95,"SECRETARÍA DE DESARROLLO ORBAÑA A BRA PÚBLICA
S
O
APERTURA: 03/03/2023 eS

Q
HORA: 10:00 Ss?

-XPEDIENTEÑ* 4091-959-D-2023

gas PÚBLICA No 22120288

DECRETO N*  /2023

JBJETO: CONSTRUCCIÓN Y READECUAC"
licitaciones,LiciPubli_021250-2_SinObjeto.pdf,https://quilmes.gov.ar/contrataciones/licpublicas/021250-2.pdf,2026-06-13,,1,"QUILMES

GOBIERNO

Dirección General de Contrataciones y Abastecimiento

Por medio de la presente, se deja constancia que la empresa
enn nnnnnnnnncnnnnnnnncnnannnnninnnes efectuó la descarga en format"
licitaciones,LiciPubli_041250-2_SinObjeto.pdf,https://quilmes.gov.ar/contrataciones/licpublicas/041250-2.pdf,2026-06-13,,1,"QUILMES

GOBIERNO

2025 - HOMENAJE A LA MEMORIA Y LEGADO DE SU SANTIDAD PAPA FRANCISCO

Dirección General de Contrataciones y Abastecimiento

Por medio de la presente, se deja constancia que la empres"
licitaciones,LiciPubli_005240-3_SinObjeto.pdf,https://quilmes.gov.ar/contrataciones/licpublicas/005240-3.pdf,2026-06-13,,1,"Solicitud de pedido

Pedido de Cotización o
N2 383 N* 413

eS

Municipalidad de

Quilmes Llamado N* 1 Ejercicio: 2024
Documento Compra Apertura
Tipo N*/Año y Tipo N%/Año
Expediente 1.211/2024 Licitaci"
licitaciones,LiciPubli_033250-1_SinObjeto.pdf,https://quilmes.gov.ar/contrataciones/licpublicas/033250-1.pdf,2026-06-13,,10,"Pedido de Cotización
N* 1122

eS

Municipalidad de

Solicitud de pedido

N? 1007

Quilmes Llamado N* 1 Ejercicio: 2025
Documento | Compra Apertura
Tipo N*/Año o. Tipo N%/Año Día Mes Año Hora
Expedient"
licitaciones,LiciPubli_032240-3_AdquisiciónDeJuegosVariosPara.pdf,https://quilmes.gov.ar/contrataciones/licpublicas/032240-3.pdf,2026-06-13,“Adquisición de juegos varios para...,13,"SECRETARÍA DE NIÑEZ Y DESARROLLO SOCIAL

APERTURA: 11/07/2024

DECRETO N? 12024

OBJETO: “Adquisición de juegos varios para el mes de las

niñeces”

VALOR DEL PLIEGO: Gratuito

FLO! BEN su Y
ecret

FU"
licitaciones,LiciPubli_028240-1_SinObjeto.pdf,https://quilmes.gov.ar/contrataciones/licpublicas/028240-1.pdf,2026-06-13,,1,"Solicitud de pedido

Pedido de Cotización o
N* 1505 nen
Llamado N? 1

Compra

eS

Municipalidad de
Quilmes

Ejercicio: 2024

Documento! |
Tipo N*/Año
Expediente 5.232/2024

Apertura

N%/Año
28
12024

"
licitaciones,LiciPubli_045240-1_TomadoDeJuntasFisuras2024.pdf,https://quilmes.gov.ar/contrataciones/licpublicas/045240-1.pdf,2026-06-13,“Tomado de juntas y fisuras...,22,"SECRETARÍA DE DESARROLLO URBANO Y OBRA PÚBLICA

APERTURA: 27/09/2024

OBJETO: “Tomado de juntas y fisuras 2024 - Etapa l”

VALOR DEL PLIEGO: $100.000,00 (Pesos Cien mil con 00/100)"
licitaciones,LiciPubli_006220-1_AdquisiciónDePañales.pdf,https://quilmes.gov.ar/contrataciones/licpublicas/006220-1.pdf,2026-06-12,ADQUISICIÓN DE PAÑALES VALOR DEL...,13,"SECRETARIA DE NIÑEZ Y DESARROLLO SOCIAL

APERTURA: 09/03/2022

HORAS 10:00"".

EXPEDIENTE N' 4091-1085-D-2022

LICITACIÓN PÚBLICA N' 06/2022

DECRETO N?  /2021 |

OBJETO: ADQUISICIÓN DE PAÑALES

VALOR "
licitaciones,LiciPubli_070230-3_HerramientasParaAlumbrado.pdf,https://quilmes.gov.ar/contrataciones/licpublicas/070230-3.pdf,2026-06-13,“HERRAMIENTAS PARA ALUMBRADO” VALOR DEL...,13,"2023

O quimes
GOBIERNO

ur
2023 - 40* Aniversario de la Recuperación de la
Democracia

SECRETARÍA DE SERVICIOS PUBLICOS

APERTURA: 16/06/2023

o

EXPEDIENTE N? 4091-5806-D-2023 1...

LICITACIÓN PÚBLI"
licitaciones,LiciPubli_039230-1_SinObjeto.pdf,https://quilmes.gov.ar/contrataciones/licpublicas/039230-1.pdf,2026-06-13,,1,"Solicitud de pedido

Pedido de Cotización |” ye g03
N* 1077
Llamado N' 1

Compra

eS

Municipalidad de
Quilmes

Ejercicio: 2023

Documento! |
Tipo N*/Año
Expediente 2.334/2023

Apertura

N/Año
39
1202"
licitaciones,LiciPubli_026250-2_SinObjeto.pdf,https://quilmes.gov.ar/contrataciones/licpublicas/026250-2.pdf,2026-06-13,,10,"Pedido de Cotización
N* 665

eS

Municipalidad de

Solicitud de pedido

N? 538

Quilmes Llamado N* 1 Ejercicio: 2025
Documento | Compra Apertura
Tipo N*/Año o. Tipo N%/Año Día Mes Año Hora
Expediente "
licitaciones,LiciPubli_031230-1_PlazaEnSolano.pdf,https://quilmes.gov.ar/contrataciones/licpublicas/031230-1.pdf,2026-06-13,PLAZA EN SOLANO 4 VALOR...,97,"SECRETARÍA DE DESARROLLO URBAN RA PÚBLICA
>

O
APERTURA: 21/03/2023 | Se da

Q

AO cc

EXPEDIENTE Ñ9*4091-1526-D-2023

LICgAOÍÓN PÚBLICA N*31/2023_..0000

DECRETO N*  /2023

OBJETO: PLAZA EN SOLANO

4"
licitaciones,LiciPubli_017220-3_SinObjeto.pdf,https://quilmes.gov.ar/contrataciones/licpublicas/017220-3.pdf,2026-06-12,,1,"Pedido de Cotización |““hesg2
a N? 821
Municipalidad de

Quilmes Llamado N* 1 Ejercicio: 2022

Documento! | Compra. | Apertura
N*/Año
183/2022

Expediente

Dependencia Solicitante U Secretaria De Segu"
licitaciones,LiciPubli_006240-1_SinObjeto.pdf,https://quilmes.gov.ar/contrataciones/licpublicas/006240-1.pdf,2026-06-13,,1,"Solicitud de pedido

Pedido de Cotización o
N* 414 mee

y,
Municipalidad de

Quilmes Llamado N* 1 Ejercicio: 2024
Documento Compra Apertura
Tipo N/Año o po. N/Año Día Mes Año Hora
Expediente 1.307/202"
licitaciones,LiciPubli_066230-3_ElectrodomésticosParaLosCentrosDe.pdf,https://quilmes.gov.ar/contrataciones/licpublicas/066230-3.pdf,2026-06-13,“Electrodomésticos para los centros de...,13,"2023

O QUILMES
GOBIERNO
7

2023 - 40” Aniversario de la Recuperación de la

Democracia

SECRETARÍA DE NIÑEZ Y DESARROLLO SOCIAL

APERTURA: 07/06/2023

HORA: 44:00.
EXPEDIENTE N? 4091-5236-D-2023

LIC"
licitaciones,LiciPubli_035230-1_SinObjeto.pdf,https://quilmes.gov.ar/contrataciones/licpublicas/035230-1.pdf,2026-06-13,,1,"Solicitud de pedido

Pedido de Cotización |” yy 797
N* 811
Llamado N' 1

Compra

eS

Municipalidad de
Quilmes

Ejercicio: 2023

Documento! |
Tipo N*/Año
Expediente 1.740/2023

Apertura

N/Año
35
12023"
licitaciones,LiciPubli_006260-1_PaseoDeportivoCulturalDonBosco.pdf,https://quilmes.gov.ar/contrataciones/licpublicas/006260-1.pdf,2026-06-13,PASEO DEPORTIVO Y CULTURAL DON...,279,"2026

QUILMES

GOBIERNO

SECRETARÍA DE DESARROLLO URBANO Y OBRA PÚBLICA

APERTURA: 10/03/2026 $ 2...

HORA A

EXPEDIENTE N? 4091-1010-D-2026

DECRETO N*  /2026_.

OBJETO: PASEO DEPORTIVO Y CULTURAL DO"
licitaciones,LiciPubli_020230-1_AdquisiciónDeConcretoAsfalticoEmulsión.pdf,https://quilmes.gov.ar/contrataciones/licpublicas/020230-1.pdf,2026-06-13,ADQUISICIÓN DE CONCRETO ASFALTICO Y...,13,"A

2023

QUILMES

GOBIERNO

2023 - 40 Aniversario de la Recuperación de la
)emocracia

SECRETARÍA DE SERVICIOS PÚBLICOS

do
<V

APERTURA: 17/03/2023. 9.

L

OS
Q
HORA: 10:00 xo
ro)

EXPEDIENTE N* 4093"
licitaciones,LiciPubli_074230-3_ServicioDeLavadoSecadoPlanchado.pdf,https://quilmes.gov.ar/contrataciones/licpublicas/074230-3.pdf,2026-06-13,"“SERVICIO DE LAVADO, SECADO Y...",14,"2023

O quimes
GOBIERNO

mr
2023 - 40 Aniversario de la Recuperación de la
Democracia

SECRETARÍA DE SALUD

APERTURA: 21/07/2023

HORA:10:00

EXPEDIENTE N?* 4091-7343-D-2023

LICITACIÓN PÚBLICA N* 74/"
licitaciones,LiciPubli_011230-1_SinObjeto.pdf,https://quilmes.gov.ar/contrataciones/licpublicas/011230-1.pdf,2026-06-13,,130,"2023

QUILMES

Sn GOBIERNO
>”

2023-40"" Aniversario de la Recuperación de la
Democracia

SECRETARÍA DE DESARROLLO URBANO Y OBRARÚBLICA
SS

APERTURA: 09/03/2023 SS

Q
HORA: 10:00 Se

EXPEDIENTE N* 409/"
licitaciones,LiciPubli_038230-1_PavimentosEnBernalOesteEtapa.pdf,https://quilmes.gov.ar/contrataciones/licpublicas/038230-1.pdf,2026-06-13,PAVIMENTOS EN BERNAL OESTE -...,100,"SECRETARÍA DE DESARROLLO URSANg (Bara PÚBLICA

SS
S
<<

APERTURA: 28/03/2023 D

HORA: 10:00 xO

EXPEDIENTE Ñ”-4091-2066-D-2023

LICgBAÓN PÚBLICA N* 38/2023.

DECRETO N*_ /2023__._..

OBJETO: PAVIMENTO"
licitaciones,LiciPubli_029240-2_SinObjeto.pdf,https://quilmes.gov.ar/contrataciones/licpublicas/029240-2.pdf,2026-06-13,,1,"QUILMES

GOBIERNO

2024-35"" Aniversario de la Universidad
Nacional de Quilmes

Dirección General de Contrataciones y Abastecimiento

Por medio de la presente, se deja constancia que la empresa
enn nnn"
licitaciones,LiciPubli_037220-1_SinObjeto.pdf,https://quilmes.gov.ar/contrataciones/licpublicas/037220-1.pdf,2026-06-13,,200,"PLIEGO
DE LICITACIÓN :
PARA LA CONTRATACIÓN

DE OBRAS
BUENOS AIRES

PROGRAMA MEJORAMIENTO DE BARRIOS IV
CONTRATO DE PRESTAMO 3458/15 OC-AR

pimericnie [ed
ÓS prutsss tin"
licitaciones,LiciPubli_047220-1_SinObjeto.pdf,https://quilmes.gov.ar/contrataciones/licpublicas/047220-1.pdf,2026-06-13,,2,"Solicitud de pedido

Pedido de Cotización o
1] de N? 1824 N? 1529

Quilmes Llamado N* 1 Ejercicio: 2022

Documento! | Compra. | Apertura
N*/Año
817/2022

Expediente

Dependencia Solicitante Y Secretar"
licitaciones,LiciPubli_026220-2_SinObjeto.pdf,https://quilmes.gov.ar/contrataciones/licpublicas/026220-2.pdf,2026-06-12,,1,"QUILMES

GOBIERNO

Dirección Gral.de Licitaciones

Por medio de la presente, se deja constancia que la empresa
ennnnn nn nnnnnnnrnnnncnnnnnnnncnnnes efectuó la descarga en formato digital del Pliego d"
licitaciones,LiciPubli_010250-1_PavimentaciónEnDistintasLocalidadesDel.pdf,https://quilmes.gov.ar/contrataciones/licpublicas/010250-1.pdf,2026-06-13,“Pavimentación en Distintas Localidades del...,124,"2025
0) QUILMES
GOBIERNO
“yr
SECRETARÍA DE DESARROLLO URBANO Y OBRA-PÚBLICA

APERTURA: 05/03/2025

DECRETO'N* 12025

OBJETO: “Pavimentación en Distintas Localidades del Distrito”

VALOR DEL PLIEGO: $3"
licitaciones,LiciPubli_026220-1_MaterialesDeCorralonEnEl.pdf,https://quilmes.gov.ar/contrataciones/licpublicas/026220-1.pdf,2026-06-12,MATERIALES DE CORRALON EN EL...,13,"JEFATURA DE GABINETE

APERTURA: 27/04/2022 000

HORAS cionado

EXPEDIENTE N” 4091-2821-D-2024 1.
LICITACIÓN PÚBLICA N* 26/2022

DECRETO RO cinc

OBJETO: MATERIALES DE CORRALON EN EL MARCO DEL PROGRAMA"
licitaciones,LiciPubli_002230-3_AdquisicionDeAlimentosParaJardines.pdf,https://quilmes.gov.ar/contrataciones/licpublicas/002230-3.pdf,2026-06-13,ADQUISICION DE ALIMENTOS PARA JARDINES...,27,"2023

QUILMES

GOBIERNO

SECRETARÍA DE EDUCACION

APERTURA: 10/02/2028 000000000

HORA: 11:00 |
EXPEDIENTE N* 4091-480-D-2023

LICITACIÓN PÚBLICA N* 02/2023.

li P—Á—N

OBJETO: ADQUISICION DE ALIMENTO"
licitaciones,LiciPubli_071230-1_ServicioAlimentarioEscolarMesaBonaerense.pdf,https://quilmes.gov.ar/contrataciones/licpublicas/071230-1.pdf,2026-06-13,SERVICIO ALIMENTARIO ESCOLAR Y MESA...,100,"O GOBIERNO
ES
2023 - 40* Aniversario de la Recuperación de la
Democracia

SECRETARIA DE EDUCACIÓN

APERTURA: 22/06/2023

HORA: 10:00

EXPEDIENTE N* 4091-4722-D-2023

DECRETO N? 12023

OBJETO: SERVICIO"
licitaciones,LiciPubli_015260-1_EesLaMateraTerminaciónDe.pdf,https://quilmes.gov.ar/contrataciones/licpublicas/015260-1.pdf,2026-06-13,“E.E.S. La Matera Terminación de...,156,"2026

QUILMES

GOBIERNO

() I
SS
Ó
SECRETARÍA DE cor

arenTURA: temarzozo O
HORA: 10:00 XX

a E

EA PÚBLICA N* 15/2026

PD

—=

OBJETO: “E.E.S. La Matera Terminación de Obra”

VALOR DEL PLIEGO: $10.51"
licitaciones,LiciPubli_004240-2_SinObjeto.pdf,https://quilmes.gov.ar/contrataciones/licpublicas/004240-2.pdf,2026-06-13,,1,"QUILMES

GOBIERNO
uy

Dirección Gral. de Contrataciones y Abastecimiento

Por medio de la presente, se deja constancia que la empresa
enn nnnnnnnnncnnnnnnnncnnannnnninnnes efectuó la descarga en forma"
licitaciones,LiciPubli_027240-2_SinObjeto.pdf,https://quilmes.gov.ar/contrataciones/licpublicas/027240-2.pdf,2026-06-13,,1,"QUILMES

GOBIERNO

2024-35"" Aniversario de la Universidad
Nacional de Quilmes

Quilmes, 24 de junio de 2024

CIRCULAR SIN CONSULTA N? 1
LICITACION PÚBLICA N? 27/2024

“Paseo de la Lealtad — Plaza Ara "
licitaciones,LiciPubli_025220-1_SinObjeto.pdf,https://quilmes.gov.ar/contrataciones/licpublicas/025220-1.pdf,2026-06-12,,1,"Quilmes, 18 de abril de 2022

CIRCULAR SIN CONSULTA N? 4
LICITACION PÚBLICA N' 25/2022

“MAQUINARIA — CARTONEROS ESTRATEGICOS”

La Secretaría de Niñez y Desarrollo Social comunica la presente Circular"
licitaciones,LiciPubli_006230-1_ReadecuaciónCapsLaLoma.pdf,https://quilmes.gov.ar/contrataciones/licpublicas/006230-1.pdf,2026-06-13,“Readecuación CAPS: LA LOMA” “L.OR...,187,"SECRETARÍA DE DESARROLLO
URBANO Y OBRA PÚBLICA
ES

e
eS
OS
HORA: 11:00 S

Y

EXPEDIENTE N* 4091 ae

Y LICITACIÓN ¿A N* 06/2023

DECRETO 5 12023

APERTURA: 28/02/2023

OBJETO: “Readecuación CAPS: LA LO"
licitaciones,LiciPubli_028240-2_SinObjeto.pdf,https://quilmes.gov.ar/contrataciones/licpublicas/028240-2.pdf,2026-06-13,,1,"QUILMES

GOBIERNO

Dirección General de Contrataciones y Abastecimiento

Por medio de la presente, se deja constancia que la empresa
enn nnnnnnnnncnnnnnnnncnnannnnninnnes efectuó la descarga en format"
licitaciones,LiciPubli_004240-3_AdquisiciónDePañalesParaLa.pdf,https://quilmes.gov.ar/contrataciones/licpublicas/004240-3.pdf,2026-06-13,“Adquisición de pañales para la...,13,"2024

O quiLmes
> GOBIERNO

SECRETARÍA DE NIÑEZ Y DESARROLLO SOCIAL

APERTURA: 04/03/2024

DECRETO N? 12024

OBJETO: “Adquisición de pañales para la asistencia de
personas en extrema situación de vuln"
licitaciones,LiciPubli_013230-1_NuevoIngresoQuilmesReadecuaciónAcceso.pdf,https://quilmes.gov.ar/contrataciones/licpublicas/013230-1.pdf,2026-06-13,NUEVO INGRESO A QUILMES -...,221,"2023

0) QUILMES
GOBIERNO
a

SECRETARÍA DE DESARROLLO URBAN RA PÚBLICA
NS
O

14)
Ed

xO

EXPEDIENTE «091-826-0:2023

APERTURA: 10/03/2023

HORA: 10:00

O
SO N* 43/2023
DECRETO N* 12023

OBJETO: NUEVO "
licitaciones,LiciPubli_019250-3_AdquisiciónDeChapasGalvanizadasTirantes.pdf,https://quilmes.gov.ar/contrataciones/licpublicas/019250-3.pdf,2026-06-13,"“Adquisición de chapas galvanizadas, tirantes...",12,"SECRETARÍA DE NIÑEZ Y DESARROLLO SOCIAL

APERTURA: 12/03/2025

DECRETO N? 12025

OBJETO: “Adquisición de chapas galvanizadas, tirantes y

alfajías”

VALOR DEL PLIEGO: Gratuito"
licitaciones,LiciPubli_030250-1_SinObjeto.pdf,https://quilmes.gov.ar/contrataciones/licpublicas/030250-1.pdf,2026-06-13,,9,"Pedido de Cotización
N* 743

eS

Municipalidad de

Solicitud de pedido

N? 712

Quilmes Llamado N* 1 Ejercicio: 2025
Documento | Compra Apertura
Tipo N*/Año o. Tipo N%/Año Día Mes Año Hora
Expediente "
licitaciones,LiciPubli_037230-1_ObrasDeIntegraciónSocioUrbana.pdf,https://quilmes.gov.ar/contrataciones/licpublicas/037230-1.pdf,2026-06-13,“Obras de integración Socio Urbana...,172,"SECRETARÍA DE DESARROLLO ursAyOdosra PÚBLICA
S

SS
e
SS
o?
S
S

APERTURA: 23/03/2023
HORA: 12:00 |

EXPEDIENTEN” 4091-1724-D-2023

gabi PÚBLICA N*37/2023

DECRETO N*._.. /2023
OBJETO: “Obras de integr"
licitaciones,LiciPubli_026260-2_AdquisiciónDeIndumentariaParaAgentes.pdf,https://quilmes.gov.ar/contrataciones/licpublicas/026260-2.pdf,2026-06-13,“Adquisición de indumentaria para agentes...,34,"2026

QUILMES
GOBIERNO

2026 - A 50 AÑOS DE LA DICTADURA CÍVICO-MILITAR
MEMORIA, VERDAD Y JUSTICIA

SECRETARÍA DE AMBIENTE Y GESTIÓN INTEGRAL DE
RESIDUOS SÓLIDOS URBANOS, (GA.R.S.U.)

APERTURA: 12/05/"
licitaciones,LiciPubli_047220-3_AdquisiciónDeMobiliarioParaEstablecimientos.pdf,https://quilmes.gov.ar/contrataciones/licpublicas/047220-3.pdf,2026-06-13,ADQUISICIÓN DE MOBILIARIO PARA ESTABLECIMIENTOS...,18,"SECRETARÍA DE EDUCACION

HORA: 10:00

EXPEDIENTE N” 4091-4817-D-2022

LICITACIÓN PÚBLICA N? 47/2022.

DECRETO N?  /2022

OBJETO: ADQUISICIÓN DE MOBILIARIO PARA ESTABLECIMIENTOS
ESCOLARES

VALOR DEL PL"
licitaciones,LiciPubli_015230-1_SinObjeto.pdf,https://quilmes.gov.ar/contrataciones/licpublicas/015230-1.pdf,2026-06-13,,70,"Democracia

SECRETARÍA DE DESARROLLO URBANO:

S

Y OBRA PÚBLICA

¡ APERTURA: 14/03/2023. _Q

HORA: 10:00 y a EA
AS

EXPEDIENTE Ned 1-905-D-2023 E

YN
LICmAbid% PÚBLICA N* 15/2023

/ DECRETO N* /2023

"
licitaciones,LiciPubli_042220-3_SinObjeto.pdf,https://quilmes.gov.ar/contrataciones/licpublicas/042220-3.pdf,2026-06-13,,4,"Solicitud de pedido

Pedido de Cotización o
Sa. N? 1491 NP 1448

Quilmes Llamado N* 1 Ejercicio: 2022

Documento! | Compra. | Apertura
N*/Año Í
225/2022

Expediente

Dependencia Solicitante SECRETARIA"
licitaciones,LiciPubli_039220-1_MedicamentosParaCentroDeSalud.pdf,https://quilmes.gov.ar/contrataciones/licpublicas/039220-1.pdf,2026-06-13,MEDICAMENTOS PARA CENTRO DE SALUD...,13,"2022

QUILMES

GOBIERNO

SECRETARÍA DE SALUD

APERTURA: 24/05/2022...

HORA: 10:00...

EXPEDIENTE N” 4091-3992-D-2022

LICITACIÓN PÚBLICA N* 39/2022

DECRETO N?

OBJETO: MEDICAMENTOS PARA CENTRO DE SA"
licitaciones,LiciPubli_002240-5_SinObjeto.pdf,https://quilmes.gov.ar/contrataciones/licpublicas/002240-5.pdf,2026-06-13,,1,"Quilmes, 31 de enero de 2024

CIRCULAR SIN CONSULTA N? 1
LICITACION PÚBLICA N? 02/2024

“Adquisición de resmas de papel A4 y Oficio”

La Secretaría de Hacienda comunica la presente Circular que pasa a"
licitaciones,LiciPubli_078230-3_AdquisiciónDePañales.pdf,https://quilmes.gov.ar/contrataciones/licpublicas/078230-3.pdf,2026-06-13,“ADQUISICIÓN DE PAÑALES” VALOR DEL...,13,"2023

QUILMES

GOBIERNO

ur
2023 - 40* Aniversario de la Recuperación de la
Democracia

SECRETARÍA DE NIÑEZ Y DESARROLLO SOCIAL

LICITACIÓN PÚBLICA N?*78/2028

DECRETO N? 12023

OBJETO: “ADQUISICIÓN D"
licitaciones,LiciPubli_018250-2_SinObjeto.pdf,https://quilmes.gov.ar/contrataciones/licpublicas/018250-2.pdf,2026-06-13,,1,"Solicitud de pedido

Pedido de Cotización o
N2 398 N* 437
Llamado N? 1

Compra

eS

Municipalidad de
Quilmes

Ejercicio: 2025

Documento! |
Tipo N*/Año
Expediente 1.235/2025

Apertura

N%/Año
18
12025"
licitaciones,LiciPubli_029250-2_ServicioDeReparaciónDelSistema.pdf,https://quilmes.gov.ar/contrataciones/licpublicas/029250-2.pdf,2026-06-13,“Servicio de reparación del sistema...,15,"SECRETARÍA DE SALUD

APERTURA: 03/04/2

DECRETO N? 12025

OBJETO: “Servicio de reparación del sistema eléctrico del

segundo piso el Instituto Dr. Ramon Carrillo”

VALOR DEL PLIEGO: $119.830,00.- (Pes"
licitaciones,LiciPubli_024240-2_SinObjeto.pdf,https://quilmes.gov.ar/contrataciones/licpublicas/024240-2.pdf,2026-06-13,,1,"QUILMES

GOBIERNO

Dirección General de Contrataciones y Abastecimiento

Por medio de la presente, se deja constancia que la empresa
enn nnnnnnnnncnnnnnnnncnnannnnninnnes efectuó la descarga en format"
licitaciones,LiciPubli_028230-1_SinObjeto.pdf,https://quilmes.gov.ar/contrataciones/licpublicas/028230-1.pdf,2026-06-13,,1,"Solicitud de pedido

Pedido de Cotización o
N* 807 Neo
Llamado N? 1

Compra

eS

Municipalidad de
Quilmes

Ejercicio: 2023

Documento! |
Tipo N*/Año
Expediente 1.602/2023

Apertura

N%/Año
28
12023

T"
licitaciones,LiciPubli_066230-1_SinObjeto.pdf,https://quilmes.gov.ar/contrataciones/licpublicas/066230-1.pdf,2026-06-13,,16,"Pedido de Cotización |“ uesova
Ea N2 2087 N* 1929

Municipalidad de

Quilmes Llamado N* 1 Ejercicio: 2023
Documento | Compra Apertura
Tipo N*/Año o. Tipo N%/Año Día Mes Año Hora
Expediente 5.236/2023 "
licitaciones,LiciPubli_002250-3_SinObjeto.pdf,https://quilmes.gov.ar/contrataciones/licpublicas/002250-3.pdf,2026-06-13,,4,"Pedido de Cotización
N* 223

eS

Municipalidad de

Solicitud de pedido

N? 247

Quilmes Llamado N* 1 Ejercicio: 2025
Documento | Compra Apertura
Tipo N*/Año o. Tipo N%/Año Día Mes Año Hora
Expediente "
licitaciones,LiciPubli_035230-3_NeumaticosParaCamiones.pdf,https://quilmes.gov.ar/contrataciones/licpublicas/035230-3.pdf,2026-06-13,NEUMATICOS PARA CAMIONES VALOR DEL...,13,"2023

QUILMES
GOBIERNO

2023 - 40* Aniversario de la Recuperación de la
Democracia

SECRETARÍA DE G.!I.R.S.U.

APERTURA: 11/04/2023

HORA: 11:00

EXPEDIENTE N* 4091-1740-D-2023.

LICITACIÓN PÚBLICA N?"
licitaciones,LiciPubli_020250-3_SinObjeto.pdf,https://quilmes.gov.ar/contrataciones/licpublicas/020250-3.pdf,2026-06-13,,2,"Solicitud de pedido

Pedido de Cotización o
eS N* 489 pd

Municipalidad de

Quilmes Llamado N* 1 Ejercicio: 2025
Documento | Compra Apertura
Tipo N/Año o, Tipo N%/Año Día Mes Año Hora
Expediente 1.469"
licitaciones,LiciPubli_004220-1_ProvisiónInstalaciónDeOxigenoLíquido.pdf,https://quilmes.gov.ar/contrataciones/licpublicas/004220-1.pdf,2026-06-12,PROVISIÓN E INSTALACIÓN DE OXIGENO...,14,"2022

QUILMES

GOBIERNO

SECRETARIA DE SALUD

APERTURA: 24/02/2022
HORA: 12:00

EXPEDIENTE N* 4091-416-D-2022

LICITACIÓN PÚBLICA N? 04/2022

DECRETO N* 12022

OBJETO: PROVISIÓN E INSTALACIÓN DE OXIGE"
licitaciones,LiciPubli_007250-1_PavimentaciónEnBarrioVecinalEtapa.pdf,https://quilmes.gov.ar/contrataciones/licpublicas/007250-1.pdf,2026-06-13,“Pavimentación en Barrio Vecinal -...,110,"2025

UILMES

GOBIERNO
ur

SECRETARÍA DE DESARROLLO URBANO Y OBRA'PÚBLICA

APERTURA: 28/02/2025

DECRETO NN? 12025

OBJETO: “Pavimentación en Barrio Vecinal - Etapa 11!”

VALOR DEL PLIEGO: $300.000,00"
licitaciones,LiciPubli_011240-2_SinObjeto.pdf,https://quilmes.gov.ar/contrataciones/licpublicas/011240-2.pdf,2026-06-13,,1,"QUILMES

GOBIERNO

Dirección General de Contrataciones y Abastecimiento

Por medio de la presente, se deja constancia que la empresa
enn nnnnnnnnncnnnnnnnncnnannnnninnnes efectuó la descarga en format"
licitaciones,LiciPubli_007240-1_SinObjeto.pdf,https://quilmes.gov.ar/contrataciones/licpublicas/007240-1.pdf,2026-06-13,,5,"eS

Municipalidad de

N* 563
Llamado N* 1

Pedido de Cotización

Solicitud de pedido

N? 412

Ejercicio: 2024

Quilmes
Documento | Compra Apertura
Tipo N*/Año o. Tipo N%/Año Día Mes Año Hora
Expedient"
licitaciones,LiciPubli_013240-1_AdquisiciónDeArtículosDeLimpieza.pdf,https://quilmes.gov.ar/contrataciones/licpublicas/013240-1.pdf,2026-06-13,“Adquisición de artículos de limpieza”...,13,"2024

O QuiLmMes
> GOBIERNO

SECRETARÍA DE HACIENDA

APERTURA: 05/04/2024

OBJETO: “Adquisición de artículos de limpieza”

VALOR DEL PLIEGO: Gratuito

7
tic. Mara Eva
Segfétónia de Hacienda

BÁCIPA DA"
licitaciones,LiciPubli_003250-1_PavimentaciónEnBarrioLaPaz.pdf,https://quilmes.gov.ar/contrataciones/licpublicas/003250-1.pdf,2026-06-13,“Pavimentación en Barrio La Paz...,95,"SECRETARÍA DE DESARROLLO URBANO Y OBRA'PÚBLICA

APERTURA: 26/02/2025

DECRETO N? 12025

OBJETO: “Pavimentación en Barrio La Paz - Etapa II”

VALOR DEL PLIEGO: $300.000,00.- (Pesos Trescientos mil con "
licitaciones,LiciPubli_049220-2_SinObjeto.pdf,https://quilmes.gov.ar/contrataciones/licpublicas/049220-2.pdf,2026-06-13,,1,"QUILMES

GOBIERNO

Dirección Gral.de Licitaciones

Por medio de la presente, se deja constancia que la empresa
ennnnn nn nnnnnnnrnnnncnnnnnnnncnnnes efectuó la descarga en formato digital del Pliego d"
licitaciones,LiciPubli_027240-1_PaseoDeLaLealtadPlaza.pdf,https://quilmes.gov.ar/contrataciones/licpublicas/027240-1.pdf,2026-06-13,“Paseo de la Lealtad —...,94,"2024

QUILMES

GOBIERNO
ar

2024-35"" Aniversario de la Universidad
Nacional de Quilmes

SECRETARÍA DE DESARROLLO URBANO) OBRA PÚBLICA
NS

O

DECRETO N? 12024

OBJETO: “Paseo de la Lealtad — Plaza Ara "
licitaciones,LiciPubli_004220-3_SinObjeto.pdf,https://quilmes.gov.ar/contrataciones/licpublicas/004220-3.pdf,2026-06-12,,1,"Solicitud de pedido

Pedido de Cotización Ne 89
N? 290
Llamado N?* 1

Compra

eS

Municipalidad de
Quilmes

Ejercicio: 2022

Documento! |
Tipo N*/Año
Expediente 416/2022

Apertura

N/Año
4
12022

Tipo"
licitaciones,LiciPubli_021240-1_SinObjeto.pdf,https://quilmes.gov.ar/contrataciones/licpublicas/021240-1.pdf,2026-06-13,,1,"Solicitud de pedido

Pedido de Cotización o
N? 1344 nte
Llamado N? 1

Compra

eS

Municipalidad de
Quilmes

Ejercicio: 2024

Documento! |
Tipo N*/Año
Expediente 3.993/2024

Apertura

N%/Año
21
12024

"
licitaciones,LiciPubli_016220-1_PavimentosEnDistintasLocalidadesDel.pdf,https://quilmes.gov.ar/contrataciones/licpublicas/016220-1.pdf,2026-06-12,“Pavimentos en distintas localidades del...,99,"SECRETARÍA DE DESARROLLO URSANQ DEA PÚBLICA
O
O
APERTURA: 06/04/2022 eS o

$

HORA: 12:00

DECRETO NO lO

OBJETO: “Pavimentos en distintas localidades del
distrito”

VALOR DEL PLIEGO: $1.000.000,00.- "
licitaciones,LiciPubli_002240-2_SinObjeto.pdf,https://quilmes.gov.ar/contrataciones/licpublicas/002240-2.pdf,2026-06-13,,1,"QUILMES

GOBIERNO
uy

Dirección Gral. de Contrataciones y Abastecimiento

Por medio de la presente, se deja constancia que la empresa
enn nnnnnnnnncnnnnnnnncnnannnnninnnes efectuó la descarga en forma"
licitaciones,LiciPubli_058230-3_AdquisiciónDeCamasDePino.pdf,https://quilmes.gov.ar/contrataciones/licpublicas/058230-3.pdf,2026-06-13,“Adquisición de camas de pino”...,13,"2023

QUILMES
GOBIERNO

ur
2023 - 40” Aniversario de la Recuperación de la

SECRETARÍA DE NIÑEZ Y DESARROLLO SOCIAL

APERTURA: 18/05/2023.

HORA: 11:00

EXPEDIENTE N* 4091-4449-D-2023

DESTA IS

OBJET"
licitaciones,LiciPubli_022220-1_ServicioDeRecolecciónDeResiduos.pdf,https://quilmes.gov.ar/contrataciones/licpublicas/022220-1.pdf,2026-06-12,servicio DE RECOLECCIÓN DE RESIDUOS...,16,"SECRETARÍA DE SALUD

APERTURA: 20/04/2022

HORA: 11:00

EXPEDIENTE N? 4091-20 near

LICITACIÓN PÚBLICA N* 22/2022

DECRETO N*  /2022

OBJETO: servicio DE RECOLECCIÓN DE RESIDUOS PATOGÉNICOS -
PERIODO "
licitaciones,LiciPubli_047250-1_ReacondicionamientoDeDf.pdf,https://quilmes.gov.ar/contrataciones/licpublicas/047250-1.pdf,2026-06-13,“REACONDICIONAMIENTO DE Df CARGA -...,53,"2025

O qQuiimes
Wu GOBIERNO

2025 - HOMENAJE A LA MEMORIA Y LEGADO DE SU SANTIDAD PAPA FRANCISCO

> SECRETARÍA DE AMBIENTE Y G.!.R.S.U.

APERTURA: 23/07/2025

DECRETO N*? 12025

OBJETO:“REACONDICIONA"
licitaciones,LiciPubli_030240-4_SinObjeto.pdf,https://quilmes.gov.ar/contrataciones/licpublicas/030240-4.pdf,2026-06-13,,2,"O

ur
QUILMES
GOBIERN
Municipalidad de Quilmes
Año 2024

Nota

Número: NO-2024-00086818-QUI-AGFYCC

QUILMES, BUENOS AIRES
Martes 2 de Julio de 2024

Referencia: CIRCULAR SIN CONSULTA N' 1 - LICITACION"
licitaciones,LiciPubli_022260-2_SinObjeto.pdf,https://quilmes.gov.ar/contrataciones/licpublicas/022260-2.pdf,2026-06-13,,1,"Solicitud de pedido

Pedido de Cotización o
N2 1025 N* 1150
Llamado N? 1

Compra

eS

Municipalidad de
Quilmes

Ejercicio: 2026

Documento! |
Tipo N*/Año
Expediente 2.821/2026

Apertura

N%/Año
22
120"
licitaciones,LiciPubli_065230-1_CasaDeDíaParaJóvenes.pdf,https://quilmes.gov.ar/contrataciones/licpublicas/065230-1.pdf,2026-06-13,“CASA DE DÍA PARA JÓVENES...,134,"SECRETARÍA DE DESARROLLO URBANO YBBRA PÚBLICA

SS
S

0)
LIOTAQOÍ PUBLICA N* 65/2023

DECRETO N* 120280000

OBJETO: “CASA DE DÍA PARA JÓVENES (SEDRONAR)”

VALOR DEL PLIEGO: $300.000,00.- (Pesos Trescie"
licitaciones,LiciPubli_040240-2_SinObjeto.pdf,https://quilmes.gov.ar/contrataciones/licpublicas/040240-2.pdf,2026-06-13,,1,"QUILMES

GOBIERNO

2024-35* Aniversario de la Universidad
Nacional de Quilmes

Dirección General de Contrataciones y Abastecimiento

Por medio de la presente, se deja constancia que la empresa
enn nnn"
licitaciones,LiciPubli_055250-1_AdquisiciónDeMódulosAlimentariosQue.pdf,https://quilmes.gov.ar/contrataciones/licpublicas/055250-1.pdf,2026-06-13,“Adquisición de módulos alimentarios que...,14,"2025

QUILMES
GOBIERNO

2025 - HOMENAJE A LA MEMORIA Y LEGADO DE SU SANTIDAD PAPA FRANCISCO

SECRETARÍA DE HACIENDA

APERTURA: 28/10/2025

OBJETO: “Adquisición de módulos alimentarios que serán
distri"
licitaciones,LiciPubli_033230-3_AlquilerDeMaquinariasParaTareas.pdf,https://quilmes.gov.ar/contrataciones/licpublicas/033230-3.pdf,2026-06-13,ALQUILER DE MAQUINARIAS PARA TAREAS...,14,"2023

QUILMES

GOBIERNO

mr
2023 - 40* Aniversario de la Recuperación de la

SECRETARÍA DE G.I.R.S.U

APERTURA: DAMA 12023

HORA: 10:00.

EXPEDIENTE N” 4091-1733-D-2023

LICITACIÓN PÚBLICA N* 33/2023
"
licitaciones,LiciPubli_015240-2_SinObjeto.pdf,https://quilmes.gov.ar/contrataciones/licpublicas/015240-2.pdf,2026-06-13,,1,"QUILMES

GOBIERNO

Dirección General de Contrataciones y Abastecimiento

Por medio de la presente, se deja constancia que la empresa
ÓN efectuó la descarga en formato digital del Pliego de
Bases y Con"
licitaciones,LiciPubli_013220-2_SinObjeto.pdf,https://quilmes.gov.ar/contrataciones/licpublicas/013220-2.pdf,2026-06-12,,1,"QUILMES

GOBIERNO

Dirección Gral.de Licitaciones

Por medio de la presente, se deja constancia que la empresa
ennnnn nn nnnnnnnrnnnncnnnnnnnncnnnes efectuó la descarga en formato digital del Pliego d"
licitaciones,LiciPubli_055230-2_SinObjeto.pdf,https://quilmes.gov.ar/contrataciones/licpublicas/055230-2.pdf,2026-06-13,,1,"QUILMES

GOBIERNO

==
2023 - 40* Aniversario de la Recuperación de la
Democracia

Dirección Gral. de Licitaciones

Por medio de la presente, se deja constancia que la empresa
enn nnnnnnnnncnnnnnnnncnn"
licitaciones,LiciPubli_063230-1_SinObjeto.pdf,https://quilmes.gov.ar/contrataciones/licpublicas/063230-1.pdf,2026-06-13,,2,"Solicitud de pedido

Pedido de Cotización o
N2 1915 N* 1731
Llamado N? 1

Compra

eS

Municipalidad de
Quilmes

Ejercicio: 2023

Documento! |
Tipo N*/Año
Expediente 4.627/2023

Apertura

N%/Año
63
120"
licitaciones,LiciPubli_068230-3_JuegosVariosParaElMes.pdf,https://quilmes.gov.ar/contrataciones/licpublicas/068230-3.pdf,2026-06-13,“JUEGOS VARIOS PARA EL MES...,13,"2023

QUILMES

GOBIERNO

pea
2023 - 40* Aniversario de la Recuperación de la
Democracia

SECRETARÍA DE NIÑEZ Y DESARROLLO SOCIAL

EXPEDIENTE N” 4091-5557-D-2023 1.

LICITACIÓN PÚBLICA N* 68/2023

DECR"
licitaciones,LiciPubli_037240-2_SinObjeto.pdf,https://quilmes.gov.ar/contrataciones/licpublicas/037240-2.pdf,2026-06-13,,1,"QUILMES

GOBIERNO

2024-35* Aniversario de la Universidad
Nacional de Quilmes

Quilmes, 13 de agosto de 2024

CIRCULAR SIN CONSULTA N* 1
LICITACION PÚBLICA N' 37/2024

“Polideportivo Kolynos”

La Secr"
licitaciones,LiciPubli_074230-1_SinObjeto.pdf,https://quilmes.gov.ar/contrataciones/licpublicas/074230-1.pdf,2026-06-13,,1,"Solicitud de pedido

Pedido de Cotización o
N* 2658 me
Llamado N? 1

Compra

eS

Municipalidad de
Quilmes

Ejercicio: 2023

Documento! |
Tipo N*/Año
Expediente 7.343/2023

Apertura

N%/Año
74
12023

T"
licitaciones,LiciPubli_010240-1_PlanMunicipalDeBacheo2024.pdf,https://quilmes.gov.ar/contrataciones/licpublicas/010240-1.pdf,2026-06-13,“Plan Municipal de Bacheo 2024...,90,"OBJETO: “Plan Municipal de Bacheo 2024 - Etapa |”

VALOR DEL PLIEGO: $300.000,00.- (Pesos Trescientos mil con 00/100).-"
licitaciones,LiciPubli_050250-1_VinculaciónAuBuenosAiresLa.pdf,https://quilmes.gov.ar/contrataciones/licpublicas/050250-1.pdf,2026-06-13,“Vinculación AU Buenos Aires -...,187,"2025

QUILMES
GOBIERNO

2025 - HOMENAJE A LA MEMORIA Y LEGADO DE SU SANTIDAD PAPA FRANCISCO

SECRETARÍA DE DESARROLLO URBANO Y OBRA PÚBLICA

APERTURA SOBRE N? 1: 23/09/2025

DECRETO NN? /2025

OBJETO:"
licitaciones,LiciPubli_022250-2_SinObjeto.pdf,https://quilmes.gov.ar/contrataciones/licpublicas/022250-2.pdf,2026-06-13,,1,"Solicitud de pedido

Pedido de Cotización |” yy 509
N? 601
Llamado N' 1

Compra

eS

Municipalidad de
Quilmes

Ejercicio: 2025

Documento! |
Tipo N*/Año
Expediente 1.348/2025

Apertura

N%/Año
22
1202"
licitaciones,LiciPubli_021240-3_SinObjeto.pdf,https://quilmes.gov.ar/contrataciones/licpublicas/021240-3.pdf,2026-06-13,,13,"2024

QUILMES

GOBIERNO

SECRETARÍA DE AMBIENTE Y G.!.R.S.U

APERTURA: 27/05/2024

VALOR DEL PLIEGO: Gratuito"
licitaciones,LiciPubli_066230-2_SinObjeto.pdf,https://quilmes.gov.ar/contrataciones/licpublicas/066230-2.pdf,2026-06-13,,1,"QUILMES

GOBIERNO

2023 -40* Aniersaro de la Recuperación de la
Democracia

Dirección Gral. de Licitaciones

Por medio de la presente, se deja constancia que la empresa
ennrn enn nnncnnnnnnnncnnannnnn"
licitaciones,LiciPubli_021260-2_SinObjeto.pdf,https://quilmes.gov.ar/contrataciones/licpublicas/021260-2.pdf,2026-06-13,,15,"2026

QUILMES

GOBIERNO

SECRETARÍA DE SERVICIOS PU ea

APERTURA: 28/04/2026 E

HORA: 10:00

EXPEDIENTE N* de -D-2026
LICITACIÓN PÚBLICA N* 21/2026

D N* 93/2026

mil trescientos veintiocho con 00/100"
licitaciones,LiciPubli_067230-2_SinObjeto.pdf,https://quilmes.gov.ar/contrataciones/licpublicas/067230-2.pdf,2026-06-13,,1,"QUILMES

GOBIERNO

2023 -40* Aniersaro de la Recuperación de la
Democracia

Dirección Gral. de Licitaciones

Por medio de la presente, se deja constancia que la empresa
enn nnnnnnnnncnnnnnnnncnnannnnn"
licitaciones,LiciPubli_008260-1_AccesoSudesteReconfiguraciónVialEntorno.pdf,https://quilmes.gov.ar/contrataciones/licpublicas/008260-1.pdf,2026-06-13,ACCESO SUDESTE - RECONFIGURACIÓN VIAL...,601,"2026

Y QUILMES

GOBIERNO

SECRETARÍA DE DESARROLLO URBANO Y OBRA PÚBLICA

APERTURA: 11/03/2026 A""...

ARA O e iii

EXPEDIENTE N” 4091-1066-D-2026

LICITACIÓN PÚBLICA N* 08/2026

DECRETO NC 120880

OB"
licitaciones,LiciPubli_005230-3_SinObjeto.pdf,https://quilmes.gov.ar/contrataciones/licpublicas/005230-3.pdf,2026-06-13,,143,"SECRETARÍA DE DESARROLLO ursano 28 PÚBLICA
0

O

«0

APERTURA: 28/02/2088. HR.

nan) O
HORA: 10:00. A o

EXPEDIENTE? 4091-71 6-0-2023.

cgpiSióN PÚBLICA N* 05/2023

DECRETO NB

IBJETO: “Refacción Inte"
licitaciones,LiciPubli_070230-2_SinObjeto.pdf,https://quilmes.gov.ar/contrataciones/licpublicas/070230-2.pdf,2026-06-13,,1,"QUILMES

GOBIERNO

2023 -40* Aniersaro de la Recuperación de la
Democracia

Dirección Gral. de Licitaciones

Por medio de la presente, se deja constancia que la empresa
enn nnnnnnnnncnnnnnnnncnnannnnn"
licitaciones,LiciPubli_075230-3_ServicioDeFotocopiadoParaAbastecer.pdf,https://quilmes.gov.ar/contrataciones/licpublicas/075230-3.pdf,2026-06-13,“Servicio de fotocopiado para abastecer...,22,"2023

QUILMES
GOBIERNO

2023 - 40” Aniversario de la Recuperación de la
D

SECRETARÍA DE HACIENDA

APERTURA: 21/07/2023

HORA: 14:00

EXPEDIENTE N? 4091-7393-D-2023

LICITACIÓN PÚBLICA N* 75/2023

OBJ"
licitaciones,LiciPubli_011220-2_SinObjeto.pdf,https://quilmes.gov.ar/contrataciones/licpublicas/011220-2.pdf,2026-06-12,,1,"Ou

=
zm
om

o
u
m
o)

Quilmes, 25 de marzo de 2022

CIRCULAR SIN CONSULTA N* 2
AAA SIN CONSULTA NS 2

LICITACION PÚBLICA N* 11/2022
== EN PÚBLICA N? 11/2022

“PASO BAJO NIVEL CALLE REPÚBLICA DEL LÍBA"
licitaciones,LiciPubli_034250-2_SinObjeto.pdf,https://quilmes.gov.ar/contrataciones/licpublicas/034250-2.pdf,2026-06-13,,1,"QUILMES

GOBIERNO

Dirección General de Contrataciones y Abastecimiento

Por medio de la presente, se deja constancia que la empresa
enn nnnnnnnnncnnnnnnnncnnannnnninnnes efectuó la descarga en format"
licitaciones,LiciPubli_018220-3_SinObjeto.pdf,https://quilmes.gov.ar/contrataciones/licpublicas/018220-3.pdf,2026-06-12,,2,"Pedido de Cotización |““hez9o
Y N* 844
Municipalidad de

Quilmes Llamado N* 1 Ejercicio: 2022

Documento! | Compra. | Apertura
N*/Año
187/2022

Expediente

Dependencia Solicitante D Secretaria De Desa"
licitaciones,LiciPubli_040250-2_SinObjeto.pdf,https://quilmes.gov.ar/contrataciones/licpublicas/040250-2.pdf,2026-06-13,,2,"eS

Municipalidad de

N* 1446

Pedido de Cotización

Solicitud de pedido

N? 1494

Quilmes Llamado N* 1 Ejercicio: 2025
Documento | Compra Apertura
Tipo N*/Año o. Tipo N%/Año Día Mes Año Hora
Expedien"
licitaciones,LiciPubli_033240-2_SinObjeto.pdf,https://quilmes.gov.ar/contrataciones/licpublicas/033240-2.pdf,2026-06-13,,1,"QUILMES

GOBIERNO

2024-35"" Aniversario de la Universidad
Nacional de Quilmes

Dirección General de Contrataciones y Abastecimiento

Por medio de la presente, se deja constancia que la empresa
enn nnn"
licitaciones,LiciPubli_056230-2_SinObjeto.pdf,https://quilmes.gov.ar/contrataciones/licpublicas/056230-2.pdf,2026-06-13,,1,"QUILMES

GOBIERNO

2023 -40* Aniersaro de la Recuperación de la
Democracia

Dirección Gral. de Licitaciones

Por medio de la presente, se deja constancia que la empresa
enn nnnnnnnnncnnnnnnnncnnannnnn"
licitaciones,LiciPubli_052220-1_ServicioAlimentarioEscolar.pdf,https://quilmes.gov.ar/contrataciones/licpublicas/052220-1.pdf,2026-06-13,SERVICIO ALIMENTARIO ESCOLAR VALOR DEL...,89,"2022

QUILMES

GOBIERNO

a
2022 - 40* Aniversario de Malvinas

SECRETARIA DE EDUCACIÓN

APERTURA: 22/06/2022

HORA: 10:00

LICITACIÓN PÚBLICA N? 52/2022

DECRETO NP? 12022

OBJETO: SERVICIO ALIMENTARI"
licitaciones,LiciPubli_046240-3_MedicamentosParaZoonosisPeríodoDe.pdf,https://quilmes.gov.ar/contrataciones/licpublicas/046240-3.pdf,2026-06-13,“Medicamentos para zoonosis - Período...,12,"2024

QUILMES

GOBIERNO

2024-35"" Aniversario de la Universidad
Nacional de Quilmes

SECRETARÍA DE SALUD

APERTURA: 08/10/2024

OBJETO: “Medicamentos para zoonosis - Período de
consumo semestral”.

VA"
licitaciones,LiciPubli_013240-3_SinObjeto.pdf,https://quilmes.gov.ar/contrataciones/licpublicas/013240-3.pdf,2026-06-13,,4,"Solicitud de pedido

Pedido de Cotización o
N*744 ne

eS

Municipalidad de

Quilmes Llamado N* 1 Ejercicio: 2024
Documento | Compra Apertura
Tipo N*/Año Tipo N%/Año
Expediente 2.312/2024 | Licitación "
licitaciones,LiciPubli_035260-1_SinObjeto.pdf,https://quilmes.gov.ar/contrataciones/licpublicas/035260-1.pdf,2026-06-13,,4,"Pedido de Cotización
N* 1561

eS

Municipalidad de

Solicitud de pedido

N? 1600

Quilmes Llamado N* 1 Ejercicio: 2026
Documento | Compra Apertura
Tipo N*/Año o. Tipo N%/Año Día Mes Año Hora
Expedient"
licitaciones,LiciPubli_024260-2_SinObjeto.pdf,https://quilmes.gov.ar/contrataciones/licpublicas/024260-2.pdf,2026-06-13,,19,"2026

QUILMES
GOBIERNO

2026 - A SO AÑOS DE LA DICTADURA CÍVICO-MILITAR
MEMORIA, VERDAD Y JUSTICIA

SECRETARÍA DE AMBIENTE Y GESTIÓN IN AL DE
RESIDUOS SÓLIDOS URBANOS S.U.)

“O ÚBLICA N* 24/2026"
licitaciones,LiciPubli_017230-3_ElaboraciónDistribuciónDeComidasPara.pdf,https://quilmes.gov.ar/contrataciones/licpublicas/017230-3.pdf,2026-06-13,ELABORACIÓN Y DISTRIBUCIÓN DE COMIDAS...,50,"SECRETARÍA DE SALUD

APERTURA: 16/03/2023
HORA: 10:00

EXPEDIENTE N* 4091-928-D-2023

LICITACIÓN PÚBLICA N* 17/2023

DECRETO N* 12023

OBJETO: ELABORACIÓN Y DISTRIBUCIÓN DE COMIDAS PARA SER

REPARTIDA"
licitaciones,LiciPubli_020240-1_FeriaPlazaLaMadreInfraestructura.pdf,https://quilmes.gov.ar/contrataciones/licpublicas/020240-1.pdf,2026-06-13,“Feria - Plaza La Madre...,60,"SECRETARÍA DE DESARROLLO NA PÚBLICA

SY
ol

> O
LICITACIÓN PÚBLICA N? 20/2024
DN
DECRETON?  /2024

OBJETO: “Feria - Plaza La Madre (Infraestructura)”

VALOR DEL PLIEGO: $300.000,00.- (Pesos Tresciento"
licitaciones,LiciPubli_018240-3_HerramientasParaAlumbrado.pdf,https://quilmes.gov.ar/contrataciones/licpublicas/018240-3.pdf,2026-06-13,“HERRAMIENTAS PARA ALUMBRADO” VALOR DEL...,13,"2024

QUILMES

GOBIERNO

SECRETARÍA DE SERVICIOS PUBLICOS

APERTURA: 16/05/2024

DECRETO N? 12024

OBJETO: “HERRAMIENTAS PARA ALUMBRADO”

VALOR DEL PLIEGO: Gratuito"
licitaciones,LiciPubli_019220-1_NuevaCanchaTechadaDeUsos.pdf,https://quilmes.gov.ar/contrataciones/licpublicas/019220-1.pdf,2026-06-12,“Nueva Cancha Techada de Usos...,96,"2022

QUILMES

GOBIERNO

SECRETARÍA DE EDUCACIÓN

OBJETO: “Nueva Cancha Techada de Usos Múltiples, Escuela de
Educación Media N* 2”

VALOR DEL PLIEGO: $700.512,03.- (Pesos setecientos mil quinientos d"
licitaciones,LiciPubli_011240-3_AdquisiciónDeMaquinariasParaEl.pdf,https://quilmes.gov.ar/contrataciones/licpublicas/011240-3.pdf,2026-06-13,“ADQUISICIÓN DE MAQUINARIAS PARA EL...,13,"2024

O quinmes
> GOBIERNO

SECRETARÍA DE SERVICIOS PÚBLICOS

APERTURA: 27/03/2024
A A
EXPEDIENTE N* 4091-1822-D-2024

LICITACIÓN PÚBLICA N* 11/2024 222222

DECRETO N? 12024

OBJETO: “ADQUISICIÓN DE M"
licitaciones,LiciPubli_027250-2_SinObjeto.pdf,https://quilmes.gov.ar/contrataciones/licpublicas/027250-2.pdf,2026-06-13,,1,"QUILMES

GOBIERNO

Dirección General de Contrataciones y Abastecimiento

Por medio de la presente, se deja constancia que la empresa
enn nnnnnnnnncnnnnnnnncnnannnnninnnes efectuó la descarga en format"
licitaciones,LiciPubli_039220-2_SinObjeto.pdf,https://quilmes.gov.ar/contrataciones/licpublicas/039220-2.pdf,2026-06-13,,1,"QUILMES

GOBIERNO

Dirección Gral.de Licitaciones

Por medio de la presente, se deja constancia que la empresa
ennnnn nn nnnnnnnrnnnncnnnnnnnncnnnes efectuó la descarga en formato digital del Pliego d"
licitaciones,LiciPubli_080230-3_InsumosDestinadosPuntosSolidarios.pdf,https://quilmes.gov.ar/contrataciones/licpublicas/080230-3.pdf,2026-06-13,“Insumos destinados a puntos solidarios”...,13,"2023

QUILMES

GOBIERNO

sario de la Recuperación de la
jemocracia

SECRETARÍA DE NIÑEZ Y DESARROLLO SOCIAL

APERTURA:.28/08/2023

DECRETO N? 12023

OBJETO: “Insumos destinados a puntos solidarios”

V"
licitaciones,LiciPubli_050230-3_AdquisiciónInstalaciónPuesta.pdf,https://quilmes.gov.ar/contrataciones/licpublicas/050230-3.pdf,2026-06-13,"Adquisición, instalación y puesta funcionamiento...",17,"2023

QUILMES
GOBIERNO

de la Recuperación de la
cia

SECRETARÍA DE SERVICIOS PUBLICOS

APERTURA: 25/04/2023

HORA: 11:00

EXPEDIENTE N* 4091-3441-D-2023

LICITACIÓN PÚBLICA N* 50/2023

DECRETO N? 120"
licitaciones,LiciPubli_045230-1_RepavimentaciónAsfálticaCentroDeQuilmes.pdf,https://quilmes.gov.ar/contrataciones/licpublicas/045230-1.pdf,2026-06-13,Repavimentación asfáltica centro de Quilmes...,101,"SECRETARÍA DE DESARROLLO URBANO (DER PÚBLICA

cope

DECRETO N*_/202883__...

OBJETO: Repavimentación asfáltica centro de Quilmes - Etapa |

VALOR DEL PLIEGO: $300.000,00.- (Pesos Trescientos mil con'0"
licitaciones,LiciPubli_017230-1_SinObjeto.pdf,https://quilmes.gov.ar/contrataciones/licpublicas/017230-1.pdf,2026-06-13,,1,"Solicitud de pedido

Pedido de Cotización o
Ea N?2 599 N* 412

Municipalidad de

Quilmes Llamado N* 1 Ejercicio: 2023
Documento! | Compra. | Apertura
N*/Año N%/Año
Expediente 928/2023 17
12023

Depend"
licitaciones,LiciPubli_013240-4_AdquisicionDeArticulosDe.pdf,https://quilmes.gov.ar/contrataciones/licpublicas/013240-4.pdf,2026-06-13,“ADQUISICION DE ARTICULOS DE BS.AS....,2,"a»
CUIT 30-60380823-8
BB C.M. 918650067-7 Va O

Inicio de actividades: 06/05/1987

¡VA Responsable Inscripto

Agente Recaudación CABA 08224-7
Caja Nacional Prev Com 1366349
Registro Proveedores Provin"
licitaciones,LiciPubli_022240-2_SinObjeto.pdf,https://quilmes.gov.ar/contrataciones/licpublicas/022240-2.pdf,2026-06-13,,4,"Pedido de Cotización
N* 1553

eS

Municipalidad de

Solicitud de pedido

N? 1141

Quilmes Llamado N* 1 Ejercicio: 2024
Documento | Compra Apertura
Tipo N*/Año o. Tipo N%/Año Día Mes Año Hora
Expedient"
licitaciones,LiciPubli_025250-1_AdquisiciónDeMedicaciónDeSalud.pdf,https://quilmes.gov.ar/contrataciones/licpublicas/025250-1.pdf,2026-06-13,“ADQUISICIÓN DE MEDICACIÓN DE SALUD...,12,"SECRETARÍA DE SALUD

APERTURA: 03/04/2025

DECRETO N? 12025

OBJETO: “ADQUISICIÓN DE MEDICACIÓN DE SALUD MENTAL”

VALOR DEL PLIEGO: $102.933,00.- (Pesos Ciento dos mil novecientos treinta y
tres con 0"
licitaciones,LiciPubli_042240-1_SinObjeto.pdf,https://quilmes.gov.ar/contrataciones/licpublicas/042240-1.pdf,2026-06-13,,1,"Solicitud de pedido

Pedido de Cotización o
N2 2285 N* 2359
Llamado N? 1

Compra

eS

Municipalidad de
Quilmes

Ejercicio: 2024

Documento! |
Tipo N*/Año
Expediente 8.304/2024

Apertura

N/Año
42
1202"
licitaciones,LiciPubli_045250-1_PuestaEnValorPuente14.pdf,https://quilmes.gov.ar/contrataciones/licpublicas/045250-1.pdf,2026-06-13,“Puesta en valor — Puente...,101,"2025

QUILMES
GOBIERNO

2025 - HOMENAJE A LA MEMORIA Y LEGADO DE SU SANTIDAD PAPA FRANCISCO

SECRETARÍA DE DESARROLLO URBANO Y OBRA PÚBLICA

APERTURA: 15/07/2025

- EXPEDIENTE N*4091-5197-D-2025 1...
"
licitaciones,LiciPubli_069230-1_PolideportivoSanFranciscoSolano.pdf,https://quilmes.gov.ar/contrataciones/licpublicas/069230-1.pdf,2026-06-13,“Polideportivo San Francisco Solano” VALOR...,74,"2023

QUILMES

GOBIERNO

ur
2023 - 40” Aniversario de la Recuperación de la
Democracia

SECRETARÍA DE DESARROLLO URBANO (DER PÚBLICA

HORA: 12:00 xO

EXPEDIENTE Ñ9%091-5702-D-2023.

LIOgAGÍÓN PÚBLICA "
licitaciones,LiciPubli_002220-1_PuestaEnValorDelMuseo.pdf,https://quilmes.gov.ar/contrataciones/licpublicas/002220-1.pdf,2026-06-12,”PUESTA EN VALOR DEL MUSEO...,216,"SECRETARÍA DE CULTURA ES ORTES

9

APERTURA: 17/02/2022 e

Q

HORA: 10:00 SS

EXPEDIENTÉN? 4091-209-D-2022

¿gabión PÚBLICA N*02/2022

DECRETO N? 12022

OBJETO:”PUESTA EN VALOR DEL MUSEO DE ARTES VISU"
licitaciones,LiciPubli_011250-1_PlazaAraGeneralBelgrano.pdf,https://quilmes.gov.ar/contrataciones/licpublicas/011250-1.pdf,2026-06-13,“Plaza ARA General Belgrano” VALOR...,113,"SECRETARÍA DE DESARROLLO URBANO Y OBRA PÚBLICA

APERTURA: 05/03/2025

DECRETO'N? 12025

OBJETO: “Plaza ARA General Belgrano”

VALOR DEL PLIEGO: $300.000,00.- (Pesos Trescientos mil con 00/100).-"
licitaciones,LiciPubli_056230-3_AdquisiciónInstalaciónDeSistemaFotovoltaico.pdf,https://quilmes.gov.ar/contrataciones/licpublicas/056230-3.pdf,2026-06-13,Adquisición e instalación de sistema...,21,"2023

QUILMES

GOBIERNO

2023 - 40* Aniversario de la Recuperación de la
racia

SECRETARÍA DE AMBIENTE Y DESARROLLO SOSTENIBLE

APERTURA: 11/05/2023

DECRETO N* 12023

OBJETO: Adquisición e instalació"
licitaciones,LiciPubli_016240-1_SinObjeto.pdf,https://quilmes.gov.ar/contrataciones/licpublicas/016240-1.pdf,2026-06-13,,1,"Solicitud de pedido

Pedido de Cotización | — ye 905
N* 968
Llamado N' 1

Compra

eS

Municipalidad de
Quilmes

Ejercicio: 2024

Documento! |
Tipo N*/Año
Expediente 2.754/2024

Apertura

N%/Año
16
120"
licitaciones,LiciPubli_038240-2_SinObjeto.pdf,https://quilmes.gov.ar/contrataciones/licpublicas/038240-2.pdf,2026-06-13,,1,"QUILMES

GOBIERNO

2024-35"" Aniversario de la Universidad
Nacional de Quilmes

Quilmes, 13 de agosto de 2024

CIRCULAR SIN CONSULTA N* 1
LICITACION PÚBLICA N? 38/2024

“Pileta Semi Olímpica Cubierta e"
licitaciones,LiciPubli_035230-2_SinObjeto.pdf,https://quilmes.gov.ar/contrataciones/licpublicas/035230-2.pdf,2026-06-13,,1,"QUILMES

GOBIERNO

==
2023 - 40* Aniversario de la Recuperación de la
Democracia

Dirección Gral. de Licitaciones

Por medio de la presente, se deja constancia que la empresa
enn nnnnnnnnncnnnnnnnncnn"
licitaciones,LiciPubli_006240-4_SinObjeto.pdf,https://quilmes.gov.ar/contrataciones/licpublicas/006240-4.pdf,2026-06-13,,6,"Quilmes, 14 de febrero de 2024

CIRCULAR SIN CONSULTA N? 1
LICITACION PÚBLICA N? 06/2024

“Adquisición de kits escolares”

La Secretaría de Educación, Culturas y Deportes comunica la presente Circular"
licitaciones,LiciPubli_041250-3_AdquisiciónDeCamasColchones.pdf,https://quilmes.gov.ar/contrataciones/licpublicas/041250-3.pdf,2026-06-13,“ADQUISICIÓN DE CAMAS Y COLCHONES”...,13,"2025

O quinmes
> GOBIERNO

2025 - HOMENAJE A LA MEMORIA Y LEGADO DE SU SANTIDAD PAPA FRANCISCO

SECRETARÍA DE NIÑEZ Y DESARROLLO SOCIAL

HORA: 10:00

EXPEDIENTE N* 4091-4852-D-2025

LICITACIÓN PÚBLIC"
licitaciones,LiciPubli_050230-2_SinObjeto.pdf,https://quilmes.gov.ar/contrataciones/licpublicas/050230-2.pdf,2026-06-13,,1,"QUILMES

GOBIERNO

==
2023 - 40* Aniversario de la Recuperación de la
Democracia

Dirección Gral. de Licitaciones

Por medio de la presente, se deja constancia que la empresa
enn nnnnnnnnncnnnnnnnncnn"
licitaciones,LiciPubli_068230-1_SinObjeto.pdf,https://quilmes.gov.ar/contrataciones/licpublicas/068230-1.pdf,2026-06-13,,4,"Solicitud de pedido

Pedido de Cotización o
Ea N2 2111 N* 2000

Municipalidad de

Quilmes Llamado N* 1 Ejercicio: 2023
Documento | Compra Apertura
Tipo N*/Año o. Tipo N%/Año Día Mes Año Hora
Expedient"
licitaciones,LiciPubli_077230-2_SinObjeto.pdf,https://quilmes.gov.ar/contrataciones/licpublicas/077230-2.pdf,2026-06-13,,1,"QUILMES

GOBIERNO

2023 -40* Aniersaro de la Recuperación de la
Democracia

Dirección Gral. de Licitaciones

Por medio de la presente, se deja constancia que la empresa
enn nnnnnnnnncnnnnnnnncnnannnnn"
licitaciones,LiciPubli_017260-1_NuevoJardínDeInfantesEn.pdf,https://quilmes.gov.ar/contrataciones/licpublicas/017260-1.pdf,2026-06-13,NUEVO JARDÍN DE INFANTES EN...,153,"2026

QUILMES
GOBIERNO

VICO-MILTAR

SECRETARÍA DE EDUCACIÓN Y CULTURA

APERTURA: 16/04/2026

DECRETO N* 12026

Secreizno M4 A y Cuitura
Mamepájiyes 84 Bailmes

OBJETO: NUEVO JARDÍN DE INFANTES EN SOL"
licitaciones,LiciPubli_031250-1_SinObjeto.pdf,https://quilmes.gov.ar/contrataciones/licpublicas/031250-1.pdf,2026-06-13,,5,"ES

Municipalidad de
Quilmes

Pedido de Cotización N* 897
N* 923
Llamado N' 1

Solicitud de pedido

Ejercicio: 2025

Documento! | Compra.

Apertura

Expediente

Señor.....

Calle...

N*/Año
585/2025

"
licitaciones,LiciPubli_034240-1_FinalizaciónCentroDeDesarrolloInfantil.pdf,https://quilmes.gov.ar/contrataciones/licpublicas/034240-1.pdf,2026-06-13,“Finalización Centro de Desarrollo Infantil...,196,"OBJETO: “Finalización Centro de Desarrollo Infantil - Ezpeleta Este”

VALOR DEL PLIEGO: $300.000,00.- (Pesos Trescientos co 00/100).-

Ny

bano: Pública
V MUNICIPALIDAD DE QU! LES ES"
licitaciones,LiciPubli_018230-2_SinObjeto.pdf,https://quilmes.gov.ar/contrataciones/licpublicas/018230-2.pdf,2026-06-13,,1,"QUILMES

GOBIERNO

==
2023 - 40* Aniversario de la Recuperación de la
Democracia

Dirección Gral. de Licitaciones

Por medio de la presente, se deja constancia que la empresa
enn nnnnnnnnncnnnnnnnncnn"
licitaciones,LiciPubli_033250-2_SinObjeto.pdf,https://quilmes.gov.ar/contrataciones/licpublicas/033250-2.pdf,2026-06-13,,1,"QUILMES

GOBIERNO

Dirección General de Contrataciones y Abastecimiento

Por medio de la presente, se deja constancia que la empresa
enn nnnnnnnnncnnnnnnnncnnannnnninnnes efectuó la descarga en format"
licitaciones,LiciPubli_017240-2_SinObjeto.pdf,https://quilmes.gov.ar/contrataciones/licpublicas/017240-2.pdf,2026-06-13,,1,"QUILMES

GOBIERNO

Dirección General de Contrataciones y Abastecimiento

Por medio de la presente, se deja constancia que la empresa
enn nnnnnnnnncnnnnnnnncnnannnnninnnes efectuó la descarga en format"
licitaciones,LiciPubli_023240-2_HallEnHospitalMéndez.pdf,https://quilmes.gov.ar/contrataciones/licpublicas/023240-2.pdf,2026-06-13,“Hall en Hospital Méndez” VALOR...,41,"DECRETO N? 12024

OBJETO: “Hall en Hospital Méndez”

VALOR DEL PLIEGO: $300.000,00.- (Pesos Trescientos mil con 00/100).-

EY"
licitaciones,LiciPubli_034250-1_AdquisiciónDeMobiliarioParaEstablecimientos.pdf,https://quilmes.gov.ar/contrataciones/licpublicas/034250-1.pdf,2026-06-13,“Adquisición de mobiliario para establecimientos...,12,"SECRETARÍA DE EDUCACION, CULTURAS Y DEPORTES

APERTURA: 28/05/2025

DECRETO N? 12025

OBJETO: “Adquisición de mobiliario para establecimientos

educativos”

VALOR DEL PLIEGO: Gratuito"
licitaciones,LiciPubli_050220-3_SinObjeto.pdf,https://quilmes.gov.ar/contrataciones/licpublicas/050220-3.pdf,2026-06-13,,3,"Solicitud de pedido

Pedido de Cotización o
11 de N? 1766 N 1677

Quilmes Llamado N* 1 Ejercicio: 2022

Documento! | Compra. | Apertura
N*/Año Í
880/2022

Expediente

Dependencia Solicitante P Secreta"
licitaciones,LiciPubli_051230-3_NeumaticosParaVehiculos.pdf,https://quilmes.gov.ar/contrataciones/licpublicas/051230-3.pdf,2026-06-13,NEUMATICOS PARA VEHICULOS VALOR DEL...,13,"2023

QUILMES

GOBIERNO

ur
2023 - 40 Aniversario de la Recuperación de la

SECRETARÍA DE SERVICIOS PUBLICOS

APERTURA: 02/05/2023

HORA: 14000

EXPEDIENTE N? AO

OBJETO: NEUMATICOS PARA VEHICULOS
VAL"
licitaciones,LiciPubli_017220-2_SinObjeto.pdf,https://quilmes.gov.ar/contrataciones/licpublicas/017220-2.pdf,2026-06-12,,1,"QUILMES

GOBIERNO

Dirección Gral.de Licitaciones

Por medio de la presente, se deja constancia que la empresa
ennnnn nn nnnnnnnrnnnncnnnnnnnncnnnes efectuó la descarga en formato digital del Pliego d"
licitaciones,LiciPubli_018230-1_SinObjeto.pdf,https://quilmes.gov.ar/contrataciones/licpublicas/018230-1.pdf,2026-06-13,,1,"Solicitud de pedido

Pedido de Cotización o
Ea N9 570 N* 420

Municipalidad de

Quilmes Llamado N* 1 Ejercicio: 2023
Documento! | Compra. | Apertura
N*/Año N%/Año Día Mes Año
Expediente 927/2023 18 16"
licitaciones,LiciPubli_013250-2_SinObjeto.pdf,https://quilmes.gov.ar/contrataciones/licpublicas/013250-2.pdf,2026-06-13,,1,"QUILMES

GOBIERNO

Dirección General de Contrataciones y Abastecimiento

Por medio de la presente, se deja constancia que la empresa
eeennannnnnnnncnnnnnincnnnnnninicnnnd efectuó la descarga en format"
licitaciones,LiciPubli_028250-2_AdquisiciónDeInsumosDescartables.pdf,https://quilmes.gov.ar/contrataciones/licpublicas/028250-2.pdf,2026-06-13,“ADQUISICIÓN DE INSUMOS DESCARTABLES” VALOR...,12,"SECRETARÍA DE SALUD

APERTURA: 11/04/2028

HORA: 10:00

DECRETO N? 12025

OBJETO: “ADQUISICIÓN DE INSUMOS DESCARTABLES”

VALOR DEL PLIEGO: $156.768,00.- (Pesos Ciento cincuenta y seis mil setecientos
"
licitaciones,LiciPubli_021260-1_SinObjeto.pdf,https://quilmes.gov.ar/contrataciones/licpublicas/021260-1.pdf,2026-06-13,,8,"Solicitud de pedido

Pedido de Cotización o
Ea N2 905 N* 897

Municipalidad de

Quilmes Llamado N* 1 Ejercicio: 2026
Documento | Compra Apertura
Tipo N*/Año o. Tipo N%/Año Día Mes Año Hora
Expediente "
licitaciones,LiciPubli_017240-3_AdquisiciónDeArtículosParaTareas.pdf,https://quilmes.gov.ar/contrataciones/licpublicas/017240-3.pdf,2026-06-13,“Adquisición de artículos para tareas...,13,"2024

QUILMES

GOBIERNO

SECRETARÍA DE SERVICIOS PUBLICOS

APERTURA: 23/04/2024

DECRETO N? 12024

OBJETO: “Adquisición de artículos para tareas de barrido y
recolección de montículos”

VALOR DEL PLIE"
licitaciones,LiciPubli_002240-1_SinObjeto.pdf,https://quilmes.gov.ar/contrataciones/licpublicas/002240-1.pdf,2026-06-13,,1,"Solicitud de pedido

Pedido de Cotización o
N2 291 N* 245
Llamado N? 1

Compra

eS

Municipalidad de
Quilmes

Ejercicio: 2024

Documento! |
Tipo N*/Año
Expediente 616/2024

Apertura

N*/Año
2
12024

T"
licitaciones,LiciPubli_017220-1_LomosDeBurroAde.pdf,https://quilmes.gov.ar/contrataciones/licpublicas/017220-1.pdf,2026-06-12,LOMOS DE BURRO Y ADE...,14,"SECRETARIA DE SEGURIDAD URBANO Y
ORDENAMIENTO URBANO

APERTURA: 04/04/2022

HORA: 11:00

EXPEDIENTE N*4091-2183-D-2022

DECRETO N* 12022

VALOR DEL PLIEGO: Gratuito

OBJETO: LOMOS DE BURRO Y ADE"
licitaciones,LiciPubli_005250-1_PlazaLasLágrimas.pdf,https://quilmes.gov.ar/contrataciones/licpublicas/005250-1.pdf,2026-06-13,“Plaza Las Lágrimas” VALOR DEL...,102,"2025

UILMES

OBIERNO
ur

SECRETARÍA DE DESARROLLO URBANO Y OBRA'PÚBLICA

APERTURA: 28/02/2025

A,

DECRETO'N? 12025

OBJETO: “Plaza Las Lágrimas”

VALOR DEL PLIEGO: $300.000,00.- (Pesos Trescientos m"
licitaciones,LiciPubli_038250-1_PavimentaciónEnLaFloridaEtapa.pdf,https://quilmes.gov.ar/contrataciones/licpublicas/038250-1.pdf,2026-06-13,“Pavimentación en La Florida -...,105,"SECRETARÍA DE DESARROLLO URBANO Y OBRA PÚBLICA

APERTURA: O Y
HORA AO

EXPEDIENTE N? 4091-4163-D-2025

LICITACIÓN PÚBLICA N* 38/2025

DECRETON? 120288

OBJETO: “Pavimentación en La Florida - Etapa II”"
licitaciones,LiciPubli_043250-1_SinObjeto.pdf,https://quilmes.gov.ar/contrataciones/licpublicas/043250-1.pdf,2026-06-13,,103,"2025

QUILMES
GOBIERNO

2025 - HOMENAJE A LA MEMORIA Y LEGADO DE SU SANTIDAD PAPA FRANCISCO

SECRETARÍA DE DESARROLLO URBANO Y OBRA PÚBLICA

APERTURA: 08/07/2025

DECRETO N? 12025"
licitaciones,LiciPubli_030240-3_SinObjeto.pdf,https://quilmes.gov.ar/contrataciones/licpublicas/030240-3.pdf,2026-06-13,,1,"Solicitud de pedido

Pedido de Cotización o
N2 1654 N* 1634
Llamado N? 1

Compra

eS

Municipalidad de
Quilmes

Ejercicio: 2024

Documento! |
Tipo N*/Año
Expediente 5.484/2024

Apertura

N%/Año
30
120"
licitaciones,LiciPubli_049240-1_NuevoEdificioCef190.pdf,https://quilmes.gov.ar/contrataciones/licpublicas/049240-1.pdf,2026-06-13,“Nuevo Edificio C.E.F. N* 190”...,133,"2024

QUILMES

GOBIERNO
==

SECRETARÍA DE EDUCACIÓN, CULTURAS Y DEPORTES

APERTURA: 02/12/2024

DECRETO N* 12024

OBJETO: “Nuevo Edificio C.E.F. N* 190”

VALOR DEL PLIEGO: $300.000,00.- (Pesos Trescie"
licitaciones,LiciPubli_040230-1_SinObjeto.pdf,https://quilmes.gov.ar/contrataciones/licpublicas/040230-1.pdf,2026-06-13,,3,"Solicitud de pedido

Pedido de Cotización o
=S N* 1018 Wee

Municipalidad de

Quilmes Llamado N* 1 Ejercicio: 2023
Documento | Compra Apertura
Tipo N*/Año o. Tipo N%/Año Día Mes Año Hora
Expediente 2."
licitaciones,LiciPubli_004240-1_SinObjeto.pdf,https://quilmes.gov.ar/contrataciones/licpublicas/004240-1.pdf,2026-06-13,,2,"Pedido de Cotización | “es
eS N? 333 pa

Municipalidad de

Quilmes Llamado N* 1 Ejercicio: 2024
Documento | Compra Apertura
Tipo N*/Año o. Tipo N%/Año Día Mes Año Hora
Expediente 1.026/2024 | Licitaci"
licitaciones,LiciPubli_030240-1_AdquisiciónInstalaciónDePuestosPara.pdf,https://quilmes.gov.ar/contrataciones/licpublicas/030240-1.pdf,2026-06-13,“Adquisición e instalación de puestos...,20,"2024

QUILMES

SOBFERNO

2024. 25""Aniversario dela Universidad:
'Nacienal-dé Quilmes

AGENCIA DE FISCALIZACION, CONTROL COMUNAL Y
DESARROLLO ECONOMICO

APERTURA: 02/07/2024

DECRETO N? 12024

OBJETO: "
licitaciones,LiciPubli_040220-1_ServicioDeMantenimientoDelSistema.pdf,https://quilmes.gov.ar/contrataciones/licpublicas/040220-1.pdf,2026-06-13,SERVICIO DE MANTENIMIENTO DEL SISTEMA...,14,"2022

O quitMes
GOBIERNO

ur

SECRETARÍA DE SEGURIDAD Y ORDENAMIENTO URBANO

APERTURA: 27/05/2022

HORA: 11:00

LICITACIÓN PÚBLICA N* 40/2022

REE. A

OBJETO: SERVICIO DE MANTENIMIENTO DEL SISTEMA DE "
licitaciones,LiciPubli_020260-1_SinObjeto.pdf,https://quilmes.gov.ar/contrataciones/licpublicas/020260-1.pdf,2026-06-13,,1,"Solicitud de pedido

Pedido de Cotización o
N* 1024 jas
Llamado N? 1

Compra

eS

Municipalidad de
Quilmes

Ejercicio: 2026

Documento! |
Tipo N*/Año
Expediente 2.651/2026

Apertura

N%/Año
20
12026

"
licitaciones,LiciPubli_005240-2_SinObjeto.pdf,https://quilmes.gov.ar/contrataciones/licpublicas/005240-2.pdf,2026-06-13,,1,"QUILMES

GOBIERNO

Dirección General de Contrataciones y Abastecimiento

Por medio de la presente, se deja constancia que la empresa
enn nnnnnnnnncnnnnnnnncnnannnnninnnes efectuó la descarga en format"
licitaciones,LiciPubli_064230-2_SinObjeto.pdf,https://quilmes.gov.ar/contrataciones/licpublicas/064230-2.pdf,2026-06-13,,1,"QUILMES

GOBIERNO

2023 - 40* Aniversario de la Recuperación de la
Democracia

Dirección Gral. de Licitaciones

Por medio de la presente, se deja constancia que la empresa
A efectuó la descarga en for"
licitaciones,LiciPubli_003230-2_SinObjeto.pdf,https://quilmes.gov.ar/contrataciones/licpublicas/003230-2.pdf,2026-06-13,,1,"QUILMES

GOBIERNO

==
2023 - 40* Aniversario de la Recuperación de la
Democracia

Dirección Gral. de Licitaciones

Por medio de la presente, se deja constancia que la empresa
enn nnnnnnnnncnnnnnnnncnn"
licitaciones,LiciPubli_006250-1_SinObjeto.pdf,https://quilmes.gov.ar/contrataciones/licpublicas/006250-1.pdf,2026-06-13,,2,"Solicitud de pedido

Pedido de Cotización o
MM N? 285 N 299

Quilmes Llamado N* 1 Ejercicio: 2025

Documento! | Compra. | Apertura
N*/Año
668/2025

Expediente

Dependencia Solicitante P Secretaria de "
licitaciones,LiciPubli_009240-3_AdquisiciónDeMaterialesParaEl.pdf,https://quilmes.gov.ar/contrataciones/licpublicas/009240-3.pdf,2026-06-13,“ADQUISICIÓN DE MATERIALES PARA EL...,13,"2024

O quiLmes
> GOBIERNO

SECRETARÍA DE SERVICIOS PÚBLICOS

APERTURA: 27/03/2024
A
EXPEDIENTE N” 4091-1681-D-2024

LICITACIÓN PÚBLICA N* 09/2024 0

DECRETO N? 12024

OBJETO: “ADQUISICIÓN DE MATERIAL"
licitaciones,LiciPubli_008250-2_SinObjeto.pdf,https://quilmes.gov.ar/contrataciones/licpublicas/008250-2.pdf,2026-06-13,,1,"QUILMES

GOBIERNO

Dirección General de Contrataciones y Abastecimiento

Por medio de la presente, se deja constancia que la empresa
eeennannnnnnnncnnnnnincnnnnnninicnnnd efectuó la descarga en format"
licitaciones,LiciPubli_060230-1_RefacciónIntegralParqueCentenario.pdf,https://quilmes.gov.ar/contrataciones/licpublicas/060230-1.pdf,2026-06-13,“REFACCIÓN INTEGRAL PARQUE CENTENARIO -—...,138,"SECRETARÍA DE DESARROLLO URBANO Der PÚBLICA

>

o)

EXPEDIENTE ÑÍ% 4091-4221-D-2023. |

voi PÚBLICA N%60/2023.

DECRETO N* 120280

OBJETO: “REFACCIÓN INTEGRAL PARQUE CENTENARIO -—
EZPELETA”

VALOR DEL"
licitaciones,LiciPubli_037250-3_SinObjeto.pdf,https://quilmes.gov.ar/contrataciones/licpublicas/037250-3.pdf,2026-06-13,,5,"Solicitud de pedido

Pedido de Cotización o
1-1 de N? 1285 N 1293

Quilmes Llamado N* 1 Ejercicio: 2025

Documento | Compra. | Apertura
N/Año
002/2025

Expediente

Dependencia Solicitante FONDO DE FIN"
licitaciones,LiciPubli_047220-2_SinObjeto.pdf,https://quilmes.gov.ar/contrataciones/licpublicas/047220-2.pdf,2026-06-13,,1,"QUILMES

GOBIERNO

Dirección Gral.de Licitaciones

Por medio de la presente, se deja constancia que la empresa
ennnnn nn nnnnnnnrnnnncnnnnnnnncnnnes efectuó la descarga en formato digital del Pliego d"
licitaciones,LiciPubli_032230-1_SinObjeto.pdf,https://quilmes.gov.ar/contrataciones/licpublicas/032230-1.pdf,2026-06-13,,2,"Solicitud de pedido

Pedido de Cotización | yy 636
N* 952
Llamado N' 1

Documento! | Compra

eS

Municipalidad de
Quilmes

Ejercicio: 2023

Apertura

Tipo N*/Año Tipo N%/Año
Expediente 1.702/2023 | Li"
licitaciones,LiciPubli_025240-2_SinObjeto.pdf,https://quilmes.gov.ar/contrataciones/licpublicas/025240-2.pdf,2026-06-13,,1,"QUILMES

GOBIERNO

2024-35"" Aniversario de la Universidad
Nacional de Quilmes

Dirección General de Contrataciones y Abastecimiento

Por medio de la presente, se deja constancia que la empresa
enn nnn"
licitaciones,LiciPubli_018220-2_SinObjeto.pdf,https://quilmes.gov.ar/contrataciones/licpublicas/018220-2.pdf,2026-06-12,,1,"QUILMES

GOBIERNO

Dirección Gral.de Licitaciones

Por medio de la presente, se deja constancia que la empresa
ennnnn nn nnnnnnnrnnnncnnnnnnnncnnnes efectuó la descarga en formato digital del Pliego d"
licitaciones,LiciPubli_006250-3_AdquisiciónDeHerramientasParaTareas.pdf,https://quilmes.gov.ar/contrataciones/licpublicas/006250-3.pdf,2026-06-13,“Adquisición de herramientas para tareas...,12,"SECRETARÍA DE SERVICIOS PÚBLICOS

APERTURA: 28/02/2025

DECRETO N? 12025

OBJETO: “Adquisición de herramientas para tareas de

desmalezado y poda”

VALOR DEL PLIEGO: Gratuito

1€. Sebastián García
Sec"
licitaciones,LiciPubli_061230-2_SinObjeto.pdf,https://quilmes.gov.ar/contrataciones/licpublicas/061230-2.pdf,2026-06-13,,1,"QUILMES

GOBIERNO

2023 -40* Aniersaro de la Recuperación de la
Democracia

Dirección Gral. de Licitaciones

Por medio de la presente, se deja constancia que la empresa
enn nnnnnnnnncnnnnnnnncnnannnnn"
licitaciones,LiciPubli_051230-1_SinObjeto.pdf,https://quilmes.gov.ar/contrataciones/licpublicas/051230-1.pdf,2026-06-13,,2,"Pedido de Cotización | “ese
Ea N2 4 602 N* 1528

Municipalidad de

Quilmes Llamado N* 1 Ejercicio: 2023
Documento | Compra Apertura
Tipo N*/Año o. Tipo N%/Año Día Mes Año Hora
Expediente 3.881/2023 | "
licitaciones,LiciPubli_015240-1_SinObjeto.pdf,https://quilmes.gov.ar/contrataciones/licpublicas/015240-1.pdf,2026-06-13,,1,"Solicitud de pedido

Pedido de Cotización N? 809
N* 819
Llamado N' 1

eS

Municipalidad de

Ejercicio: 2024

Quilmes
Documento | Compra Apertura
Tipo N*/Año Tipo N%/Año
Expediente 2.448/2024 Licitació"
licitaciones,LiciPubli_027250-3_SinObjeto.pdf,https://quilmes.gov.ar/contrataciones/licpublicas/027250-3.pdf,2026-06-13,,1,"Solicitud de pedido

Pedido de Cotización o
N 654 ve

eS

Municipalidad de

Quilmes Llamado N' 1 Ejercicio: 2025
Documento | Compra
Tipo N/Año o. Tipo No/Año
Expediente 1.938/2025 | Licitación Pública"
licitaciones,LiciPubli_019250-2_SinObjeto.pdf,https://quilmes.gov.ar/contrataciones/licpublicas/019250-2.pdf,2026-06-13,,1,"QUILMES

GOBIERNO

Dirección General de Contrataciones y Abastecimiento

Por medio de la presente, se deja constancia que la empresa
enn nnnnnnnnncnnnnnnnncnnannnnninnnes efectuó la descarga en format"
licitaciones,LiciPubli_040230-3_RepuestosParaComputadorasDeLa.pdf,https://quilmes.gov.ar/contrataciones/licpublicas/040230-3.pdf,2026-06-13,REPUESTOS PARA COMPUTADORAS DE LA...,14,"2023

O QuiLMes
po GOBIERNO

2023 - 40"" Aniversario de la Recuperación de la
mocracia

JEFATURA DE GABINETE

APERTURA: 13/04/2023
HORA: 10:00

EXPEDIENTE N? 4091-2263-D-2023

LICITACIÓN PÚBLICA N* 40/"
licitaciones,LiciPubli_042240-3_ProvisiónInstalaciónDeOxígenoLíquido.pdf,https://quilmes.gov.ar/contrataciones/licpublicas/042240-3.pdf,2026-06-13,“Provisión e instalación de Oxígeno...,13,"OBIERNO

2024-35"" Aniversario de la Universidad
Nacional de Quilmes.

SECRETARÍA DE SALUD

APERTURA: 18/09/2024

DECRETO N? 12024

OBJETO: “Provisión e instalación de Oxígeno líquido para el

Hospital"
licitaciones,LiciPubli_021220-1_ProvisiónColocaciónDeArtefactos.pdf,https://quilmes.gov.ar/contrataciones/licpublicas/021220-1.pdf,2026-06-12,PROVISIÓN Y COLOCACIÓN DE ARTEFACTOS...,37,"2022

QUILMES

GOBIERNO

SECRETARÍA DE DESARROLLO URBANO Y OBRA
PUBLICA DS
Y
ros
SS
%

HORA: 12:00 Q

APERTURA: 04/04/2022

xO

EXPEDIENTE Ne DR-10s78-0-2021

Y

LIT gión PÚBLICA N' 21/2022 Ñ
Só
Quero"
licitaciones,LiciPubli_033220-1_SinObjeto.pdf,https://quilmes.gov.ar/contrataciones/licpublicas/033220-1.pdf,2026-06-12,,394,"PLIEGO

DE LICITACI :
PARA LA C TACIÓN
DE OBR

BUENOS'AIRES

procifdn MEJORAMIENTO DE BARRIOS Iv
Sad DE PRÉSTAMO 3458/15 OC-AR

CREARA RPUBLICA
mí A SADDZ QUILMES:

ys"
licitaciones,LiciPubli_026240-1_ReadecuaciónCapsLaLoma.pdf,https://quilmes.gov.ar/contrataciones/licpublicas/026240-1.pdf,2026-06-13,“Readecuación CAPS: La Loma” A...,189,"2024

QUILMES

GOBIERNO

2024-35” Aniversario de la Universidad
Nacional de Quilmes

SECRETARÍA DE DESARROLLO UBAGO Y OBRA PÚBLICA

— EXPED

LióR 'ACIÓN PÚBLICA N* 26/2024

DECRETO N? 12024

OBJETO: “"
licitaciones,LiciPubli_072230-1_CentroDeDesarrolloInfantilSolano.pdf,https://quilmes.gov.ar/contrataciones/licpublicas/072230-1.pdf,2026-06-13,“Centro de Desarrollo Infantil -...,134,"SECRETARÍA DE DESARROLLO URSANO Gara PÚBLICA
>

APERTURA: 23/06/2023 eS o

Q

e MN SS

EXPEDIENTE Ñ?4091-5998-D-2023.

LIOgARiÓN PÚBLICA N 72/2028.

DECRETON?  /2023

OBJETO: “Centro de Desarrollo Inf"
licitaciones,LiciPubli_037250-1_ServicioAlimentarioEscolarMesaBonaerense.pdf,https://quilmes.gov.ar/contrataciones/licpublicas/037250-1.pdf,2026-06-13,SERVICIO ALIMENTARIO ESCOLAR Y MESA...,86,"2025

QUILMES

GOBIERNO

SECRETARIA DE EDUCACIÓN, CULTURAS Y DEPORTES

APERTURA: 29/05/2025

HORA: 10:00

EXPEDIENTE N*: 4091-4002-D-2025

LICITACIÓN PÚBLICA N0: 37/2025

DECRETO N': 12025

OBJETO: SE"
licitaciones,LiciPubli_008250-3_ProvisiónInstalaciónDeOxígenoLíquido.pdf,https://quilmes.gov.ar/contrataciones/licpublicas/008250-3.pdf,2026-06-13,“Provisión e instalación de oxígeno...,14,"SECRETARÍA DE SALUD

APERTURA: 14/02/2025

DECRETO N? 12025

OBJETO: “Provisión e instalación de oxígeno líquido para el
Hospital Dr. Eduardo Oller, incluye materiales y

mantenimiento”

VALOR DEL PLI"
licitaciones,LiciPubli_078230-1_SinObjeto.pdf,https://quilmes.gov.ar/contrataciones/licpublicas/078230-1.pdf,2026-06-13,,2,"Solicitud de pedido

Pedido de Cotización o
Ea N2 2660 N* 2607

Municipalidad de

Quilmes Llamado N* 1 Ejercicio: 2023
Documento | Compra Apertura
Tipo N*/Año o. Tipo N%/Año Día Mes Año Hora
Expedient"
licitaciones,LiciPubli_012240-1_AdquisiciónDeMaterialesEléctricos.pdf,https://quilmes.gov.ar/contrataciones/licpublicas/012240-1.pdf,2026-06-13,“Adquisición de materiales eléctricos” VALOR...,22,"2024

O) QuiLMES
> GOBIERNO

SECRETARÍA DE SERVICIOS fÍBLICOS
>

OBJETO: “Adquisición de materiales eléctricos”

VALOR DEL PLIEGO: $500.000,00.- (Pesos Quinientos mil con 00/100).-

pasta: are
e csári"
licitaciones,LiciPubli_047240-3_SinObjeto.pdf,https://quilmes.gov.ar/contrataciones/licpublicas/047240-3.pdf,2026-06-13,,1,"Solicitud de pedido

Pedido de Cotización o
N* 2679 2440
Llamado N? 1

Compra

eS

Municipalidad de
Quilmes

Ejercicio: 2024

Documento! |
Tipo N*/Año
Expediente 8.725/2024

Apertura

N/Año
47
12024

"
licitaciones,LiciPubli_001220-2_SinObjeto.pdf,https://quilmes.gov.ar/contrataciones/licpublicas/001220-2.pdf,2026-06-12,,1,"QUILMES

GOBIERNO
Dirección Gral. de Licitaciones

Por medio de la presente, se deja constancia que la empresa
ennnnn nn nnnnnnnrnnnncnnnnnnnncnnnes efectuó la descarga en formato digital del Pliego d"
licitaciones,LiciPubli_026230-3_HerramientasParaSerUtilizadasPor.pdf,https://quilmes.gov.ar/contrataciones/licpublicas/026230-3.pdf,2026-06-13,“Herramientas para ser utilizadas por...,13,"2023

QUILMES

GOBIERNO

2023 - 40"" Anive

Democri

SECRETARÍA DE SERVICIOS PUBLICOS

APERTURA: 22/03/2023

HORA: 11:00

EXPEDIENTE N* 4091-1219-D-2023

LICITACIÓN PÚBLICA N* 26/2023

DECRETO N?-  /20"
licitaciones,LiciPubli_026250-1_AdquisiciónDeInsumosMédicosPara.pdf,https://quilmes.gov.ar/contrataciones/licpublicas/026250-1.pdf,2026-06-13,“Adquisición de insumos médicos para...,12,"SECRETARÍA DE SALUD

APERTURA: 28/03/2025

DECRETO/N? 12025

OBJETO: “Adquisición de insumos médicos para las

dependencias de la Secretaría de Salud”

VALOR DEL PLIEGO: $497.065,00.- (Pesos Cuatrocie"
licitaciones,LiciPubli_033230-1_SinObjeto.pdf,https://quilmes.gov.ar/contrataciones/licpublicas/033230-1.pdf,2026-06-13,,1,"Solicitud de pedido

Pedido de Cotización o
N2 882 N* 732

eS

Municipalidad de

Quilmes Llamado N* 1 Ejercicio: 2023
Documento Compra Apertura
Tipo N*/Año ) Tipo N%/Año
Expediente 1.733/2023 Licitaci"
licitaciones,LiciPubli_017230-2_SinObjeto.pdf,https://quilmes.gov.ar/contrataciones/licpublicas/017230-2.pdf,2026-06-13,,1,"QUILMES

GOBIERNO

==
2023 - 40* Aniversario de la Recuperación de la
Democracia

Dirección Gral. de Licitaciones

Por medio de la presente, se deja constancia que la empresa
enn nnnnnnnnncnnnnnnnncnn"
licitaciones,LiciPubli_036240-2_AdquisiciónDeInsumosMédicosPara.pdf,https://quilmes.gov.ar/contrataciones/licpublicas/036240-2.pdf,2026-06-13,“Adquisición de insumos médicos para...,13,"2024

QUILMES

GOBIERNO

2024-35* Aniversario de la Universidad
Nacional de Quilmes

SECRETARÍA DE SALUD

APERTURA: 23/08/2024

DECRETO N? 12024

OBJETO: “Adquisición de insumos médicos para la atenci"
licitaciones,LiciPubli_046250-1_PavimentaciónEnBernalOesteEtapa.pdf,https://quilmes.gov.ar/contrataciones/licpublicas/046250-1.pdf,2026-06-13,“Pavimentación en Bernal Oeste -...,105,"2025

QUILMES

GOBIERNO
=>
2025 - HOMENAJE A LA MEMORIA Y LEGADO DE SU SANTIDAD PAPA FRANCISCO

SECRETARÍA DE DESARROLLO URBANO Y OBRA PÚBLICA

APERTURA: 21/07/2025

OBJETO: “Pavimentación en Bernal O"
licitaciones,LiciPubli_004230-3_SinObjeto.pdf,https://quilmes.gov.ar/contrataciones/licpublicas/004230-3.pdf,2026-06-13,,1,"Solicitud de pedido

Pedido de Cotización |” yy 283
N* 512
Llamado N' 1

Compra

eS

Municipalidad de
Quilmes

Ejercicio: 2023

Documento! |
Tipo N*/Año
Expediente 514/2023

Apertura

N/Año
4
12023

T"
licitaciones,LiciPubli_014240-1_NuevoPórticoDeAccesoParque.pdf,https://quilmes.gov.ar/contrataciones/licpublicas/014240-1.pdf,2026-06-13,“NUEVO PÓRTICO DE ACCESO -...,76,"OBJETO: “NUEVO PÓRTICO DE ACCESO - PARQUE DE LA RIBERA”

VALOR DEL PLIEGO: $300.000,00.- (Pesos trescientos mil con 00/100).-
y

N
Ñ

. CECILIA SOLER
ARA DESARROLLO

URBANO Y OBRA PUBLICA
MUNICIPALIDA"
licitaciones,LiciPubli_026220-3_SinObjeto.pdf,https://quilmes.gov.ar/contrataciones/licpublicas/026220-3.pdf,2026-06-12,,1,"Pedido de Cotización |““he9so
d N? 960
Municipalidad de

Quilmes Llamado N* 1 Ejercicio: 2022

Documento! | Compra. | Apertura
N*/Año
821/2022

Expediente

Dependencia Solicitante J Jefatura De Gabine"
licitaciones,LiciPubli_054230-1_BacheoSuperficialEnConcretoAsfáltico.pdf,https://quilmes.gov.ar/contrataciones/licpublicas/054230-1.pdf,2026-06-13,BACHEO SUPERFICIAL EN CONCRETO ASFÁLTICO...,54,")emocracia

SECRETARÍA DE SERVICIOS PÚBEICOS
>

0)

O
«0

APERTURA: 17/05I2025 ___X

HORA: 10:00 xO

O

EXPEDIENTE 4091-3682-D-2023

ucgagióN PÚBLICA N*54/2023...

DECRETO N*  /2023

OBJETO: BACHEO SU"
licitaciones,LiciPubli_021250-1_SinObjeto.pdf,https://quilmes.gov.ar/contrataciones/licpublicas/021250-1.pdf,2026-06-13,,1,"Solicitud de pedido

Pedido de Cotización o
N2 427 N* 470
Llamado N? 1

Compra

eS

Municipalidad de
Quilmes

Ejercicio: 2025

Documento! |
Tipo N*/Año
Expediente 1.326/2025

Apertura

N%/Año
21
12025"
licitaciones,LiciPubli_034230-3_AceiteParaVehiculosPertenecientesLa.pdf,https://quilmes.gov.ar/contrataciones/licpublicas/034230-3.pdf,2026-06-13,ACEITE PARA VEHICULOS PERTENECIENTES A...,13,"2023

QUILMES

GOBIERNO

SECRETARÍA DE G.!.R.S.U

HORA: 10:00.

EXPEDIENTE N? 4091-1669-D-2023

LICITACIÓN PÚBLICA N* 34/2023

DO A

OBJETO: ACEITE PARA VEHICULOS PERTENECIENTES A LA SECRETARIA

VALOR"
licitaciones,LiciPubli_047240-1_MódulosAlimentariosParaSerEntregados.pdf,https://quilmes.gov.ar/contrataciones/licpublicas/047240-1.pdf,2026-06-13,“Módulos alimentarios para ser entregados...,13,"2024

QUILMES

GOBIERNO

2024-35"" Aniversario de la Universidad
Nacional. de Quilmes

SECRETARÍA DE NIÑEZ Y DESARROLLO SOCIAL

APERTURA: 08/10/2024

OBJETO: “Módulos alimentarios para ser entregados a"
licitaciones,LiciPubli_049230-2_SinObjeto.pdf,https://quilmes.gov.ar/contrataciones/licpublicas/049230-2.pdf,2026-06-13,,1,"QUILMES

GOBIERNO

==
2023 - 40* Aniversario de la Recuperación de la
Democracia

Dirección Gral. de Licitaciones

Por medio de la presente, se deja constancia que la empresa
enn nnnnnnnnncnnnnnnnncnn"
licitaciones,LiciPubli_023250-2_SinObjeto.pdf,https://quilmes.gov.ar/contrataciones/licpublicas/023250-2.pdf,2026-06-13,,1,"Solicitud de pedido

Pedido de Cotización |” yeso
N* 629
Llamado N' 1

Compra

eS

Municipalidad de
Quilmes

Ejercicio: 2025

Documento! |
Tipo N*/Año
Expediente 1.388/2025

Apertura

N%/Año
23
12025
"
licitaciones,LiciPubli_003220-2_SinObjeto.pdf,https://quilmes.gov.ar/contrataciones/licpublicas/003220-2.pdf,2026-06-12,,1,"QUILMES

GOBIERNO

Dirección Gral. de Licitaciones

Por medio de la presente, se deja constancia que la empresa
ÓN efectuó la descarga en formato digital del Pliego de
Bases y Condiciones Generales y "
licitaciones,LiciPubli_029260-1_RemediaciónDelSistemaDeIluminación.pdf,https://quilmes.gov.ar/contrataciones/licpublicas/029260-1.pdf,2026-06-13,“Remediación del Sistema de Iluminación...,64,"2026

QUILMES
GOBIERNO

2025 - ASO AÑOS DE La DICTADURA CÍVICO-MILITAR
MEMORIA, VERDAD Y JUSTICIA

SECRETARÍA DE DESARROLLO URBANO YÍOBRA PÚBLICA

APERTURA: 18/05/2026
HORA

EXPEDIENTE” 4091-2815-D-20"
licitaciones,LiciPubli_046240-1_SinObjeto.pdf,https://quilmes.gov.ar/contrataciones/licpublicas/046240-1.pdf,2026-06-13,,4,"Pedido de Cotización | “oe
Ea N2 2663 N* 2587

Municipalidad de

Quilmes Llamado N* 1 Ejercicio: 2024
Documento | Compra Apertura
Tipo N*/Año o. Tipo N%/Año Día Mes Año Hora
Expediente 9.017/2024 | Li"
licitaciones,LiciPubli_055230-3_ReductoresDeVelocidad.pdf,https://quilmes.gov.ar/contrataciones/licpublicas/055230-3.pdf,2026-06-13,“Reductores de velocidad” VALOR DEL...,13,"2023

QUILMES

CLOWBAFE RINTO

e
2023 - 40* Aniversario de la Recuperación de la
Democracia

SECRETARÍA DE SERVICIOS PÚBLICOS

APERTURA: 11/05/2023
HORA: 11:00

EXPEDIENTE N* 4091-4136-D-2023

LICITAC"
licitaciones,LiciPubli_048220-1_RefaccionSumDeLaComunidad.pdf,https://quilmes.gov.ar/contrataciones/licpublicas/048220-1.pdf,2026-06-13,REFACCION SUM DE LA COMUNIDAD...,37,"2022
0) UILMES
> GOBIERNO

SECRETARÍA DE NIÑEZ Y DESARRO SOCIAL

S
SP
APERTURA: 23/06/2022 Sá o

Se

HORA: 10:00

o

EXPEDIENTE Ñ%4091-4403-D-2022

] (0)
LogER PÚBLICA N* 48/2022

DECRETO N?  /2022

O"
licitaciones,LiciPubli_029220-1_TerminaciónDe80ViviendasEn.pdf,https://quilmes.gov.ar/contrataciones/licpublicas/029220-1.pdf,2026-06-12,“Terminación de 80 viviendas en...,102,"2022
0) UILMES
GOBIERNO
SECRETARÍA DE DESARROLLO URBANO VOBRA PÚBLICA

APERTURA: 29/04/2022

DECRETO N* ./2022_._._._..

OBJETO: “Terminación de 80 viviendas en Dorrego - Etapa |”

N
VALOR DEL PLIEGO:"
licitaciones,LiciPubli_003230-1_AdquisiciónDeKitsEscolares.pdf,https://quilmes.gov.ar/contrataciones/licpublicas/003230-1.pdf,2026-06-13,ADQUISICIÓN DE KITS ESCOLARES ESTABLECIMIENTOS...,48,"2023

QUILMES

GOBIERNO

aa
2023 - 40* Aniversario de la Recuperación de la
Democracia

SECRETARÍA DE EDUCACION

HORA: 12:00

EXPEDIENTE N” 4091-508-D-2023

LICITACIÓN PÚBLICA N* 03/2023

DECRETO NOA "
licitaciones,LiciPubli_025240-1_SinObjeto.pdf,https://quilmes.gov.ar/contrataciones/licpublicas/025240-1.pdf,2026-06-13,,5,"Pedido de Cotización
N* 1585

eS

Municipalidad de

Solicitud de pedido

N* 1527

Quilmes Llamado N* 1 Ejercicio: 2024
Documento | Compra Apertura
Tipo N*/Año o. Tipo N%/Año Día Mes Año Hora
Expedient"
licitaciones,LiciPubli_048240-1_CentroCulturalLapi.pdf,https://quilmes.gov.ar/contrataciones/licpublicas/048240-1.pdf,2026-06-13,“Centro Cultural lAPI” VALOR DEL...,137,"SECRETARÍA DE DESARROLLO URBANO Y OBRA PÚBLICA

APERTURA: 04/11/2024

DECRETO N? 12024

OBJETO: “Centro Cultural lAPI”

VALOR DEL PLIEGO: $300.000,00.- (Pesos Trescientos mil con 00/100).-"
licitaciones,LiciPubli_028240-3_AdquisiciónDeChapasGalvanizadasAlfajías.pdf,https://quilmes.gov.ar/contrataciones/licpublicas/028240-3.pdf,2026-06-13,“Adquisición de chapas galvanizadas y...,13,"2024

'0) QUILMES
GOBIERNO
e

2024 -35* Aniversario dela Universidad
Nacional de Quilmes

SECRETARÍA DE NIÑEZ Y DESARROLLO SOCIAL

APERTURA: 28/06/2024

DECRETO N? 12024

OBJETO: “Adquisición de chapa"
licitaciones,LiciPubli_021250-3_AdquisiciónDeConcretoAsfáltico.pdf,https://quilmes.gov.ar/contrataciones/licpublicas/021250-3.pdf,2026-06-13,“ADQUISICIÓN DE CONCRETO ASFÁLTICO Y...,12,"SECRETARÍA DE SERVICIOS PÚBLICOS

APERTURA: 12/03/2088

A

EXPEDIENTE Na

LICITACIÓN PÚBLICA N.? 21/2025

DECRETO N? 12025

OBJETO: “ADQUISICIÓN DE CONCRETO ASFÁLTICO Y
EMULSIÓN LÍQUIDA”

VALOR DEL PL"
licitaciones,LiciPubli_036260-2_AdquisiciónDeCamasColchonesFrazadas.pdf,https://quilmes.gov.ar/contrataciones/licpublicas/036260-2.pdf,2026-06-13,"“ADQUISICIÓN DE CAMAS, COLCHONES Y...",13,"2026

Ó QUILMES
GOBIERNO
a
2026-2550 4KOS DE LA DICTADURA CÍVICO-MIUTAR
MEMORIA, VERDAD Y JUSTICIA

SECRETARÍA DE NIÑEZ Y DESARROLLO.SOCIAL

APERTURA: 30/06/2026

OBJETO: “ADQUISICIÓN DE CAMAS, COLCHO"
licitaciones,LiciPubli_041230-1_RecuperaciónUrbanaBarrioSanMartín.pdf,https://quilmes.gov.ar/contrataciones/licpublicas/041230-1.pdf,2026-06-13,“Recuperación urbana Barrio San Martín”...,118,"SECRETARÍA DE DESARROLLO URSANO Gara PÚBLICA

IS
A
rá
Sl

HORA: 10:00 xO

APERTURA: 23/06/2023

vos PÚBLICA N? 41/2023 Tercer llamado

DECRETON?"" — /2023

OBJETO: “Recuperación urbana Barrio San Martí"
licitaciones,LiciPubli_036260-1_SinObjeto.pdf,https://quilmes.gov.ar/contrataciones/licpublicas/036260-1.pdf,2026-06-13,,1,"Solicitud de pedido

Pedido de Cotización o
N* 1550 neo
Llamado N? 1

Compra

eS

Municipalidad de
Quilmes

Ejercicio: 2026

Documento! |
Tipo N*/Año
Expediente 4.401/2026

Apertura

N/Año
36
12026

T"
licitaciones,LiciPubli_025250-2_SinObjeto.pdf,https://quilmes.gov.ar/contrataciones/licpublicas/025250-2.pdf,2026-06-13,,3,"Solicitud de pedido

Pedido de Cotización o
Ne 653 N* 539
Llamado N* 1

Documento | Compra
Tipo N/Año
Expediente 1.466/2025

eS

Municipalidad de
Quilmes

Ejercicio: 2025

N?/Año
25
12025

Tipo
Licita"
licitaciones,LiciPubli_034230-1_SinObjeto.pdf,https://quilmes.gov.ar/contrataciones/licpublicas/034230-1.pdf,2026-06-13,,1,"de Pedido ye Cotización epa

Municipalidad de

Quilmes Llamado N* 1 Ejercicio: 2023
Documento! | Compra. | Apertura
Tipo N*/Año
Expediente 669/2023

Dependencia Solicitante SECRETARIA G.T.R.S.U.

Seño"
licitaciones,LiciPubli_014250-1_RefacciónIntegralPlazaSantoDomingo.pdf,https://quilmes.gov.ar/contrataciones/licpublicas/014250-1.pdf,2026-06-13,“Refacción Integral Plaza Santo Domingo”...,139,"SECRETARÍA DE DESARROLLO URBANO Y OBRA-PÚBLICA

APERTURA: 07/03/2025

DECRETO'N? 12025

OBJETO: “Refacción Integral Plaza Santo Domingo”

VALOR DEL PLIEGO: $300.000,00.- (Pesos Trescientos mil con 00/"
licitaciones,LiciPubli_009260-2_AdquisiciónDeLecheMaternizadaQue.pdf,https://quilmes.gov.ar/contrataciones/licpublicas/009260-2.pdf,2026-06-13,“Adquisición de leche maternizada que...,13,"2026

QUILMES

GOBIERNO

SECRETARÍA DE NIÑEZ Y DESARROLLO SOCIAL

APERTURA: 31/03/2026

A A, De

LICITACIÓN PÚBLICA N. * 09/2026

o O

OBJETO: “Adquisición de leche maternizada que serán utilizadas
pa"
licitaciones,LiciPubli_050220-2_SinObjeto.pdf,https://quilmes.gov.ar/contrataciones/licpublicas/050220-2.pdf,2026-06-13,,1,"QUILMES

GOBIERNO

Dirección Gral.de Licitaciones

Por medio de la presente, se deja constancia que la empresa
ennnnn nn nnnnnnnrnnnncnnnnnnnncnnnes efectuó la descarga en formato digital del Pliego d"
licitaciones,LiciPubli_051220-1_ObrasDeInfraestructuraUrbanaBarrio.pdf,https://quilmes.gov.ar/contrataciones/licpublicas/051220-1.pdf,2026-06-13,“Obras de infraestructura urbana Barrio...,113,"2022

0) QUILMES
GOBIERNO
ur

2022 - 40* Aniversario de Malvinas

S
. Ao
S .
SECRETARÍA DE DESARROLLO URBANO Y OBRA PUBLICA
<0
Yo)
APERTURA: 23/06/2022 OS

HORA: 14:00... Do...

EXPEDIE ” 4091-3288-D-"
licitaciones,LiciPubli_003240-1_SinObjeto.pdf,https://quilmes.gov.ar/contrataciones/licpublicas/003240-1.pdf,2026-06-13,,1,"Solicitud de pedido

Pedido de Cotización |” yy 253
N* 433
Llamado N' 1

Compra

Es
Municipalidad de
Quilmes

Ejercicio: 2024

Documento! |
Tipo N*/Año
Expediente 696/2024

Apertura

N*/Año
3
12024

T"
licitaciones,LiciPubli_012220-1_NuevoEdificioInstitutoSuperiorDe.pdf,https://quilmes.gov.ar/contrataciones/licpublicas/012220-1.pdf,2026-06-12,“Nuevo Edificio Instituto Superior de...,119,"SECRETARÍA DE EDUCAC, 2d
SÍ
O
APERTURA: 28/03/2022 PS o

-40: 9
HORA: 10:00 | R
o)

EXPEDIENTE Á? 4091-1557-D-2022

LICgpAÑÍoN PÚBLICA N* 12/2022...

DECRETO N* 12022.

OBJETO:“Nuevo Edificio Institut"
licitaciones,LiciPubli_025230-1_AdquisiciónDeIndumentariaParaLa.pdf,https://quilmes.gov.ar/contrataciones/licpublicas/025230-1.pdf,2026-06-13,ADQUISICIÓN DE INDUMENTARIA PARA LA...,26,"2023

QUILMES

GOBIERNO

de la Recuperación de la

SECRETARÍA DE SERVICIOS PÚBLICOS

APERTURA: 22/03/2023
HORA: 10:00

EXPEDIENTE N* 4091-1224-D-2023

LICITACIÓN PÚBLICA N* 25/2023

DECRETO N? 12023

"
licitaciones,LiciPubli_040220-2_SinObjeto.pdf,https://quilmes.gov.ar/contrataciones/licpublicas/040220-2.pdf,2026-06-13,,1,"QUILMES

GOBIERNO
Dirección Gral. de Licitaciones

Por medio de la presente, se deja constancia que la empresa
ennnnn nn nnnnnnnrnnnncnnnnnnnncnnnes efectuó la descarga en formato digital del Pliego d"
licitaciones,LiciPubli_019240-3_SinObjeto.pdf,https://quilmes.gov.ar/contrataciones/licpublicas/019240-3.pdf,2026-06-13,,13,"043219 :0931d 130 YOTVA

¿SOUI|INQ 9P OPE A ¡Sp 0.quap eoand ela ej

ep 0]jusjuuaqueuw [e eJed sejusjueJoy ap uorosmbpy,, :OL3PGO

vZ0Z/ oN 0.L3Y930

— YZOZ/SO/L| :VHUN.LUIAV

SO9NINA SOIDIAY3S 30 VIY"
licitaciones,LiciPubli_071230-4_SinObjeto.pdf,https://quilmes.gov.ar/contrataciones/licpublicas/071230-4.pdf,2026-06-13,,5,"eS

Municipalidad de

N* 2234

Pedido de Cotización

Solicitud de pedido

N* 1764

Quilmes Llamado N* 1 Ejercicio: 2023
Documento | Compra Apertura
Tipo N*/Año o. Tipo N%/Año Día Mes Año Hora
Expedien"
licitaciones,LiciPubli_041220-1_PuestaEnValorDelAcceso.pdf,https://quilmes.gov.ar/contrataciones/licpublicas/041220-1.pdf,2026-06-13,PuEsTA EN VALOR DEL ACCESO...,102,"2022
0) QUILMES

SECRETARÍA DE DESARROLLO URBANO EPR PÚBLICA

S
S
S
APERTURA: 30/os/2022 (O

Q

HORA: 10:00 S

EXPEDIENTE Ñ? 4091-3466-D-2022 |

LICGpAÍÓN PÚBLICA N*44/2022..

DECRETO N*  /2022|

OBJE"
licitaciones,LiciPubli_024240-3_SinObjeto.pdf,https://quilmes.gov.ar/contrataciones/licpublicas/024240-3.pdf,2026-06-13,,1,"Solicitud de pedido

Pedido de Cotización o
N? 1448 em
Llamado N? 1

Compra

eS

Municipalidad de
Quilmes

Ejercicio: 2024

Documento! |
Tipo N*/Año
Expediente 5.017/2024

Apertura

N%/Año
24
12024

T"
licitaciones,LiciPubli_013220-3_SinObjeto.pdf,https://quilmes.gov.ar/contrataciones/licpublicas/013220-3.pdf,2026-06-12,,8,"Solicitud de pedido

Pedido de Cotización .
mn de N* 816 N* 767

Quilmes Llamado N* 1 Ejercicio: 2022

Documento! | Compra. | Apertura
N*/Año
127/2022

Expediente

Dependencia Solicitante P Secretaria"
licitaciones,LiciPubli_064230-3_AdquisiciónDePañalesParaLa.pdf,https://quilmes.gov.ar/contrataciones/licpublicas/064230-3.pdf,2026-06-13,“ADQUISICIÓN DE PAÑALES PARA LA...,13,"2023

O quitmes
GOBIERNO

a
2023 - 40” Aniversario de la Recuperación de la
De

SECRETARÍA DE NIÑEZ Y DESARROLLO SOCIAL

APERTURA: 29/05/2023
HORA: 10:00

EXPEDIENTE N? 4091-5003-D-2023

LICITACIÓN PÚ"
licitaciones,LiciPubli_009220-1_RepavimentaciónEntreCordonesCunetasExistentes.pdf,https://quilmes.gov.ar/contrataciones/licpublicas/009220-1.pdf,2026-06-12,“Repavimentación entre cordones cunetas existentes...,74,"SECRETARÍA DE DESARROLLO unsapo a PÚBLICA
S
O
APERTURA: 2stog/2022 LO

on

AA e crm

- EXPEDIENTE se -1645-D-2022

DECRETO N* | /2022

OBJETO: “Repavimentación entre cordones cunetas existentes — Etap"
licitaciones,LiciPubli_043220-1_ProvisiónColocaciónDeArtefactos.pdf,https://quilmes.gov.ar/contrataciones/licpublicas/043220-1.pdf,2026-06-13,PROVISIÓN Y COLOCACIÓN DE ARTEFACTOS...,38,"2022

O quiLmes
GOBIERNO

ur

SECRETARÍA DE DESARROLLO URBANO Y OBRA
PUBLICA Os

Se
APERTURA: 01/06/2022 O
<0

do)

HORA: 11:00 Q
xO
EXPEDIENTE ia -4226-D-2022

SS

LICITA PÚBLICA N* 43/2022
xo

CRETO"
licitaciones,LiciPubli_006240-2_SinObjeto.pdf,https://quilmes.gov.ar/contrataciones/licpublicas/006240-2.pdf,2026-06-13,,1,"QUILMES

GOBIERNO

Dirección General de Contrataciones y Abastecimiento

Por medio de la presente, se deja constancia que la empresa
enn nnnnnnnnncnnnnnnnncnnannnnninnnes efectuó la descarga en format"
licitaciones,LiciPubli_037250-4_SinObjeto.pdf,https://quilmes.gov.ar/contrataciones/licpublicas/037250-4.pdf,2026-06-13,,10,"O quinmes
> A GOBIERNO

Quilmes, 26 de mayo de 2025

CIRCULAR SIN CONSULTA N? 1
LICITACIÓN PÚBLICA N? 37/2025

“SERVICIO ALIMENTARIO ESCOLAR Y MESA BONAERENSE”
ACLARACIÓN SIN CONSULTA N' 1

La Secreta"
licitaciones,LiciPubli_042230-1_PuestaEnValorDeEspacios.pdf,https://quilmes.gov.ar/contrataciones/licpublicas/042230-1.pdf,2026-06-13,Puesta en valor de espacios...,88,"SECRETARÍA DE CULTURAS Y A TES
S
O

APERTURA: 31/03/2023 e e

E

HORA: 12:00 xO

EXPEDIENTE aa aisna ;

vor PÚBLICA N* 42/2023.

DECRETO N*  /2023

OBJETO: Puesta en valor de espacios verdes-Museo del"
licitaciones,LiciPubli_050230-1_SinObjeto.pdf,https://quilmes.gov.ar/contrataciones/licpublicas/050230-1.pdf,2026-06-13,,1,"Solicitud de pedido

Pedido de Cotización o
N2 1522 N* 1405
Llamado N? 1

Compra

eS

Municipalidad de
Quilmes

Ejercicio: 2023

Documento! |
Tipo N*/Año
Expediente 3.441/2023

Apertura

N/Año
50
1202"
licitaciones,LiciPubli_001240-2_SinObjeto.pdf,https://quilmes.gov.ar/contrataciones/licpublicas/001240-2.pdf,2026-06-13,,1,"QUILMES

GOBIERNO

Dirección General de Contrataciones y Abastecimiento

Por medio de la presente, se deja constancia que la empresa
enn nnnnnnnnncnnnnnnnncnnannnnninnnes efectuó la descarga en format"
licitaciones,LiciPubli_004220-2_SinObjeto.pdf,https://quilmes.gov.ar/contrataciones/licpublicas/004220-2.pdf,2026-06-12,,1,"QUILMES

GOBIERNO

Dirección Gral. de Licitaciones

Por medio de la presente, se deja constancia que la empresa
ÓN efectuó la descarga en formato digital del Pliego de
Bases y Condiciones Generales y "
licitaciones,LiciPubli_008230-1_PlanMunicipalDeBacheo2023.pdf,https://quilmes.gov.ar/contrataciones/licpublicas/008230-1.pdf,2026-06-13,PLAN MUNICIPAL DE BACHEO 2023...,91,"SECRETARÍA DE DESARROLLO URBANO DORA PÚBLICA
S
O
«0

APERTURA: 02/03/2023 O

Q
HORA: 11:00 xO

O

EXPEDIENTE? 4091-641-D-2023..

cg gin PÚBLICA N*08/2023.

DECRETO N* 12023000000

OBJETO: PLAN MUNICIP"
licitaciones,LiciPubli_062230-1_ProvisiónColocaciónDeArtefactosLed.pdf,https://quilmes.gov.ar/contrataciones/licpublicas/062230-1.pdf,2026-06-13,“PROVISIÓN Y COLOCACIÓN DE ARTEFACTOS...,23,"2023

O quitmes
po GOBIERNO

SECRETARÍA DE SERVICIOS PÚBLICOS

AP
APERTURA: 01/88/2028.
úl
S

?
HORA: 40.00
Y

¿EXPEDIENTE N? 4091-4631-D-2023

LICITACIÓN PÚBLICA N* 62/2023.

DEPRETO NR ic

OBJETO: “"
licitaciones,LiciPubli_021240-2_SinObjeto.pdf,https://quilmes.gov.ar/contrataciones/licpublicas/021240-2.pdf,2026-06-13,,1,"QUILMES

GOBIERNO

Dirección General de Contrataciones y Abastecimiento

Por medio de la presente, se deja constancia que la empresa
enn nnnnnnnnncnnnnnnnncnnannnnninnnes efectuó la descarga en format"
licitaciones,LiciPubli_075230-2_SinObjeto.pdf,https://quilmes.gov.ar/contrataciones/licpublicas/075230-2.pdf,2026-06-13,,1,"QUILMES

GOBIERNO

2023 -40* Aniersaro de la Recuperación de la
Democracia

Dirección Gral. de Licitaciones

Por medio de la presente, se deja constancia que la empresa
enn nnnnnnnnncnnnnnnnncnnannnnn"
licitaciones,LiciPubli_035220-1_DesobstrucciónAdecuaciónDeConductos.pdf,https://quilmes.gov.ar/contrataciones/licpublicas/035220-1.pdf,2026-06-12,“Desobstrucción y adecuación de conductos...,64,"SECRETARÍA DE DESARROLLO URBANO:
Y OBRA PÚBLICA ENS

APERTURA: 20/05/2022,

HORA: 11:00

EXPEDIENTE SS 1-3384-D-2022

DECRETO NO

OBJETO: “Desobstrucción y adecuación de conductos
pluviales — Quilmes "
licitaciones,LiciPubli_046220-1_AdquisicionDeResmasDePapel.pdf,https://quilmes.gov.ar/contrataciones/licpublicas/046220-1.pdf,2026-06-13,,2,"Gestión y Asesoría S.R.L.

Buenos Aires, 3 de junio de 2022

MUNICIPALIDAD DE QUILMES
PRESENTE

De nuestra consideración:

Ref.: Licitación Pública N*: 46/2022

Por medio de la presente, nos dirigimos"
licitaciones,LiciPubli_080230-1_SinObjeto.pdf,https://quilmes.gov.ar/contrataciones/licpublicas/080230-1.pdf,2026-06-13,,2,"Pedido de Cotización | “wears
Ea N o 3 q 3 4 N* 3123

Municipalidad de

Quilmes Llamado N* 1 Ejercicio: 2023
Documento | Compra Apertura
Tipo N*/Año o. Tipo N%/Año Día Mes Año Hora
Expediente 9.580/20"
licitaciones,LiciPubli_002230-1_SinObjeto.pdf,https://quilmes.gov.ar/contrataciones/licpublicas/002230-1.pdf,2026-06-13,,3,"Solicitud de pedido

da Pedido de Cotización ye 30:
; N? 448

Municipalidad de

Quilmes Llamado N* 1 Ejercicio: 2023
Documento | Compra Apertura
Tipo N*/Año o. Tipo N%/Año Día Mes Año Hora
Expediente "
licitaciones,LiciPubli_042220-1_IndumentariaDeTrabajoParaEl.pdf,https://quilmes.gov.ar/contrataciones/licpublicas/042220-1.pdf,2026-06-13,INDUMENTARIA DE TRABAJO PARA EL...,29,"SECRETARÍA DE G.I.R.S.U.

RESRETO »” 22022

OBJETO: INDUMENTARIA DE TRABAJO PARA EL PERSONAL
PERTENECIENTE A LA SECRETARIA G./.R.S.U.

VALOR DEL PLIEGO: Gratuito"
licitaciones,LiciPubli_049250-1_CompletamientoDe11ViviendasObras.pdf,https://quilmes.gov.ar/contrataciones/licpublicas/049250-1.pdf,2026-06-13,"COMPLETAMIENTO DE 11 VIVIENDAS, OBRAS...",254,"2025

QUILMES
GOBIERNO

2025 - HOMENAJE A LA MEMORIA Y LEGADO DE SU SANTIDAD PAPA FRANCISCO

SECRETARÍA DE DESARROLLO URBANO Y/OBRA PÚBLICA

APERTURA: 11/09/2025

DECRETO N* 12025

OBJETO: COMPLETAMIE"
licitaciones,LiciPubli_067230-3_MaterialesEléctricosParaElMantenimiento.pdf,https://quilmes.gov.ar/contrataciones/licpublicas/067230-3.pdf,2026-06-13,“Materiales eléctricos para el mantenimiento...,14,"2023

QUILMES

GOBIERNO

nd
2023 - 40* Aniversario de la Recuperación de la

Democracia

SECRETARÍA DE SERVICIOS PÚBLICOS

APERTURA: 15/06/2028.

HORA: 10:00

EXPEDIENTE N* 4091-6547-D-2023

LICITACIÓ"
licitaciones,LiciPubli_042250-1_ConsolidaciónDeLaConectividadEn.pdf,https://quilmes.gov.ar/contrataciones/licpublicas/042250-1.pdf,2026-06-13,“Consolidación de la Conectividad en...,99,"2025

O QUILMES
ps GOBIERNO

2025 - HOMENAJE A LA MEMORIA Y LEGADO DE SU SANTIDAD PAPA FRANCISCO

— SECRETARÍA DE DESARROLLO URBANO Y OBRA PÚBLICA

APERTURA: 08/07/2025

— EXPEDIENTE N*.4091-4899-D-20"
licitaciones,LiciPubli_008250-1_SinObjeto.pdf,https://quilmes.gov.ar/contrataciones/licpublicas/008250-1.pdf,2026-06-13,,1,"Solicitud de pedido

Pedido de Cotización ""yy 33;
N* 316
Llamado N' 1

Compra

eS

Municipalidad de
Quilmes

Ejercicio: 2025

Documento! |
Tipo N*/Año
Expediente 731/2025

Apertura

N*/Año
8
12025

Ti"
licitaciones,LiciPubli_005240-4_SinObjeto.pdf,https://quilmes.gov.ar/contrataciones/licpublicas/005240-4.pdf,2026-06-13,,2,"Quilmes, 26 de febrero de 2024

CIRCULAR CON CONSULTA N? 1
LICITACIÓN PÚBLICA N? 05/2024

“ADQUISICIÓN DE AUTOELEVADOR”

La Secretaría de Niñez y Desarrollo Social comunica la presente Circular que
pa"
licitaciones,LiciPubli_014220-1_AdquisicionDeMedicamentosPara.pdf,https://quilmes.gov.ar/contrataciones/licpublicas/014220-1.pdf,2026-06-12,ADQUISICION DE MEDICAMENTOS PARA ZOONOSIS...,14,"SECRETARIA DE SALUD

APERTURA: 06/04/2022

HORA: 10:00

EXPEDIENTE N* 4091-2131-D-2022

LICITACIÓN PUBLICA N? 14/2022

DECRETO N*/2022

OBJETO: ADQUISICION DE MEDICAMENTOS PARA
ZOONOSIS"
licitaciones,LiciPubli_019230-1_SinObjeto.pdf,https://quilmes.gov.ar/contrataciones/licpublicas/019230-1.pdf,2026-06-13,,1,"Solicitud de pedido

Pedido de Cotización o
N2 626 N* 439
Llamado N? 1

Compra

eS

Municipalidad de
Quilmes

Ejercicio: 2023

Documento! |
Tipo N*/Año
Expediente 989/2023

Apertura

N%/Año
19
12023

"
licitaciones,LiciPubli_031260-1_PavimentaciónMejoramientoUrbanoEnZona.pdf,https://quilmes.gov.ar/contrataciones/licpublicas/031260-1.pdf,2026-06-13,“Pavimentación y Mejoramiento Urbano en...,124,"2026

QUILMES
SÍ GOBIERNO

DE LA DICTADURA CÍVICO-MILITAR
DAD Y JUSTICIA

SECRETARÍA DE DESARROLLO URBANO Y/OBRA PÚBLICA

APERTURA: 04/06/2026

ma

DECRETO N*? 12026

OBJETO: “Pavimentación y Mejorami"
licitaciones,LiciPubli_003240-2_SinObjeto.pdf,https://quilmes.gov.ar/contrataciones/licpublicas/003240-2.pdf,2026-06-13,,1,"QUILMES

GOBIERNO
uy

Dirección Gral. de Contrataciones y Abastecimiento

Por medio de la presente, se deja constancia que la empresa
enn nnnnnnnnncnnnnnnnncnnannnnninnnes efectuó la descarga en forma"
licitaciones,LiciPubli_003230-5_CotizarSusCondicionesEnEl.pdf,https://quilmes.gov.ar/contrataciones/licpublicas/003230-5.pdf,2026-06-13,,34,"Gestión y Asesoria S.R.L.
Ae so ña SR!

C.A.B.A., 3 de febrero de 2023

Señores

Municipalidad de Quilmes

-Ref: LICITACION PUBLICA N* 3/2023

De nuestra consideración:

Por medio de la presente solic"
licitaciones,LiciPubli_030260-1_PolideportivoSantoDomingo.pdf,https://quilmes.gov.ar/contrataciones/licpublicas/030260-1.pdf,2026-06-13,POLIDEPORTIVO SANTO DOMINGO VALOR DEL...,284,"SECRETARÍA DE DESARROLLO URBANO/Y OBRA PÚBLICA

APERTURA: 19/05/2026

DECRETO N*? 12026

OBJETO: POLIDEPORTIVO SANTO DOMINGO

VALOR DEL PLIEGO: $9.510.457,00.- (Pesos Nueve millones quinientos diez mi"
licitaciones,LiciPubli_040240-1_AdquisiciónDeInsumos.pdf,https://quilmes.gov.ar/contrataciones/licpublicas/040240-1.pdf,2026-06-13,“Adquisición de insumos distintos centros...,13,"2024

QUILMES

GOBIERNO

2024-25*Aniversario dela Universidad
Nacional de Quilmes.

SECRETARÍA DE SALUD

APERTURA: 02/09/2024

DECRETO N? 12024

OBJETO: “Adquisición de insumos
distintos centros de la"
licitaciones,LiciPubli_023260-1_SinObjeto.pdf,https://quilmes.gov.ar/contrataciones/licpublicas/023260-1.pdf,2026-06-13,,2,"Solicitud de pedido

Pedido de Cotización o
Sa. N? 1036 NP 1148

Quilmes Llamado N* 1 Ejercicio: 2026

Documento | Compra. | Apertura
N/Año
822/2026

Expediente

Dependencia Solicitante ADM. Y CONDUCC"
licitaciones,LiciPubli_027260-1_BaseOperativaPedemonte.pdf,https://quilmes.gov.ar/contrataciones/licpublicas/027260-1.pdf,2026-06-13,BASE OPERATIVA PEDEMONTE f VALOR...,134,"2026

QUILMES
GOBIERNO

2028 - A 50 AÑOS DE LA DICTADURA CÍVICO-MILTAR
NIEMORIA, VERDAD Y JUSTICIA

SECRETARÍA DE DESARROLLO URBANO Y OBRA PÚBLICA

APERTURA: 14/05/2026

DECRETO N*? 12026

OBJETO: BAS"
licitaciones,LiciPubli_034230-2_SinObjeto.pdf,https://quilmes.gov.ar/contrataciones/licpublicas/034230-2.pdf,2026-06-13,,1,"QUILMES

GOBIERNO

==
2023 - 40* Aniversario de la Recuperación de la
Democracia

Dirección Gral. de Licitaciones

Por medio de la presente, se deja constancia que la empresa
enn nnnnnnnnncnnnnnnnncnn"
licitaciones,LiciPubli_007240-2_SinObjeto.pdf,https://quilmes.gov.ar/contrataciones/licpublicas/007240-2.pdf,2026-06-13,,1,"QUILMES

GOBIERNO

Dirección General de Contrataciones y Abastecimiento

Por medio de la presente, se deja constancia que la empresa
enn nnnnnnnnncnnnnnnnncnnannnnninnnes efectuó la descarga en format"
licitaciones,LiciPubli_075230-1_SinObjeto.pdf,https://quilmes.gov.ar/contrataciones/licpublicas/075230-1.pdf,2026-06-13,,1,"Solicitud de pedido

Pedido de Cotización o
Ea N2 2637 N* 2483

Municipalidad de

Quilmes Llamado N* 1 Ejercicio: 2023
Documento! | Compra. | Apertura
Tipo N*/Año Día Mes Año
Expediente 393/2023 21 7 "
licitaciones,LiciPubli_004230-2_AdquisiciónDeHormigónParaMantenimiento.pdf,https://quilmes.gov.ar/contrataciones/licpublicas/004230-2.pdf,2026-06-13,Adquisición de hormigón para mantenimiento...,16,"2023

QUILMES

GOBIERNO

sá
2023 - 40* Aniversario de la Recuperación de la
Democracia

SECRETARÍA DE SERVICIOS PÚBLICOS

APERTURA: 16/02/2023

HORA: 10:00

OBJETO: Adquisición de hormigón para manten"
licitaciones,LiciPubli_022220-3_SinObjeto.pdf,https://quilmes.gov.ar/contrataciones/licpublicas/022220-3.pdf,2026-06-12,,1,"Solicitud de pedido

Pedido de Cotización o
MM N? 917 N 719

Quilmes Llamado N* 1 Ejercicio: 2022

Documento! | Compra. | Apertura
N*/Año
384/2022

Expediente

Dependencia Solicitante S Secretaria De "
licitaciones,LiciPubli_031250-2_SinObjeto.pdf,https://quilmes.gov.ar/contrataciones/licpublicas/031250-2.pdf,2026-06-13,,12,"o
SECRETARÍA DE SALUD Y

APERTURA: 24/04/2025 ZO. ñ

Lo
HORA: 10:00 Q

EXPEDIENTE N” «AN: os MOP

>
LICITACIÓN PUBLICA N* 31/2025
O

IS

SY Bs “Adquisición de medicamentos para el Centro de

Zoonosis”"
licitaciones,LiciPubli_030250-2_AdquisiciónDeMedicamentos.pdf,https://quilmes.gov.ar/contrataciones/licpublicas/030250-2.pdf,2026-06-13,“ADQUISICIÓN DE MEDICAMENTOS” VALOR DEL...,12,"SECRETARÍA DE SALUD

APERTURA: 03/04/2025

LICITACIÓN PÚBLICA N? 30202

DECREOA"" 12088

OBJETO: “ADQUISICIÓN DE MEDICAMENTOS”

VALOR DEL PLIEGO: $724.617,00.- (Pesos Setecientos veinticuatro mil
seisc"
licitaciones,LiciPubli_002240-4_SinObjeto.pdf,https://quilmes.gov.ar/contrataciones/licpublicas/002240-4.pdf,2026-06-13,,2,"Quilmes, 8 de febrero de 2024

CIRCULAR CON CONSULTA NS? 1
LICITACION PÚBLICA N' 02/2024

“Adquisición de resmas de papel A4 y Oficio”

La Secretaría de Hacienda comunica la presente Circular que pasa"
licitaciones,LiciPubli_027250-1_ServicioDeMantenimientoDelaRed.pdf,https://quilmes.gov.ar/contrataciones/licpublicas/027250-1.pdf,2026-06-13,“SERVICIO DE MANTENIMIENTO DELA RED...,19,"SECRETARÍA DE SEGURIDAD Y ORDENAMIENTO URBANO

APERTURA: 28/03/2025

15]

DECRETO N? 12025

OBJETO: “SERVICIO DE MANTENIMIENTO DELA RED DE
MONITOREO”

VALOR DEL PLIEGO: Gratuito

""DD,
0 das

PAR
SECRE"
licitaciones,LiciPubli_074230-4_DeLaPresenteLicitaciónEs.pdf,https://quilmes.gov.ar/contrataciones/licpublicas/074230-4.pdf,2026-06-13,,1,"O Quitmes
po GOBIERNO

2023 - 40* Aniversario de la Recuperación de la
Democracia

Quilmes, 5 de julio de 2023

CIRCULAR SIN CONSULTA N? 1
LICITACION PÚBLICA N* 74/2023

“SERVICIO DE LAVADO, PLANCHADO"
licitaciones,LiciPubli_013250-3_KitsDeUtilesEscolares.pdf,https://quilmes.gov.ar/contrataciones/licpublicas/013250-3.pdf,2026-06-13,“KITS DE UTILES ESCOLARES” VALOR...,20,"2025

QUILMES

GOBIERNO

SECRETARÍA DE EDUCACION, CULTURAS Y DEPORTES

APERTURA: 20/02/2025

DECRETO N? 12025

OBJETO: “KITS DE UTILES ESCOLARES”

VALOR DEL PLIEGO: Gratuito"
licitaciones,LiciPubli_035260-3_ServicioAlimentarioEscolarSae.pdf,https://quilmes.gov.ar/contrataciones/licpublicas/035260-3.pdf,2026-06-13,SERVICIO ALIMENTARIO ESCOLAR (SAE) VALOR...,65,"2026

QUILMES
GOBIERNO

2026 - A 50 AÑOS DE LA DICTADURA CÍVICO-MILITAR
MEMORIA, VERDAD Y JUSTICIA

SECRETARIA DE EDUCACIÓN Y CULTURA

APERTURA: 26/06/2026

HORA: 10:00

EXPEDIENTE NC: 4091-4402-D-202"
licitaciones,LiciPubli_038220-1_SinObjeto.pdf,https://quilmes.gov.ar/contrataciones/licpublicas/038220-1.pdf,2026-06-13,,200,"PLIEGO E

DE LICITACIÓN :
PARA LA CONTRATACIÓN
DE OBRAS

BUENOS AIRES

ENERO 2022

PROGRAMA MEJORAMIENTO DE BARRIOS IV
CONTRATO DE PRÉSTAMO 3458/15 OC-AR

¿4% Territorial y Hábitat

Ministerio de Desa"
licitaciones,LiciPubli_014260-2_AdquisiciónDeChapasTirantesAlfajias.pdf,https://quilmes.gov.ar/contrataciones/licpublicas/014260-2.pdf,2026-06-13,"“ADQUISICIÓN DE CHAPAS, TIRANTES Y...",13,"2026
) QUILMES

GOBIERNO

SECRETARÍA DE NIÑEZ Y DESARROLLO SOCIAL

APERTURA: 08/04/2026... 40
HORA ic

EXPEDIENTE N. * 409111936-D-2026

LICITACIÓN PÚBLICA N. * 14/2026

pi ci II

OBJETO: “ADQUISICIÓN"
licitaciones,LiciPubli_001220-1_AdquisiciónDeKitsEscolaresPara.pdf,https://quilmes.gov.ar/contrataciones/licpublicas/001220-1.pdf,2026-06-12,ADQUISICIÓN DE KITS ESCOLARES PARA...,22,"SECRETARÍA DE EDUCACIÓN

APERTURA: 04/02/2022

HORA: 12:00

EXPEDIENTE N* 4091-318-D-2022

LICITACIÓN PÚBLICA N* 01/2022

DECRETO NP? 12022

OBJETO: ADQUISICIÓN DE KITS ESCOLARES PARA
ESTABLECIMIENTOS"
licitaciones,LiciPubli_036250-1_PavimentaciónEnQuilmesOesteEtapa.pdf,https://quilmes.gov.ar/contrataciones/licpublicas/036250-1.pdf,2026-06-13,“Pavimentación en Quilmes Oeste -...,99,"2025

UILMES

GOBIERNO
—»

SECRETARÍA DE DESARROLLO URBANO Y OBRA PÚBLICA

APERTURA: 05/06/2025

DECRETON? /2025

OBJETO: “Pavimentación en Quilmes Oeste - Etapa II”

VALOR DEL PLIEGO: $1.000.000,00.-"
licitaciones,LiciPubli_035240-2_SinObjeto.pdf,https://quilmes.gov.ar/contrataciones/licpublicas/035240-2.pdf,2026-06-13,,1,"QUILMES

GOBIERNO

Dirección General de Contrataciones y Abastecimiento

Por medio de la presente, se deja constancia que la empresa
enn nnnnnnnnncnnnnnnnncnnannnnninnnes efectuó la descarga en format"
licitaciones,LiciPubli_011260-1_ConsolidaciónDeLaConectividadEn.pdf,https://quilmes.gov.ar/contrataciones/licpublicas/011260-1.pdf,2026-06-13,“Consolidación de la Conectividad en...,104,"2026

QUILMES

GOBIERNO

SECRETARÍA DE DESARROLLO URBANO Y OBRA PÚBLICA

APERTURA: 06/04/2026
HORA: 10:00.
EXPEDIENTE N*.4091-1600-D-2026

LICITACIÓN PÚBLICA N* 11/2026

DEGRETO N*  /2026

OBJETO: “Co"
licitaciones,LiciPubli_018250-1_AdquisiciónDeCamasColchonesFrazadas.pdf,https://quilmes.gov.ar/contrataciones/licpublicas/018250-1.pdf,2026-06-13,"“Adquisición de camas, colchones y...",12,"SECRETARÍA DE NIÑEZ Y DESARROLLO ¡SOCIAL

APERTURA: 10/03/2025

DECRETO N* 12025

OBJETO: “Adquisición de camas, colchones y frazadas”

VALOR DEL PLIEGO: $425.850,00.- (Pesos Cuatrocientos veinticinco"
licitaciones,LiciPubli_001230-2_SinObjeto.pdf,https://quilmes.gov.ar/contrataciones/licpublicas/001230-2.pdf,2026-06-13,,1,"QUILMES

GOBIERNO

==
2023 - 40* Aniversario de la Recuperación de la
Democracia

Dirección Gral. de Licitaciones

Por medio de la presente, se deja constancia que la empresa
enn nnnnnnnnncnnnnnnnncnn"
licitaciones,LiciPubli_047240-2_SinObjeto.pdf,https://quilmes.gov.ar/contrataciones/licpublicas/047240-2.pdf,2026-06-13,,1,"QUILMES

GOBIERNO

2024-35* Aniversario de la Universidad
Nacional de Quilmes

Dirección General de Contrataciones y Abastecimiento

Por medio de la presente, se deja constancia que la empresa
enn nnn"
licitaciones,LiciPubli_023230-1_SinObjeto.pdf,https://quilmes.gov.ar/contrataciones/licpublicas/023230-1.pdf,2026-06-13,,62,"ILMES | secretaría de Desarrollo
So 81ERN o | Urbano y Obra Pública

==

SECRETARÍA DE DESARROLLO URBANO Y OBRA PÚBLICA

Por medio de la presente, se informa que por un error involuntario en la Memori"
licitaciones,LiciPubli_004250-1_PlanMunicipalDeBacheo2025.pdf,https://quilmes.gov.ar/contrataciones/licpublicas/004250-1.pdf,2026-06-13,“Plan Municipal de Bacheo 2025...,94,"2025

UILMES

GOBIERNO
dl

SECRETARÍA DE DESARROLLO URBANO Y OBRA'PÚBLICA

DECRETO 'N? 12025
OBJETO: “Plan Municipal de Bacheo 2025 - Etapa l”

VALOR DEL PLIEGO: $300.000,00.- (Pesos Trescientos mil c"
licitaciones,LiciPubli_056230-1_SinObjeto.pdf,https://quilmes.gov.ar/contrataciones/licpublicas/056230-1.pdf,2026-06-13,,1,"Solicitud de pedido

Pedido de Cotización o
N* 1724 10
Llamado N? 1

Compra

eS

Municipalidad de
Quilmes

Ejercicio: 2023

Documento! |
Tipo N*/Año
Expediente 4.125/2023

Apertura

N/Año
56
12023

Ti"
licitaciones,LiciPubli_022220-2_SinObjeto.pdf,https://quilmes.gov.ar/contrataciones/licpublicas/022220-2.pdf,2026-06-12,,1,"QUILMES

GOBIERNO

Dirección Gral.de Licitaciones

Por medio de la presente, se deja constancia que la empresa
ennnnn nn nnnnnnnrnnnncnnnnnnnncnnnes efectuó la descarga en formato digital del Pliego d"
licitaciones,LiciPubli_020260-2_SinObjeto.pdf,https://quilmes.gov.ar/contrataciones/licpublicas/020260-2.pdf,2026-06-13,,21,"2026

QUILMES
GOBIERNO

2026 - A SO AÑOS DE LA DICTADURA CÍVICO-MILTAR
MEMORIA, VERDAD Y JUSTICIA

SECRETARÍA DE AMBIENTE Y GESTIÓN IN AL DE
RESIDUOS SÓLIDOS URBANOS S.U.)

VALOR DEL PLIEGO: $12.414.8"
licitaciones,LiciPubli_040240-3_SinObjeto.pdf,https://quilmes.gov.ar/contrataciones/licpublicas/040240-3.pdf,2026-06-13,,6,"eS

Municipalidad de

Pedido de Cotización

N* 2308
Llamado N* 1

Solicitud de pedido
N* 2087

Ejercicio: 2024

SeñO""............

Quilmes
Documento | Compra Apertura
Tipo N*/Año Tipo N%/Año
Expedient"
licitaciones,LiciPubli_025220-2_SinObjeto.pdf,https://quilmes.gov.ar/contrataciones/licpublicas/025220-2.pdf,2026-06-12,,1,"QUILMES

GOBIERNO

Dirección Gral.de Licitaciones

Por medio de la presente, se deja constancia que la empresa
ennnnn nn nnnnnnnrnnnncnnnnnnnncnnnes efectuó la descarga en formato digital del Pliego d"
licitaciones,LiciPubli_049230-3_MedicaciónParaDistintosCentrosDe.pdf,https://quilmes.gov.ar/contrataciones/licpublicas/049230-3.pdf,2026-06-13,“MEDICACIÓN PARA DISTINTOS CENTROS DE...,13,"SECRETARÍA DE SALUD

APERTURA: 25/04/2023

HORA: 10:00

EXPEDIENTE N* 4091-3414-D-2023

LICITACIÓN PÚBLICA N* 49/2023

DECRETO N*

OBJETO: “MEDICACIÓN PARA DISTINTOS CENTROS DE SALUD”

VALOR DEL PLIEG"
licitaciones,LiciPubli_023240-1_HallEnHospitalMéndezDa.pdf,https://quilmes.gov.ar/contrataciones/licpublicas/023240-1.pdf,2026-06-13,“Hall en Hospital Méndez” Da...,41,"NO-gOBRA PÚBLICA

SY

SECRETARÍA DE DESARROLLO URBA

a /
ra. CILIA SOLE
OBJETO: “Hall en Hospital Méndez” Da o

Mi

/

ar

VALOR DEL PLIEGO: $300.000,00.- (Pesos Trescientos mil con 00/100).-"
licitaciones,LiciPubli_051250-2_SinObjeto.pdf,https://quilmes.gov.ar/contrataciones/licpublicas/051250-2.pdf,2026-06-13,,1,"QUILMES

GOBIERNO

2025 - HOMENAJE A LA MEMORIA Y LEGADO DE SU SANTIDAD PAPA FRANCISCO

Dirección General de Contrataciones y Abastecimiento

Por medio de la presente, se deja constancia que la empres"
licitaciones,LiciPubli_047230-1_EquipamientoComunitarioBarrioKm13.pdf,https://quilmes.gov.ar/contrataciones/licpublicas/047230-1.pdf,2026-06-13,“Equipamiento comunitario - Barrio Km...,178,"SECRETARÍA DE DESARROLLO O RA PÚBLICA
S

O

APERTURA: 17/04/2023 PS El

HORA: 12:00

EXPEDIENTE Ñ? 4091-2745-D-2023

LICPAÑÍÓN PÚBLICA N* 47/2023

DECRETO N* 12023

OBJETO: “Equipamiento comunitario -"
licitaciones,LiciPubli_024220-1_ReadecuacionCentroDeTratamiento.pdf,https://quilmes.gov.ar/contrataciones/licpublicas/024220-1.pdf,2026-06-12,READECUACION CENTRO DE TRATAMIENTO Y...,201,"2022
0) UILMES
> GOBIERNO
SECRETARÍA DE DESARROLLO URBANO Y OBRA PÚBLICA

APERTURA-21/04/2022

O
HOBÍDi1:00
EXPEDIENTE N* 4091-2458-D-2022

LICITACIÓN PÚBLICA N* 24/2022.

DECRETO N?  /2022

OBJETO:RE"
licitaciones,LiciPubli_059230-1_RepavimentacionBarrioGuemes.pdf,https://quilmes.gov.ar/contrataciones/licpublicas/059230-1.pdf,2026-06-13,REPAVIMENTACION BARRIO GUEMES VALOR DEL...,68,"2023

QUILMES
GOBIERNO

ur
2023 - 40* Aniversario de la Recuperación de
Democracia

SECRETARÍA DE DESARROLLO URSANO-.Q8a PÚBLICA
S
O
APERTURA: 22/05/2023 SA o

Q

HORA: 10:00

O
ESA Nce14200.D:2003 a
"
licitaciones,LiciPubli_049230-1_SinObjeto.pdf,https://quilmes.gov.ar/contrataciones/licpublicas/049230-1.pdf,2026-06-13,,12,"eS

Municipalidad de

N* 1329

Pedido de Cotización

Solicitud de pedido

N? 1374

Quilmes Llamado N* 1 Ejercicio: 2023
Documento | Compra Apertura
Tipo N*/Año o. Tipo N%/Año Día Mes Año Hora
Expedien"
licitaciones,LiciPubli_019250-1_SinObjeto.pdf,https://quilmes.gov.ar/contrataciones/licpublicas/019250-1.pdf,2026-06-13,,1,"Solicitud de pedido

Pedido de Cotización o
N? 394 ne
Llamado N? 1

Compra

eS

Municipalidad de
Quilmes

Ejercicio: 2025

Documento! |
Tipo N*/Año
Expediente 1.237/2025

Apertura

N%/Año
19
12025

Ti"
licitaciones,LiciPubli_010220-1_SinObjeto.pdf,https://quilmes.gov.ar/contrataciones/licpublicas/010220-1.pdf,2026-06-12,,1,"Quilmes, 22 de marzo de 2022

CIRCULAR SIN CONSULTA N? 1
LICITACION PÚBLICA N? 10/2022

“PASO BAJO NIVEL CALLES LAPRIDA-DORREGO”

La Secretaria de Desarrollo Urbano y Obra Pública comunica la presente"
licitaciones,LiciPubli_014220-2_SinObjeto.pdf,https://quilmes.gov.ar/contrataciones/licpublicas/014220-2.pdf,2026-06-12,,1,"QUILMES

GOBIERNO

Dirección Gral.de Licitaciones

Por medio de la presente, se deja constancia que la empresa
ennnnn nn nnnnnnnrnnnncnnnnnnnncnnnes efectuó la descarga en formato digital del Pliego d"
licitaciones,LiciPubli_034250-4_DeLaPresenteLicitaciónDebe.pdf,https://quilmes.gov.ar/contrataciones/licpublicas/034250-4.pdf,2026-06-13,,3,"QUILMES

GOBIERNO

Quilmes, 15 de mayo de 2025

CIRCULAR CON CONSULTA N? 1
LICITACIÓN PÚBLICA N? 34/2025

“ADQUISICIÓN DE MOBILIARIO PARA ESTABLECIMIENTOS EDUCATIVOS”

La Secretaria de Educación, Cult"
licitaciones,LiciPubli_064230-1_SinObjeto.pdf,https://quilmes.gov.ar/contrataciones/licpublicas/064230-1.pdf,2026-06-13,,2,"de Pedido de Cotización A

Municipalidad de

Quilmes Llamado N* 1 Ejercicio: 2023
Documento! | Compra. | Apertura
Tipo N*/Año
Expediente 003/2023

Dependencia Solicitante D Secretaria De Desarrollo So"
licitaciones,LiciPubli_040220-3_SinObjeto.pdf,https://quilmes.gov.ar/contrataciones/licpublicas/040220-3.pdf,2026-06-13,,1,"Solicitud de pedido

Pedido de Cotización o
MM N? 1485 N 1433

Quilmes Llamado N* 1 Ejercicio: 2022

Documento! | Compra. | Apertura
N*/Año
090/2022

Expediente

Dependencia Solicitante U Secretaria D"
licitaciones,LiciPubli_031240-1_SinObjeto.pdf,https://quilmes.gov.ar/contrataciones/licpublicas/031240-1.pdf,2026-06-13,,204,"a

2024

QUILMES

GOBIERNO

2024-35*Aniversariode la Universidad
Nacional de Quilmes

SECRETARÍA DE DESARROLLO URSANODOSRA PÚBLICA

DAD DE QUILMES"
licitaciones,LiciPubli_055250-2_SinObjeto.pdf,https://quilmes.gov.ar/contrataciones/licpublicas/055250-2.pdf,2026-06-13,,1,"QUILMES

GOBIERNO

2025 - HOMENAJE A LA MEMORIA Y LEGADO DE SU SANTIDAD PAPA FRANCISCO

Dirección General de Contrataciones y Abastecimiento

Por medio de la presente, se deja constancia que la empres"
licitaciones,LiciPubli_052230-1_SinObjeto.pdf,https://quilmes.gov.ar/contrataciones/licpublicas/052230-1.pdf,2026-06-13,,5,"eS

Municipalidad de

N* 1657

Pedido de Cotización

Solicitud de pedido

N* 1575

Quilmes Llamado N* 1 Ejercicio: 2023
Documento | Compra Apertura
Tipo N*/Año o. Tipo N%/Año Día Mes Año Hora
Expedien"
licitaciones,LiciPubli_048250-1_RefacciónAmpliaciónDeCasaDe.pdf,https://quilmes.gov.ar/contrataciones/licpublicas/048250-1.pdf,2026-06-13,REFACCIÓN Y AMPLIACIÓN DE “CASA...,86,"DS

2025

QUILMES
GOBIERNO

2025 - HOMENAJE A LA MEMORIA Y LEGADO DE SU SANTIDAD PAPA FRANCISCO

SECRETARÍA DE NIÑEZ Y DESARROLLO SOCIAL

APERTURA: 03/09/2025

DECRETO N* 12025

OBJETO: REFACCIÓN Y AM"
licitaciones,LiciPubli_079230-2_SinObjeto.pdf,https://quilmes.gov.ar/contrataciones/licpublicas/079230-2.pdf,2026-06-13,,1,"QUILMES

GOBIERNO

2023 -40* Aniersaro de la Recuperación de la
Democracia

Dirección Gral. de Licitaciones

Por medio de la presente, se deja constancia que la empresa
enn nnnnnnnnncnnnnnnnncnnannnnn"
licitaciones,LiciPubli_027220-1_AdquisiciónDeEquipamientoInformáticoQue.pdf,https://quilmes.gov.ar/contrataciones/licpublicas/027220-1.pdf,2026-06-12,“Adquisición de equipamiento informático que...,17,"SECRETARÍA DE DESARROLLO ECONOMICO

APERTURA: 27/04/2022

LICITACIÓN PÚBLICA N* 27/2022

DECRETO N? 12022

OBJETO: “Adquisición de equipamiento informático que será utilizado
en aulas y salas de capac"
licitaciones,LiciPubli_041250-1_SinObjeto.pdf,https://quilmes.gov.ar/contrataciones/licpublicas/041250-1.pdf,2026-06-13,,1,"Solicitud de pedido

Pedido de Cotización o
N* 1536 nes
Llamado N? 1

Compra

eS

Municipalidad de
Quilmes

Ejercicio: 2025

Documento! |
Tipo N*/Año
Expediente 4.852/2025

Apertura

N%/Año
41
12025

"
licitaciones,LiciPubli_071230-3_DeLaPresenteLicitaciónSe.pdf,https://quilmes.gov.ar/contrataciones/licpublicas/071230-3.pdf,2026-06-13,,2,"O QUILMES
GOBIERNO
dd

Quilmes, 13 de junio de 2023

CIRCULAR CON CONSULTA N* 1
LICITACION PÚBLICA NO 71/2023

“SERVICIO ALIMENTARIO ESCOLAR Y MESA BONAERENSE”

La Secretaría de Educación comunica la "
licitaciones,LiciPubli_001220-3_SinObjeto.pdf,https://quilmes.gov.ar/contrataciones/licpublicas/001220-3.pdf,2026-06-12,,1,"Solicitud de pedido

Ea Pedido de Cotización No 67
Municipalidad de N? 71

Quilmes Llamado N* 1 Ejercicio: 2022

Documento! | Compra. | Apertura
N*/Año
318/2022

Expediente

Dependencia Solicitante Y "
licitaciones,LiciPubli_016250-1_RefacciónIntegralPlazaBelén.pdf,https://quilmes.gov.ar/contrataciones/licpublicas/016250-1.pdf,2026-06-13,“Refacción Integral Plaza Belén” VALOR...,143,"2025

UILMES

GOBIERNO
ur

SECRETARÍA DE DESARROLLO URBANO Y OBRA'PÚBLICA

APERTURA: 10/03/2025

DECRETO 'N? 12025
OBJETO: “Refacción Integral Plaza Belén”

VALOR DEL PLIEGO: $300.000,00.- (Pesos Tres"
licitaciones,LiciPubli_004260-1_SinObjeto.pdf,https://quilmes.gov.ar/contrataciones/licpublicas/004260-1.pdf,2026-06-13,,1,"QUILMES
GOBIERNO

2025 -A 50 AÑOS DE LA DICTADURA CÍVICO-MILITAR
MEMORIA, VERDAD Y JUSTICIA.

Quilmes, 05 de febrero de 2026

CIRCULAR SIN CONSULTA N' 4
LICITACION PÚBLICA N' 04/2026

“Sistema de Esta"
licitaciones,LiciPubli_001220-4_SinObjeto.pdf,https://quilmes.gov.ar/contrataciones/licpublicas/001220-4.pdf,2026-06-12,,1,"o)
o
w E
a
zm
o

Quilmes, 28 de enero de 2022

CIRCULAR SIN CONSULTA N* 4

LICITACION PÚBLICA N* 01/2022

“ADQUISICIÓN DE KITS ESCOLARES PARA LOS ESTABLECIMIENTOS
EDUCATIVOS NIVEL PRIMARIO Y NIVEL INI"
licitaciones,LiciPubli_042240-2_SinObjeto.pdf,https://quilmes.gov.ar/contrataciones/licpublicas/042240-2.pdf,2026-06-13,,1,"QUILMES

GOBIERNO

2024-35* Aniversario de la Universidad
Nacional de Quilmes

Dirección General de Contrataciones y Abastecimiento

Por medio de la presente, se deja constancia que la empresa
enn nnn"
licitaciones,LiciPubli_032220-1_SinObjeto.pdf,https://quilmes.gov.ar/contrataciones/licpublicas/032220-1.pdf,2026-06-12,,1,"Quilmes, 5 de mayo de 2022

CIRCULAR SIN CONSULTA NC 1
LICITACION PUBLICA N* 32/2022

“Terminación de 80 viviendas Barrio Memoria, Verdad y Justicia”
La Secretaria de Desarrollo Urbano y Obra Pública "
licitaciones,LiciPubli_011220-1_SinObjeto.pdf,https://quilmes.gov.ar/contrataciones/licpublicas/011220-1.pdf,2026-06-12,,1,"Ogu

""E
ES
z mi
o

o
m

Quilmes, 22 de marzo de 2022

CIRCULAR SIN CONSULTA N' 1
LICITACION PÚBLICA N* 11/2022

“PASO BAJO NIVEL CALLE REPUBLICA DEL LIBANO Y VIAS DEL
FERROCARRIL GENERAL ROCA”

La Sec"
licitaciones,LiciPubli_001230-3_AlquilerDeRetropalasMinicargadoras.pdf,https://quilmes.gov.ar/contrataciones/licpublicas/001230-3.pdf,2026-06-13,ALQUILER DE RETROPALAS Y MINICARGADORAS...,14,"2023

O QuiLmes
GOBIERNO

2023 - 40” Aniversario de la Recuperación de la
Democracia

SECRETARÍA DE G.I.R.S.U

APERTURA: 10/02/2023 0000000

HORA: 10:00

EXPEDIENTE N* 4091-241-D-2023 |

LICITACIÓN PÚ"
licitaciones,LiciPubli_024240-1_AdquisicionDeCamasDePino.pdf,https://quilmes.gov.ar/contrataciones/licpublicas/024240-1.pdf,2026-06-13,“ADQUISICION DE CAMAS DE PINO”...,12,"2024

QUILMES

GOBIERNO

SECRETARÍA DE NIÑEZ Y DESARROLLO SOCIAL

APERTURA: 24/06/2024

DECRETO N? 12024

OBJETO: “ADQUISICION DE CAMAS DE PINO”

VALOR DEL PLIEGO: Gratuito"
licitaciones,LiciPubli_034250-5_SinObjeto.pdf,https://quilmes.gov.ar/contrataciones/licpublicas/034250-5.pdf,2026-06-13,,10,"Quilmes, 15 de Mayo de 2025

CIRCULAR CON CONSULTA N* 2
LICITACIÓN PÚBLICA N' 34/2025

“Adquisición de mobiliario para establecimientos educativos”.
La Secretaria de Educación, Culturas y Deportes com"
licitaciones,LiciPubli_019230-2_SinObjeto.pdf,https://quilmes.gov.ar/contrataciones/licpublicas/019230-2.pdf,2026-06-13,,1,"QUILMES

GOBIERNO

==
2023 - 40* Aniversario de la Recuperación de la
Democracia

Dirección Gral. de Licitaciones

Por medio de la presente, se deja constancia que la empresa
enn nnnnnnnnncnnnnnnnncnn"
licitaciones,LiciPubli_027220-4_SinObjeto.pdf,https://quilmes.gov.ar/contrataciones/licpublicas/027220-4.pdf,2026-06-12,,1,"o

€
E
e
zm
om

Quilmes, 20 de abril de 2022

CIRCULAR SIN CONSULTA N? 1
LICITACION PÚBLICA N' 27/2022

“ELEMENTOS DE TECNOLOGIA — QUILMES TEC”

La Secretaría de Desarrollo Económico comunica la prese"
licitaciones,LiciPubli_006240-3_AdquisicionDeKitsEscolares.pdf,https://quilmes.gov.ar/contrataciones/licpublicas/006240-3.pdf,2026-06-13,“ADQUISICION DE KITS ESCOLARES” VALOR...,18,"2024

O quiLMes
>-—S GOBIERNO

SECRETARÍA DE EDUCACION CULTURAS Y DEPORTES

APERTURA: 26/02/2024

DECRETO N? 12024

OBJETO: “ADQUISICION DE KITS ESCOLARES”

VALOR DEL PLIEGO: Gratuito"
licitaciones,LiciPubli_061230-1_SinObjeto.pdf,https://quilmes.gov.ar/contrataciones/licpublicas/061230-1.pdf,2026-06-13,,1,"Solicitud de pedido

Pedido de Cotización o
N? 1914 Ntra
Llamado N? 1

Compra

eS

Municipalidad de
Quilmes

Ejercicio: 2023

Documento! |
Tipo N*/Año
Expediente 4.616/2023

Apertura

N%/Año
61
12023
"
licitaciones,LiciPubli_025230-2_SinObjeto.pdf,https://quilmes.gov.ar/contrataciones/licpublicas/025230-2.pdf,2026-06-13,,1,"QUILMES

GOBIERNO

==
2023 - 40* Aniversario de la Recuperación de la
Democracia

Dirección Gral. de Licitaciones

Por medio de la presente, se deja constancia que la empresa
enn nnnnnnnnncnnnnnnnncnn"
licitaciones,LiciPubli_044220-1_BacheoSuperficialEnConcretoAsfaltico.pdf,https://quilmes.gov.ar/contrataciones/licpublicas/044220-1.pdf,2026-06-13,BACHEO SUPERFICIAL EN CONCRETO ASFALTICO...,53,"2022

Ó ILMES
GOBIERNO

dl

SECRETARÍA DE DESARROLLO URBANO yA PÚBLICA

APERTURA: 06/06/2022 SA o

HORA: 10:00

EXPEDIENTE? 4091-4364-D-2022 >

LiogpoÍóN PÚBLICA N*%44/2022 0000

DECRETO NN? /2022

OB"
licitaciones,LiciPubli_038240-1_ObraPiletaSemiOlímpicaCubierta.pdf,https://quilmes.gov.ar/contrataciones/licpublicas/038240-1.pdf,2026-06-13,Obra: “Pileta semi olímpica cubierta...,137,"SECRETARÍA DE DESARROLLO URBANO Y OBRA PÚBLICA

APERTURA: 27/08/2024

DECRETO N* 12024

OBJETO: Obra: “Pileta semi olímpica cubierta en Av. Ferrocarril

y Monteverde”

VALOR DEL PLIEGO: $300.000,00.- "
licitaciones,LiciPubli_002250-2_SinObjeto.pdf,https://quilmes.gov.ar/contrataciones/licpublicas/002250-2.pdf,2026-06-13,,1,"QUILMES

GOBIERNO

Dirección General de Contrataciones y Abastecimiento

Por medio de la presente, se deja constancia que la empresa
enn nnnnnnnnncnnnnnnnncnnannnnninnnes efectuó la descarga en format"
licitaciones,LiciPubli_045220-1_DesobstrucciónAdecuaciónDeConductos.pdf,https://quilmes.gov.ar/contrataciones/licpublicas/045220-1.pdf,2026-06-13,“Desobstrucción y adecuación de conductos...,63,"EXPEDIENTE 2091 -4224-D-202

0)
vcgagi onu N* 45/2022

DECRETO N? 12022

OBJETO: “Desobstrucción y adecuación de conductos
pluviales — Quilmes Oeste — Etapa 2”

VALOR DEL PLIEGO: $ 1.000.000,00.- (Pes"
